time,depth,latitude,longitude,so,thetao
01/01/2024 00:00,0.494025,-6.0833335,105.250015,33.03554,29.614788
01/01/2024 01:00,0.494025,-6.0833335,105.250015,33.04244,29.638922
01/01/2024 02:00,0.494025,-6.0833335,105.250015,33.04665,29.68892
01/01/2024 03:00,0.494025,-6.0833335,105.250015,33.047638,29.7461
01/01/2024 04:00,0.494025,-6.0833335,105.250015,33.048565,29.806011
01/01/2024 05:00,0.494025,-6.0833335,105.250015,33.04464,29.86747
01/01/2024 06:00,0.494025,-6.0833335,105.250015,33.040527,29.888662
01/01/2024 07:00,0.494025,-6.0833335,105.250015,33.039806,29.90129
01/01/2024 08:00,0.494025,-6.0833335,105.250015,33.046112,29.905788
01/01/2024 09:00,0.494025,-6.0833335,105.250015,33.053337,29.885954
01/01/2024 10:00,0.494025,-6.0833335,105.250015,33.057358,29.849455
01/01/2024 11:00,0.494025,-6.0833335,105.250015,33.060593,29.808252
01/01/2024 12:00,0.494025,-6.0833335,105.250015,33.059364,29.77325
01/01/2024 13:00,0.494025,-6.0833335,105.250015,33.05835,29.742132
01/01/2024 14:00,0.494025,-6.0833335,105.250015,33.046707,29.709797
01/01/2024 15:00,0.494025,-6.0833335,105.250015,33.040073,29.683805
01/01/2024 16:00,0.494025,-6.0833335,105.250015,33.04409,29.672523
01/01/2024 17:00,0.494025,-6.0833335,105.250015,33.044827,29.660131
01/01/2024 18:00,0.494025,-6.0833335,105.250015,33.043797,29.642647
01/01/2024 19:00,0.494025,-6.0833335,105.250015,33.043304,29.620747
01/01/2024 20:00,0.494025,-6.0833335,105.250015,33.03819,29.595078
01/01/2024 21:00,0.494025,-6.0833335,105.250015,33.02136,29.565664
01/01/2024 22:00,0.494025,-6.0833335,105.250015,33.01221,29.537327
01/01/2024 23:00,0.494025,-6.0833335,105.250015,33.015205,29.52651
02/01/2024 00:00,0.494025,-6.0833335,105.250015,33.01181,29.52201
02/01/2024 01:00,0.494025,-6.0833335,105.250015,33.01007,29.533058
02/01/2024 02:00,0.494025,-6.0833335,105.250015,33.011147,29.571978
02/01/2024 03:00,0.494025,-6.0833335,105.250015,33.009335,29.628721
02/01/2024 04:00,0.494025,-6.0833335,105.250015,33.008904,29.708559
02/01/2024 05:00,0.494025,-6.0833335,105.250015,33.010265,29.8337
02/01/2024 06:00,0.494025,-6.0833335,105.250015,33.011196,29.927296
02/01/2024 07:00,0.494025,-6.0833335,105.250015,33.012844,29.964985
02/01/2024 08:00,0.494025,-6.0833335,105.250015,33.019333,29.94901
02/01/2024 09:00,0.494025,-6.0833335,105.250015,33.02801,29.899536
02/01/2024 10:00,0.494025,-6.0833335,105.250015,33.025787,29.856028
02/01/2024 11:00,0.494025,-6.0833335,105.250015,33.013992,29.81255
02/01/2024 12:00,0.494025,-6.0833335,105.250015,33.005726,29.771132
02/01/2024 13:00,0.494025,-6.0833335,105.250015,33.00965,29.733332
02/01/2024 14:00,0.494025,-6.0833335,105.250015,33.00779,29.698135
02/01/2024 15:00,0.494025,-6.0833335,105.250015,32.998997,29.65506
02/01/2024 16:00,0.494025,-6.0833335,105.250015,33.000244,29.60696
02/01/2024 17:00,0.494025,-6.0833335,105.250015,33.00896,29.561344
02/01/2024 18:00,0.494025,-6.0833335,105.250015,33.014576,29.52382
02/01/2024 19:00,0.494025,-6.0833335,105.250015,33.016827,29.483301
02/01/2024 20:00,0.494025,-6.0833335,105.250015,33.013134,29.437311
02/01/2024 21:00,0.494025,-6.0833335,105.250015,33.001568,29.3925
02/01/2024 22:00,0.494025,-6.0833335,105.250015,32.986618,29.347013
02/01/2024 23:00,0.494025,-6.0833335,105.250015,32.982437,29.298931
03/01/2024 00:00,0.494025,-6.0833335,105.250015,32.98293,29.272053
03/01/2024 01:00,0.494025,-6.0833335,105.250015,32.979942,29.276106
03/01/2024 02:00,0.494025,-6.0833335,105.250015,32.970314,29.319723
03/01/2024 03:00,0.494025,-6.0833335,105.250015,32.940323,29.42502
03/01/2024 04:00,0.494025,-6.0833335,105.250015,32.913483,29.563454
03/01/2024 05:00,0.494025,-6.0833335,105.250015,32.91027,29.730606
03/01/2024 06:00,0.494025,-6.0833335,105.250015,32.91321,29.796532
03/01/2024 07:00,0.494025,-6.0833335,105.250015,32.91479,29.792562
03/01/2024 08:00,0.494025,-6.0833335,105.250015,32.922382,29.725609
03/01/2024 09:00,0.494025,-6.0833335,105.250015,32.952225,29.654812
03/01/2024 10:00,0.494025,-6.0833335,105.250015,32.97817,29.59898
03/01/2024 11:00,0.494025,-6.0833335,105.250015,33.006012,29.538
03/01/2024 12:00,0.494025,-6.0833335,105.250015,33.028313,29.48787
03/01/2024 13:00,0.494025,-6.0833335,105.250015,33.051926,29.444729
03/01/2024 14:00,0.494025,-6.0833335,105.250015,33.06513,29.407328
03/01/2024 15:00,0.494025,-6.0833335,105.250015,33.058033,29.365267
03/01/2024 16:00,0.494025,-6.0833335,105.250015,33.063663,29.326403
03/01/2024 17:00,0.494025,-6.0833335,105.250015,33.084145,29.293278
03/01/2024 18:00,0.494025,-6.0833335,105.250015,33.10428,29.253256
03/01/2024 19:00,0.494025,-6.0833335,105.250015,33.12725,29.212698
03/01/2024 20:00,0.494025,-6.0833335,105.250015,33.15126,29.17243
03/01/2024 21:00,0.494025,-6.0833335,105.250015,33.175407,29.131231
03/01/2024 22:00,0.494025,-6.0833335,105.250015,33.19749,29.096643
03/01/2024 23:00,0.494025,-6.0833335,105.250015,33.21112,29.069017
04/01/2024 00:00,0.494025,-6.0833335,105.250015,33.22685,29.048677
04/01/2024 01:00,0.494025,-6.0833335,105.250015,33.247128,29.041573
04/01/2024 02:00,0.494025,-6.0833335,105.250015,33.260605,29.057703
04/01/2024 03:00,0.494025,-6.0833335,105.250015,33.259438,29.08205
04/01/2024 04:00,0.494025,-6.0833335,105.250015,33.255306,29.102652
04/01/2024 05:00,0.494025,-6.0833335,105.250015,33.2541,29.180141
04/01/2024 06:00,0.494025,-6.0833335,105.250015,33.247143,29.32473
04/01/2024 07:00,0.494025,-6.0833335,105.250015,33.23452,29.4016
04/01/2024 08:00,0.494025,-6.0833335,105.250015,33.19443,29.408262
04/01/2024 09:00,0.494025,-6.0833335,105.250015,33.11709,29.378319
04/01/2024 10:00,0.494025,-6.0833335,105.250015,33.048767,29.30282
04/01/2024 11:00,0.494025,-6.0833335,105.250015,32.994854,29.221678
04/01/2024 12:00,0.494025,-6.0833335,105.250015,32.996002,29.219475
04/01/2024 13:00,0.494025,-6.0833335,105.250015,32.981625,29.192774
04/01/2024 14:00,0.494025,-6.0833335,105.250015,32.981052,29.173475
04/01/2024 15:00,0.494025,-6.0833335,105.250015,32.981747,29.155107
04/01/2024 16:00,0.494025,-6.0833335,105.250015,32.989635,29.135387
04/01/2024 17:00,0.494025,-6.0833335,105.250015,32.998108,29.118464
04/01/2024 18:00,0.494025,-6.0833335,105.250015,33.006363,29.089212
04/01/2024 19:00,0.494025,-6.0833335,105.250015,33.020775,29.060978
04/01/2024 20:00,0.494025,-6.0833335,105.250015,33.0333,29.037367
04/01/2024 21:00,0.494025,-6.0833335,105.250015,33.04623,29.016106
04/01/2024 22:00,0.494025,-6.0833335,105.250015,33.05906,28.992563
04/01/2024 23:00,0.494025,-6.0833335,105.250015,33.072483,28.968508
05/01/2024 00:00,0.494025,-6.0833335,105.250015,33.089157,28.95801
05/01/2024 01:00,0.494025,-6.0833335,105.250015,33.114895,28.969553
05/01/2024 02:00,0.494025,-6.0833335,105.250015,33.14614,29.00885
05/01/2024 03:00,0.494025,-6.0833335,105.250015,33.167095,29.07699
05/01/2024 04:00,0.494025,-6.0833335,105.250015,33.18108,29.177582
05/01/2024 05:00,0.494025,-6.0833335,105.250015,33.192085,29.322784
05/01/2024 06:00,0.494025,-6.0833335,105.250015,33.201885,29.540228
05/01/2024 07:00,0.494025,-6.0833335,105.250015,33.20994,29.773647
05/01/2024 08:00,0.494025,-6.0833335,105.250015,33.21651,29.928238
05/01/2024 09:00,0.494025,-6.0833335,105.250015,33.22181,29.939762
05/01/2024 10:00,0.494025,-6.0833335,105.250015,33.223297,29.770697
05/01/2024 11:00,0.494025,-6.0833335,105.250015,33.216213,29.651783
05/01/2024 12:00,0.494025,-6.0833335,105.250015,33.209003,29.587229
05/01/2024 13:00,0.494025,-6.0833335,105.250015,33.211308,29.495918
05/01/2024 14:00,0.494025,-6.0833335,105.250015,33.21465,29.40199
05/01/2024 15:00,0.494025,-6.0833335,105.250015,33.21368,29.346508
05/01/2024 16:00,0.494025,-6.0833335,105.250015,33.20816,29.310799
05/01/2024 17:00,0.494025,-6.0833335,105.250015,33.202377,29.27856
05/01/2024 18:00,0.494025,-6.0833335,105.250015,33.19569,29.245306
05/01/2024 19:00,0.494025,-6.0833335,105.250015,33.18375,29.21238
05/01/2024 20:00,0.494025,-6.0833335,105.250015,33.166233,29.185701
05/01/2024 21:00,0.494025,-6.0833335,105.250015,33.149582,29.150507
05/01/2024 22:00,0.494025,-6.0833335,105.250015,33.13983,29.115385
05/01/2024 23:00,0.494025,-6.0833335,105.250015,33.141197,29.106627
06/01/2024 00:00,0.494025,-6.0833335,105.250015,33.134777,29.110928
06/01/2024 01:00,0.494025,-6.0833335,105.250015,33.127567,29.14605
06/01/2024 02:00,0.494025,-6.0833335,105.250015,33.12197,29.215881
06/01/2024 03:00,0.494025,-6.0833335,105.250015,33.120594,29.313145
06/01/2024 04:00,0.494025,-6.0833335,105.250015,33.12417,29.424166
06/01/2024 05:00,0.494025,-6.0833335,105.250015,33.135094,29.50552
06/01/2024 06:00,0.494025,-6.0833335,105.250015,33.154396,29.558998
06/01/2024 07:00,0.494025,-6.0833335,105.250015,33.196827,29.58241
06/01/2024 08:00,0.494025,-6.0833335,105.250015,33.25704,29.550655
06/01/2024 09:00,0.494025,-6.0833335,105.250015,33.312378,29.499397
06/01/2024 10:00,0.494025,-6.0833335,105.250015,33.355545,29.444605
06/01/2024 11:00,0.494025,-6.0833335,105.250015,33.398495,29.373234
06/01/2024 12:00,0.494025,-6.0833335,105.250015,33.427773,29.311014
06/01/2024 13:00,0.494025,-6.0833335,105.250015,33.44869,29.256075
06/01/2024 14:00,0.494025,-6.0833335,105.250015,33.473755,29.210217
06/01/2024 15:00,0.494025,-6.0833335,105.250015,33.49984,29.165098
06/01/2024 16:00,0.494025,-6.0833335,105.250015,33.52642,29.111303
06/01/2024 17:00,0.494025,-6.0833335,105.250015,33.546227,29.06357
06/01/2024 18:00,0.494025,-6.0833335,105.250015,33.53631,29.023117
06/01/2024 19:00,0.494025,-6.0833335,105.250015,33.521114,28.992416
06/01/2024 20:00,0.494025,-6.0833335,105.250015,33.514927,28.970108
06/01/2024 21:00,0.494025,-6.0833335,105.250015,33.510674,28.953068
06/01/2024 22:00,0.494025,-6.0833335,105.250015,33.491184,28.943205
06/01/2024 23:00,0.494025,-6.0833335,105.250015,33.46251,28.94948
07/01/2024 00:00,0.494025,-6.0833335,105.250015,33.4222,28.967827
07/01/2024 01:00,0.494025,-6.0833335,105.250015,33.38532,29.004465
07/01/2024 02:00,0.494025,-6.0833335,105.250015,33.354767,29.06942
07/01/2024 03:00,0.494025,-6.0833335,105.250015,33.32318,29.158699
07/01/2024 04:00,0.494025,-6.0833335,105.250015,33.294205,29.25973
07/01/2024 05:00,0.494025,-6.0833335,105.250015,33.269512,29.361938
07/01/2024 06:00,0.494025,-6.0833335,105.250015,33.249527,29.450586
07/01/2024 07:00,0.494025,-6.0833335,105.250015,33.2357,29.500341
07/01/2024 08:00,0.494025,-6.0833335,105.250015,33.223248,29.524567
07/01/2024 09:00,0.494025,-6.0833335,105.250015,33.207928,29.526894
07/01/2024 10:00,0.494025,-6.0833335,105.250015,33.188778,29.505648
07/01/2024 11:00,0.494025,-6.0833335,105.250015,33.167366,29.479511
07/01/2024 12:00,0.494025,-6.0833335,105.250015,33.14385,29.446056
07/01/2024 13:00,0.494025,-6.0833335,105.250015,33.114365,29.417267
07/01/2024 14:00,0.494025,-6.0833335,105.250015,33.08747,29.397026
07/01/2024 15:00,0.494025,-6.0833335,105.250015,33.06147,29.378536
07/01/2024 16:00,0.494025,-6.0833335,105.250015,33.037823,29.359962
07/01/2024 17:00,0.494025,-6.0833335,105.250015,33.016766,29.338825
07/01/2024 18:00,0.494025,-6.0833335,105.250015,32.999138,29.315594
07/01/2024 19:00,0.494025,-6.0833335,105.250015,32.986443,29.291983
07/01/2024 20:00,0.494025,-6.0833335,105.250015,32.977657,29.26717
07/01/2024 21:00,0.494025,-6.0833335,105.250015,32.971737,29.242905
07/01/2024 22:00,0.494025,-6.0833335,105.250015,32.966724,29.219677
07/01/2024 23:00,0.494025,-6.0833335,105.250015,32.958946,29.195396
08/01/2024 00:00,0.494025,-6.0833335,105.250015,32.95146,29.172861
08/01/2024 01:00,0.494025,-6.0833335,105.250015,32.9487,29.177044
08/01/2024 02:00,0.494025,-6.0833335,105.250015,32.946644,29.219393
08/01/2024 03:00,0.494025,-6.0833335,105.250015,32.943924,29.306488
08/01/2024 04:00,0.494025,-6.0833335,105.250015,32.942574,29.449183
08/01/2024 05:00,0.494025,-6.0833335,105.250015,32.943012,29.645918
08/01/2024 06:00,0.494025,-6.0833335,105.250015,32.945366,29.859959
08/01/2024 07:00,0.494025,-6.0833335,105.250015,32.949615,30.036636
08/01/2024 08:00,0.494025,-6.0833335,105.250015,32.959496,30.1154
08/01/2024 09:00,0.494025,-6.0833335,105.250015,32.980747,30.053045
08/01/2024 10:00,0.494025,-6.0833335,105.250015,33.001415,29.936695
08/01/2024 11:00,0.494025,-6.0833335,105.250015,33.025623,29.806526
08/01/2024 12:00,0.494025,-6.0833335,105.250015,33.034878,29.741678
08/01/2024 13:00,0.494025,-6.0833335,105.250015,33.042046,29.68228
08/01/2024 14:00,0.494025,-6.0833335,105.250015,33.055134,29.617853
08/01/2024 15:00,0.494025,-6.0833335,105.250015,33.094757,29.528362
08/01/2024 16:00,0.494025,-6.0833335,105.250015,33.119083,29.47208
08/01/2024 17:00,0.494025,-6.0833335,105.250015,33.13495,29.43057
08/01/2024 18:00,0.494025,-6.0833335,105.250015,33.146008,29.385687
08/01/2024 19:00,0.494025,-6.0833335,105.250015,33.15722,29.339556
08/01/2024 20:00,0.494025,-6.0833335,105.250015,33.16726,29.294968
08/01/2024 21:00,0.494025,-6.0833335,105.250015,33.17766,29.253242
08/01/2024 22:00,0.494025,-6.0833335,105.250015,33.18911,29.213501
08/01/2024 23:00,0.494025,-6.0833335,105.250015,33.20009,29.183039
09/01/2024 00:00,0.494025,-6.0833335,105.250015,33.210667,29.168356
09/01/2024 01:00,0.494025,-6.0833335,105.250015,33.220592,29.20197
09/01/2024 02:00,0.494025,-6.0833335,105.250015,33.229366,29.288343
09/01/2024 03:00,0.494025,-6.0833335,105.250015,33.237297,29.40891
09/01/2024 04:00,0.494025,-6.0833335,105.250015,33.245,29.506659
09/01/2024 05:00,0.494025,-6.0833335,105.250015,33.253357,29.594488
09/01/2024 06:00,0.494025,-6.0833335,105.250015,33.262646,29.638397
09/01/2024 07:00,0.494025,-6.0833335,105.250015,33.27177,29.6362
09/01/2024 08:00,0.494025,-6.0833335,105.250015,33.29669,29.609463
09/01/2024 09:00,0.494025,-6.0833335,105.250015,33.318626,29.571354
09/01/2024 10:00,0.494025,-6.0833335,105.250015,33.327915,29.537212
09/01/2024 11:00,0.494025,-6.0833335,105.250015,33.327553,29.505056
09/01/2024 12:00,0.494025,-6.0833335,105.250015,33.32321,29.473509
09/01/2024 13:00,0.494025,-6.0833335,105.250015,33.317184,29.444792
09/01/2024 14:00,0.494025,-6.0833335,105.250015,33.312824,29.413557
09/01/2024 15:00,0.494025,-6.0833335,105.250015,33.307926,29.383709
09/01/2024 16:00,0.494025,-6.0833335,105.250015,33.30222,29.359133
09/01/2024 17:00,0.494025,-6.0833335,105.250015,33.297398,29.334227
09/01/2024 18:00,0.494025,-6.0833335,105.250015,33.295235,29.313011
09/01/2024 19:00,0.494025,-6.0833335,105.250015,33.29372,29.302044
09/01/2024 20:00,0.494025,-6.0833335,105.250015,33.2832,29.291367
09/01/2024 21:00,0.494025,-6.0833335,105.250015,33.269596,29.274586
09/01/2024 22:00,0.494025,-6.0833335,105.250015,33.258266,29.256813
09/01/2024 23:00,0.494025,-6.0833335,105.250015,33.24747,29.244356
10/01/2024 00:00,0.494025,-6.0833335,105.250015,33.236572,29.255075
10/01/2024 01:00,0.494025,-6.0833335,105.250015,33.223896,29.298422
10/01/2024 02:00,0.494025,-6.0833335,105.250015,33.207657,29.348467
10/01/2024 03:00,0.494025,-6.0833335,105.250015,33.194397,29.416115
10/01/2024 04:00,0.494025,-6.0833335,105.250015,33.185005,29.513386
10/01/2024 05:00,0.494025,-6.0833335,105.250015,33.173878,29.621317
10/01/2024 06:00,0.494025,-6.0833335,105.250015,33.16247,29.709953
10/01/2024 07:00,0.494025,-6.0833335,105.250015,33.15044,29.762295
10/01/2024 08:00,0.494025,-6.0833335,105.250015,33.14567,29.769659
10/01/2024 09:00,0.494025,-6.0833335,105.250015,33.147865,29.747522
10/01/2024 10:00,0.494025,-6.0833335,105.250015,33.145367,29.720438
10/01/2024 11:00,0.494025,-6.0833335,105.250015,33.143345,29.678267
10/01/2024 12:00,0.494025,-6.0833335,105.250015,33.12742,29.633303
10/01/2024 13:00,0.494025,-6.0833335,105.250015,33.113464,29.594418
10/01/2024 14:00,0.494025,-6.0833335,105.250015,33.09737,29.564571
10/01/2024 15:00,0.494025,-6.0833335,105.250015,33.07465,29.537706
10/01/2024 16:00,0.494025,-6.0833335,105.250015,33.033928,29.508154
10/01/2024 17:00,0.494025,-6.0833335,105.250015,32.99586,29.484465
10/01/2024 18:00,0.494025,-6.0833335,105.250015,32.994705,29.468618
10/01/2024 19:00,0.494025,-6.0833335,105.250015,32.992928,29.444498
10/01/2024 20:00,0.494025,-6.0833335,105.250015,32.989727,29.418295
10/01/2024 21:00,0.494025,-6.0833335,105.250015,32.98425,29.396809
10/01/2024 22:00,0.494025,-6.0833335,105.250015,32.96619,29.38178
10/01/2024 23:00,0.494025,-6.0833335,105.250015,32.947,29.373669
11/01/2024 00:00,0.494025,-6.0833335,105.250015,32.942448,29.388927
11/01/2024 01:00,0.494025,-6.0833335,105.250015,32.938705,29.41015
11/01/2024 02:00,0.494025,-6.0833335,105.250015,32.92025,29.439358
11/01/2024 03:00,0.494025,-6.0833335,105.250015,32.905674,29.471975
11/01/2024 04:00,0.494025,-6.0833335,105.250015,32.901638,29.498316
11/01/2024 05:00,0.494025,-6.0833335,105.250015,32.89854,29.516012
11/01/2024 06:00,0.494025,-6.0833335,105.250015,32.904266,29.518705
11/01/2024 07:00,0.494025,-6.0833335,105.250015,32.919495,29.512257
11/01/2024 08:00,0.494025,-6.0833335,105.250015,32.93496,29.4928
11/01/2024 09:00,0.494025,-6.0833335,105.250015,32.952446,29.46907
11/01/2024 10:00,0.494025,-6.0833335,105.250015,32.962692,29.439266
11/01/2024 11:00,0.494025,-6.0833335,105.250015,32.97983,29.403433
11/01/2024 12:00,0.494025,-6.0833335,105.250015,33.00075,29.369713
11/01/2024 13:00,0.494025,-6.0833335,105.250015,33.02287,29.340437
11/01/2024 14:00,0.494025,-6.0833335,105.250015,33.040787,29.306633
11/01/2024 15:00,0.494025,-6.0833335,105.250015,33.05512,29.273708
11/01/2024 16:00,0.494025,-6.0833335,105.250015,33.071934,29.241983
11/01/2024 17:00,0.494025,-6.0833335,105.250015,33.095688,29.208359
11/01/2024 18:00,0.494025,-6.0833335,105.250015,33.125874,29.172993
11/01/2024 19:00,0.494025,-6.0833335,105.250015,33.160866,29.134087
11/01/2024 20:00,0.494025,-6.0833335,105.250015,33.192368,29.093977
11/01/2024 21:00,0.494025,-6.0833335,105.250015,33.21173,29.053802
11/01/2024 22:00,0.494025,-6.0833335,105.250015,33.222744,29.01443
11/01/2024 23:00,0.494025,-6.0833335,105.250015,33.235943,28.978422
12/01/2024 00:00,0.494025,-6.0833335,105.250015,33.261124,28.953154
12/01/2024 01:00,0.494025,-6.0833335,105.250015,33.289795,28.938047
12/01/2024 02:00,0.494025,-6.0833335,105.250015,33.316372,28.94098
12/01/2024 03:00,0.494025,-6.0833335,105.250015,33.336258,28.96195
12/01/2024 04:00,0.494025,-6.0833335,105.250015,33.35107,28.988241
12/01/2024 05:00,0.494025,-6.0833335,105.250015,33.3653,29.031126
12/01/2024 06:00,0.494025,-6.0833335,105.250015,33.37857,29.090023
12/01/2024 07:00,0.494025,-6.0833335,105.250015,33.393192,29.123274
12/01/2024 08:00,0.494025,-6.0833335,105.250015,33.409767,29.13211
12/01/2024 09:00,0.494025,-6.0833335,105.250015,33.42903,29.118534
12/01/2024 10:00,0.494025,-6.0833335,105.250015,33.449333,29.087831
12/01/2024 11:00,0.494025,-6.0833335,105.250015,33.46957,29.050497
12/01/2024 12:00,0.494025,-6.0833335,105.250015,33.489613,29.017906
12/01/2024 13:00,0.494025,-6.0833335,105.250015,33.508945,28.98973
12/01/2024 14:00,0.494025,-6.0833335,105.250015,33.526577,28.964987
12/01/2024 15:00,0.494025,-6.0833335,105.250015,33.53793,28.941097
12/01/2024 16:00,0.494025,-6.0833335,105.250015,33.54868,28.916353
12/01/2024 17:00,0.494025,-6.0833335,105.250015,33.5578,28.894245
12/01/2024 18:00,0.494025,-6.0833335,105.250015,33.5665,28.870363
12/01/2024 19:00,0.494025,-6.0833335,105.250015,33.57751,28.84571
12/01/2024 20:00,0.494025,-6.0833335,105.250015,33.58779,28.81976
12/01/2024 21:00,0.494025,-6.0833335,105.250015,33.599236,28.798481
12/01/2024 22:00,0.494025,-6.0833335,105.250015,33.611717,28.77801
12/01/2024 23:00,0.494025,-6.0833335,105.250015,33.616287,28.755167
13/01/2024 00:00,0.494025,-6.0833335,105.250015,33.62056,28.739845
13/01/2024 01:00,0.494025,-6.0833335,105.250015,33.618713,28.739536
13/01/2024 02:00,0.494025,-6.0833335,105.250015,33.61779,28.746735
13/01/2024 03:00,0.494025,-6.0833335,105.250015,33.621693,28.763649
13/01/2024 04:00,0.494025,-6.0833335,105.250015,33.627335,28.77954
13/01/2024 05:00,0.494025,-6.0833335,105.250015,33.640198,28.797173
13/01/2024 06:00,0.494025,-6.0833335,105.250015,33.653206,28.808796
13/01/2024 07:00,0.494025,-6.0833335,105.250015,33.662243,28.819813
13/01/2024 08:00,0.494025,-6.0833335,105.250015,33.670624,28.830183
13/01/2024 09:00,0.494025,-6.0833335,105.250015,33.682255,28.829065
13/01/2024 10:00,0.494025,-6.0833335,105.250015,33.696297,28.817314
13/01/2024 11:00,0.494025,-6.0833335,105.250015,33.7109,28.798265
13/01/2024 12:00,0.494025,-6.0833335,105.250015,33.725163,28.778435
13/01/2024 13:00,0.494025,-6.0833335,105.250015,33.73804,28.75888
13/01/2024 14:00,0.494025,-6.0833335,105.250015,33.750214,28.740282
13/01/2024 15:00,0.494025,-6.0833335,105.250015,33.76205,28.722982
13/01/2024 16:00,0.494025,-6.0833335,105.250015,33.774075,28.707716
13/01/2024 17:00,0.494025,-6.0833335,105.250015,33.78444,28.694
13/01/2024 18:00,0.494025,-6.0833335,105.250015,33.791355,28.679108
13/01/2024 19:00,0.494025,-6.0833335,105.250015,33.801365,28.667261
13/01/2024 20:00,0.494025,-6.0833335,105.250015,33.812443,28.658516
13/01/2024 21:00,0.494025,-6.0833335,105.250015,33.810043,28.639694
13/01/2024 22:00,0.494025,-6.0833335,105.250015,33.812283,28.609715
13/01/2024 23:00,0.494025,-6.0833335,105.250015,33.83387,28.609653
14/01/2024 00:00,0.494025,-6.0833335,105.250015,33.85205,28.630772
14/01/2024 01:00,0.494025,-6.0833335,105.250015,33.86515,28.666948
14/01/2024 02:00,0.494025,-6.0833335,105.250015,33.87576,28.768522
14/01/2024 03:00,0.494025,-6.0833335,105.250015,33.887135,28.964342
14/01/2024 04:00,0.494025,-6.0833335,105.250015,33.898876,29.172216
14/01/2024 05:00,0.494025,-6.0833335,105.250015,33.910618,29.289108
14/01/2024 06:00,0.494025,-6.0833335,105.250015,33.920795,29.349688
14/01/2024 07:00,0.494025,-6.0833335,105.250015,33.928875,29.45714
14/01/2024 08:00,0.494025,-6.0833335,105.250015,33.93823,29.483913
14/01/2024 09:00,0.494025,-6.0833335,105.250015,33.94879,29.439682
14/01/2024 10:00,0.494025,-6.0833335,105.250015,33.95733,29.3925
14/01/2024 11:00,0.494025,-6.0833335,105.250015,33.964073,29.343374
14/01/2024 12:00,0.494025,-6.0833335,105.250015,33.96935,29.296549
14/01/2024 13:00,0.494025,-6.0833335,105.250015,33.97692,29.230694
14/01/2024 14:00,0.494025,-6.0833335,105.250015,33.984035,29.169722
14/01/2024 15:00,0.494025,-6.0833335,105.250015,33.98554,29.125973
14/01/2024 16:00,0.494025,-6.0833335,105.250015,33.979984,29.092249
14/01/2024 17:00,0.494025,-6.0833335,105.250015,33.971928,29.061192
14/01/2024 18:00,0.494025,-6.0833335,105.250015,33.964558,29.029533
14/01/2024 19:00,0.494025,-6.0833335,105.250015,33.958015,29.00042
14/01/2024 20:00,0.494025,-6.0833335,105.250015,33.950375,28.974003
14/01/2024 21:00,0.494025,-6.0833335,105.250015,33.943554,28.949318
14/01/2024 22:00,0.494025,-6.0833335,105.250015,33.93638,28.928461
14/01/2024 23:00,0.494025,-6.0833335,105.250015,33.930447,28.916199
15/01/2024 00:00,0.494025,-6.0833335,105.250015,33.9268,28.922934
15/01/2024 01:00,0.494025,-6.0833335,105.250015,33.92151,28.962193
15/01/2024 02:00,0.494025,-6.0833335,105.250015,33.910316,29.04066
15/01/2024 03:00,0.494025,-6.0833335,105.250015,33.892822,29.152107
15/01/2024 04:00,0.494025,-6.0833335,105.250015,33.878174,29.279137
15/01/2024 05:00,0.494025,-6.0833335,105.250015,33.871407,29.386501
15/01/2024 06:00,0.494025,-6.0833335,105.250015,33.868187,29.48873
15/01/2024 07:00,0.494025,-6.0833335,105.250015,33.868263,29.551311
15/01/2024 08:00,0.494025,-6.0833335,105.250015,33.869488,29.569227
15/01/2024 09:00,0.494025,-6.0833335,105.250015,33.877586,29.51924
15/01/2024 10:00,0.494025,-6.0833335,105.250015,33.88539,29.458612
15/01/2024 11:00,0.494025,-6.0833335,105.250015,33.893974,29.390533
15/01/2024 12:00,0.494025,-6.0833335,105.250015,33.903442,29.329433
15/01/2024 13:00,0.494025,-6.0833335,105.250015,33.914677,29.27857
15/01/2024 14:00,0.494025,-6.0833335,105.250015,33.929344,29.229486
15/01/2024 15:00,0.494025,-6.0833335,105.250015,33.94489,29.184755
15/01/2024 16:00,0.494025,-6.0833335,105.250015,33.957882,29.14684
15/01/2024 17:00,0.494025,-6.0833335,105.250015,33.96604,29.115086
15/01/2024 18:00,0.494025,-6.0833335,105.250015,33.972023,29.09508
15/01/2024 19:00,0.494025,-6.0833335,105.250015,33.97682,29.078085
15/01/2024 20:00,0.494025,-6.0833335,105.250015,33.980003,29.062077
15/01/2024 21:00,0.494025,-6.0833335,105.250015,33.9805,29.049795
15/01/2024 22:00,0.494025,-6.0833335,105.250015,33.977104,29.035812
15/01/2024 23:00,0.494025,-6.0833335,105.250015,33.966843,29.020346
16/01/2024 00:00,0.494025,-6.0833335,105.250015,33.96082,29.020163
16/01/2024 01:00,0.494025,-6.0833335,105.250015,33.956867,29.046686
16/01/2024 02:00,0.494025,-6.0833335,105.250015,33.948383,29.114445
16/01/2024 03:00,0.494025,-6.0833335,105.250015,33.937683,29.236673
16/01/2024 04:00,0.494025,-6.0833335,105.250015,33.9249,29.386911
16/01/2024 05:00,0.494025,-6.0833335,105.250015,33.908955,29.503117
16/01/2024 06:00,0.494025,-6.0833335,105.250015,33.89433,29.59622
16/01/2024 07:00,0.494025,-6.0833335,105.250015,33.882984,29.624712
16/01/2024 08:00,0.494025,-6.0833335,105.250015,33.875477,29.59383
16/01/2024 09:00,0.494025,-6.0833335,105.250015,33.872913,29.568153
16/01/2024 10:00,0.494025,-6.0833335,105.250015,33.875877,29.479174
16/01/2024 11:00,0.494025,-6.0833335,105.250015,33.882862,29.385027
16/01/2024 12:00,0.494025,-6.0833335,105.250015,33.893833,29.298864
16/01/2024 13:00,0.494025,-6.0833335,105.250015,33.908092,29.221281
16/01/2024 14:00,0.494025,-6.0833335,105.250015,33.92501,29.153893
16/01/2024 15:00,0.494025,-6.0833335,105.250015,33.944103,29.099983
16/01/2024 16:00,0.494025,-6.0833335,105.250015,33.96446,29.058548
16/01/2024 17:00,0.494025,-6.0833335,105.250015,33.9861,29.028072
16/01/2024 18:00,0.494025,-6.0833335,105.250015,34.007603,29.00792
16/01/2024 19:00,0.494025,-6.0833335,105.250015,34.030464,28.994234
16/01/2024 20:00,0.494025,-6.0833335,105.250015,34.045536,28.984173
16/01/2024 21:00,0.494025,-6.0833335,105.250015,34.060753,28.981249
16/01/2024 22:00,0.494025,-6.0833335,105.250015,34.077305,28.982737
16/01/2024 23:00,0.494025,-6.0833335,105.250015,34.090088,28.98688
17/01/2024 00:00,0.494025,-6.0833335,105.250015,34.099396,29.002995
17/01/2024 01:00,0.494025,-6.0833335,105.250015,34.104702,29.036278
17/01/2024 02:00,0.494025,-6.0833335,105.250015,34.105976,29.160542
17/01/2024 03:00,0.494025,-6.0833335,105.250015,34.105392,29.37126
17/01/2024 04:00,0.494025,-6.0833335,105.250015,34.101887,29.626951
17/01/2024 05:00,0.494025,-6.0833335,105.250015,34.09614,29.89225
17/01/2024 06:00,0.494025,-6.0833335,105.250015,34.088856,30.129086
17/01/2024 07:00,0.494025,-6.0833335,105.250015,34.073414,30.12082
17/01/2024 08:00,0.494025,-6.0833335,105.250015,34.038364,29.913115
17/01/2024 09:00,0.494025,-6.0833335,105.250015,33.995438,29.808926
17/01/2024 10:00,0.494025,-6.0833335,105.250015,33.970444,29.751503
17/01/2024 11:00,0.494025,-6.0833335,105.250015,33.96239,29.667553
17/01/2024 12:00,0.494025,-6.0833335,105.250015,33.952274,29.610954
17/01/2024 13:00,0.494025,-6.0833335,105.250015,33.94447,29.573084
17/01/2024 14:00,0.494025,-6.0833335,105.250015,33.939392,29.529425
17/01/2024 15:00,0.494025,-6.0833335,105.250015,33.938107,29.48096
17/01/2024 16:00,0.494025,-6.0833335,105.250015,33.93817,29.43859
17/01/2024 17:00,0.494025,-6.0833335,105.250015,33.928505,29.397926
17/01/2024 18:00,0.494025,-6.0833335,105.250015,33.888424,29.349257
17/01/2024 19:00,0.494025,-6.0833335,105.250015,33.862328,29.300783
17/01/2024 20:00,0.494025,-6.0833335,105.250015,33.878498,29.27547
17/01/2024 21:00,0.494025,-6.0833335,105.250015,33.896328,29.253016
17/01/2024 22:00,0.494025,-6.0833335,105.250015,33.905884,29.22401
17/01/2024 23:00,0.494025,-6.0833335,105.250015,33.915142,29.199461
18/01/2024 00:00,0.494025,-6.0833335,105.250015,33.923077,29.190666
18/01/2024 01:00,0.494025,-6.0833335,105.250015,33.927853,29.201292
18/01/2024 02:00,0.494025,-6.0833335,105.250015,33.930458,29.210197
18/01/2024 03:00,0.494025,-6.0833335,105.250015,33.929806,29.217535
18/01/2024 04:00,0.494025,-6.0833335,105.250015,33.923157,29.218403
18/01/2024 05:00,0.494025,-6.0833335,105.250015,33.91943,29.221272
18/01/2024 06:00,0.494025,-6.0833335,105.250015,33.925083,29.23087
18/01/2024 07:00,0.494025,-6.0833335,105.250015,33.93315,29.238586
18/01/2024 08:00,0.494025,-6.0833335,105.250015,33.944244,29.242626
18/01/2024 09:00,0.494025,-6.0833335,105.250015,33.955666,29.24045
18/01/2024 10:00,0.494025,-6.0833335,105.250015,33.962963,29.23186
18/01/2024 11:00,0.494025,-6.0833335,105.250015,33.967068,29.218779
18/01/2024 12:00,0.494025,-6.0833335,105.250015,33.970913,29.206867
18/01/2024 13:00,0.494025,-6.0833335,105.250015,33.97433,29.196999
18/01/2024 14:00,0.494025,-6.0833335,105.250015,33.97599,29.188341
18/01/2024 15:00,0.494025,-6.0833335,105.250015,33.973366,29.178947
18/01/2024 16:00,0.494025,-6.0833335,105.250015,33.963,29.169151
18/01/2024 17:00,0.494025,-6.0833335,105.250015,33.959846,29.161581
18/01/2024 18:00,0.494025,-6.0833335,105.250015,33.961857,29.154446
18/01/2024 19:00,0.494025,-6.0833335,105.250015,33.962833,29.146421
18/01/2024 20:00,0.494025,-6.0833335,105.250015,33.96455,29.137705
18/01/2024 21:00,0.494025,-6.0833335,105.250015,33.96678,29.126694
18/01/2024 22:00,0.494025,-6.0833335,105.250015,33.97188,29.115988
18/01/2024 23:00,0.494025,-6.0833335,105.250015,33.96598,29.099798
19/01/2024 00:00,0.494025,-6.0833335,105.250015,33.911217,29.056093
19/01/2024 01:00,0.494025,-6.0833335,105.250015,33.801643,28.991081
19/01/2024 02:00,0.494025,-6.0833335,105.250015,33.632774,28.919445
19/01/2024 03:00,0.494025,-6.0833335,105.250015,33.50432,28.866465
19/01/2024 04:00,0.494025,-6.0833335,105.250015,33.518646,28.88506
19/01/2024 05:00,0.494025,-6.0833335,105.250015,33.577057,28.937418
19/01/2024 06:00,0.494025,-6.0833335,105.250015,33.649784,28.994308
19/01/2024 07:00,0.494025,-6.0833335,105.250015,33.706974,29.042948
19/01/2024 08:00,0.494025,-6.0833335,105.250015,33.73637,29.065142
19/01/2024 09:00,0.494025,-6.0833335,105.250015,33.76942,29.070189
19/01/2024 10:00,0.494025,-6.0833335,105.250015,33.78896,29.068096
19/01/2024 11:00,0.494025,-6.0833335,105.250015,33.796722,29.063393
19/01/2024 12:00,0.494025,-6.0833335,105.250015,33.80044,29.058023
19/01/2024 13:00,0.494025,-6.0833335,105.250015,33.79704,29.052237
19/01/2024 14:00,0.494025,-6.0833335,105.250015,33.78386,29.04472
19/01/2024 15:00,0.494025,-6.0833335,105.250015,33.761806,29.037226
19/01/2024 16:00,0.494025,-6.0833335,105.250015,33.733723,29.03251
19/01/2024 17:00,0.494025,-6.0833335,105.250015,33.7019,29.0281
19/01/2024 18:00,0.494025,-6.0833335,105.250015,33.66681,29.022429
19/01/2024 19:00,0.494025,-6.0833335,105.250015,33.629063,29.01654
19/01/2024 20:00,0.494025,-6.0833335,105.250015,33.58964,29.010103
19/01/2024 21:00,0.494025,-6.0833335,105.250015,33.547035,29.002651
19/01/2024 22:00,0.494025,-6.0833335,105.250015,33.496483,28.9942
19/01/2024 23:00,0.494025,-6.0833335,105.250015,33.443264,28.988417
20/01/2024 00:00,0.494025,-6.0833335,105.250015,33.390907,28.991486
20/01/2024 01:00,0.494025,-6.0833335,105.250015,33.3385,29.009064
20/01/2024 02:00,0.494025,-6.0833335,105.250015,33.28674,29.04306
20/01/2024 03:00,0.494025,-6.0833335,105.250015,33.239338,29.0865
20/01/2024 04:00,0.494025,-6.0833335,105.250015,33.201015,29.136234
20/01/2024 05:00,0.494025,-6.0833335,105.250015,33.16934,29.192165
20/01/2024 06:00,0.494025,-6.0833335,105.250015,33.14208,29.246979
20/01/2024 07:00,0.494025,-6.0833335,105.250015,33.118305,29.29277
20/01/2024 08:00,0.494025,-6.0833335,105.250015,33.09772,29.327839
20/01/2024 09:00,0.494025,-6.0833335,105.250015,33.080196,29.348148
20/01/2024 10:00,0.494025,-6.0833335,105.250015,33.065784,29.353098
20/01/2024 11:00,0.494025,-6.0833335,105.250015,33.054657,29.347446
20/01/2024 12:00,0.494025,-6.0833335,105.250015,33.046207,29.341509
20/01/2024 13:00,0.494025,-6.0833335,105.250015,33.038326,29.33809
20/01/2024 14:00,0.494025,-6.0833335,105.250015,33.028694,29.334238
20/01/2024 15:00,0.494025,-6.0833335,105.250015,33.017117,29.330713
20/01/2024 16:00,0.494025,-6.0833335,105.250015,33.0052,29.328905
20/01/2024 17:00,0.494025,-6.0833335,105.250015,32.99347,29.32633
20/01/2024 18:00,0.494025,-6.0833335,105.250015,32.98421,29.322498
20/01/2024 19:00,0.494025,-6.0833335,105.250015,32.977413,29.317392
20/01/2024 20:00,0.494025,-6.0833335,105.250015,32.97174,29.3108
20/01/2024 21:00,0.494025,-6.0833335,105.250015,32.958042,29.300627
20/01/2024 22:00,0.494025,-6.0833335,105.250015,32.94356,29.287249
20/01/2024 23:00,0.494025,-6.0833335,105.250015,32.939568,29.275917
21/01/2024 00:00,0.494025,-6.0833335,105.250015,32.93872,29.276941
21/01/2024 01:00,0.494025,-6.0833335,105.250015,32.935314,29.287773
21/01/2024 02:00,0.494025,-6.0833335,105.250015,32.92515,29.307636
21/01/2024 03:00,0.494025,-6.0833335,105.250015,32.91518,29.334406
21/01/2024 04:00,0.494025,-6.0833335,105.250015,32.905167,29.373718
21/01/2024 05:00,0.494025,-6.0833335,105.250015,32.901627,29.411724
21/01/2024 06:00,0.494025,-6.0833335,105.250015,32.902744,29.436369
21/01/2024 07:00,0.494025,-6.0833335,105.250015,32.90197,29.44029
21/01/2024 08:00,0.494025,-6.0833335,105.250015,32.90077,29.447096
21/01/2024 09:00,0.494025,-6.0833335,105.250015,32.90072,29.44717
21/01/2024 10:00,0.494025,-6.0833335,105.250015,32.899715,29.436434
21/01/2024 11:00,0.494025,-6.0833335,105.250015,32.892307,29.421679
21/01/2024 12:00,0.494025,-6.0833335,105.250015,32.888485,29.40973
21/01/2024 13:00,0.494025,-6.0833335,105.250015,32.889828,29.402063
21/01/2024 14:00,0.494025,-6.0833335,105.250015,32.89046,29.397312
21/01/2024 15:00,0.494025,-6.0833335,105.250015,32.892162,29.38959
21/01/2024 16:00,0.494025,-6.0833335,105.250015,32.893154,29.37598
21/01/2024 17:00,0.494025,-6.0833335,105.250015,32.89164,29.363474
21/01/2024 18:00,0.494025,-6.0833335,105.250015,32.88896,29.351635
21/01/2024 19:00,0.494025,-6.0833335,105.250015,32.883865,29.33863
21/01/2024 20:00,0.494025,-6.0833335,105.250015,32.87927,29.324251
21/01/2024 21:00,0.494025,-6.0833335,105.250015,32.87677,29.312603
21/01/2024 22:00,0.494025,-6.0833335,105.250015,32.87525,29.300701
21/01/2024 23:00,0.494025,-6.0833335,105.250015,32.873394,29.289387
22/01/2024 00:00,0.494025,-6.0833335,105.250015,32.86923,29.288498
22/01/2024 01:00,0.494025,-6.0833335,105.250015,32.861767,29.299767
22/01/2024 02:00,0.494025,-6.0833335,105.250015,32.849327,29.334095
22/01/2024 03:00,0.494025,-6.0833335,105.250015,32.835354,29.394249
22/01/2024 04:00,0.494025,-6.0833335,105.250015,32.822227,29.451283
22/01/2024 05:00,0.494025,-6.0833335,105.250015,32.81015,29.486029
22/01/2024 06:00,0.494025,-6.0833335,105.250015,32.799812,29.517607
22/01/2024 07:00,0.494025,-6.0833335,105.250015,32.791092,29.53145
22/01/2024 08:00,0.494025,-6.0833335,105.250015,32.78447,29.521963
22/01/2024 09:00,0.494025,-6.0833335,105.250015,32.780964,29.506617
22/01/2024 10:00,0.494025,-6.0833335,105.250015,32.78126,29.487452
22/01/2024 11:00,0.494025,-6.0833335,105.250015,32.78591,29.466679
22/01/2024 12:00,0.494025,-6.0833335,105.250015,32.793854,29.449892
22/01/2024 13:00,0.494025,-6.0833335,105.250015,32.80496,29.43668
22/01/2024 14:00,0.494025,-6.0833335,105.250015,32.82008,29.426268
22/01/2024 15:00,0.494025,-6.0833335,105.250015,32.834053,29.417973
22/01/2024 16:00,0.494025,-6.0833335,105.250015,32.84424,29.408752
22/01/2024 17:00,0.494025,-6.0833335,105.250015,32.85451,29.39907
22/01/2024 18:00,0.494025,-6.0833335,105.250015,32.86958,29.386948
22/01/2024 19:00,0.494025,-6.0833335,105.250015,32.89004,29.371655
22/01/2024 20:00,0.494025,-6.0833335,105.250015,32.915974,29.354198
22/01/2024 21:00,0.494025,-6.0833335,105.250015,32.94832,29.334684
22/01/2024 22:00,0.494025,-6.0833335,105.250015,32.982796,29.311594
22/01/2024 23:00,0.494025,-6.0833335,105.250015,33.018303,29.289265
23/01/2024 00:00,0.494025,-6.0833335,105.250015,33.05357,29.274137
23/01/2024 01:00,0.494025,-6.0833335,105.250015,33.087505,29.273289
23/01/2024 02:00,0.494025,-6.0833335,105.250015,33.118847,29.29089
23/01/2024 03:00,0.494025,-6.0833335,105.250015,33.148125,29.32167
23/01/2024 04:00,0.494025,-6.0833335,105.250015,33.174934,29.361326
23/01/2024 05:00,0.494025,-6.0833335,105.250015,33.198135,29.40187
23/01/2024 06:00,0.494025,-6.0833335,105.250015,33.21684,29.437172
23/01/2024 07:00,0.494025,-6.0833335,105.250015,33.243237,29.459047
23/01/2024 08:00,0.494025,-6.0833335,105.250015,33.2715,29.468884
23/01/2024 09:00,0.494025,-6.0833335,105.250015,33.297726,29.467278
23/01/2024 10:00,0.494025,-6.0833335,105.250015,33.322056,29.45539
23/01/2024 11:00,0.494025,-6.0833335,105.250015,33.341976,29.43916
23/01/2024 12:00,0.494025,-6.0833335,105.250015,33.35434,29.425604
23/01/2024 13:00,0.494025,-6.0833335,105.250015,33.362316,29.416237
23/01/2024 14:00,0.494025,-6.0833335,105.250015,33.3681,29.4079
23/01/2024 15:00,0.494025,-6.0833335,105.250015,33.370697,29.399416
23/01/2024 16:00,0.494025,-6.0833335,105.250015,33.36875,29.390545
23/01/2024 17:00,0.494025,-6.0833335,105.250015,33.364487,29.381329
23/01/2024 18:00,0.494025,-6.0833335,105.250015,33.35952,29.372536
23/01/2024 19:00,0.494025,-6.0833335,105.250015,33.350964,29.362549
23/01/2024 20:00,0.494025,-6.0833335,105.250015,33.344948,29.352787
23/01/2024 21:00,0.494025,-6.0833335,105.250015,33.33569,29.338871
23/01/2024 22:00,0.494025,-6.0833335,105.250015,33.31953,29.319366
23/01/2024 23:00,0.494025,-6.0833335,105.250015,33.30424,29.307453
24/01/2024 00:00,0.494025,-6.0833335,105.250015,33.294666,29.306454
24/01/2024 01:00,0.494025,-6.0833335,105.250015,33.275864,29.31539
24/01/2024 02:00,0.494025,-6.0833335,105.250015,33.250553,29.311773
24/01/2024 03:00,0.494025,-6.0833335,105.250015,33.239346,29.326853
24/01/2024 04:00,0.494025,-6.0833335,105.250015,33.2252,29.368212
24/01/2024 05:00,0.494025,-6.0833335,105.250015,33.212242,29.390932
24/01/2024 06:00,0.494025,-6.0833335,105.250015,33.20511,29.399397
24/01/2024 07:00,0.494025,-6.0833335,105.250015,33.20195,29.410328
24/01/2024 08:00,0.494025,-6.0833335,105.250015,33.202488,29.419922
24/01/2024 09:00,0.494025,-6.0833335,105.250015,33.207153,29.42672
24/01/2024 10:00,0.494025,-6.0833335,105.250015,33.214993,29.424585
24/01/2024 11:00,0.494025,-6.0833335,105.250015,33.224648,29.413078
24/01/2024 12:00,0.494025,-6.0833335,105.250015,33.23314,29.401817
24/01/2024 13:00,0.494025,-6.0833335,105.250015,33.241184,29.394426
24/01/2024 14:00,0.494025,-6.0833335,105.250015,33.2488,29.38658
24/01/2024 15:00,0.494025,-6.0833335,105.250015,33.25608,29.380035
24/01/2024 16:00,0.494025,-6.0833335,105.250015,33.263355,29.373558
24/01/2024 17:00,0.494025,-6.0833335,105.250015,33.268337,29.365147
24/01/2024 18:00,0.494025,-6.0833335,105.250015,33.274113,29.356186
24/01/2024 19:00,0.494025,-6.0833335,105.250015,33.279285,29.348276
24/01/2024 20:00,0.494025,-6.0833335,105.250015,33.284622,29.33947
24/01/2024 21:00,0.494025,-6.0833335,105.250015,33.290276,29.332129
24/01/2024 22:00,0.494025,-6.0833335,105.250015,33.29613,29.321997
24/01/2024 23:00,0.494025,-6.0833335,105.250015,33.30199,29.315771
25/01/2024 00:00,0.494025,-6.0833335,105.250015,33.307102,29.318228
25/01/2024 01:00,0.494025,-6.0833335,105.250015,33.30889,29.33272
25/01/2024 02:00,0.494025,-6.0833335,105.250015,33.308266,29.366066
25/01/2024 03:00,0.494025,-6.0833335,105.250015,33.307068,29.425323
25/01/2024 04:00,0.494025,-6.0833335,105.250015,33.30582,29.508091
25/01/2024 05:00,0.494025,-6.0833335,105.250015,33.30534,29.62511
25/01/2024 06:00,0.494025,-6.0833335,105.250015,33.3053,29.763657
25/01/2024 07:00,0.494025,-6.0833335,105.250015,33.30521,29.860182
25/01/2024 08:00,0.494025,-6.0833335,105.250015,33.304394,29.874928
25/01/2024 09:00,0.494025,-6.0833335,105.250015,33.302628,29.82879
25/01/2024 10:00,0.494025,-6.0833335,105.250015,33.301487,29.792078
25/01/2024 11:00,0.494025,-6.0833335,105.250015,33.29964,29.725866
25/01/2024 12:00,0.494025,-6.0833335,105.250015,33.29763,29.662266
25/01/2024 13:00,0.494025,-6.0833335,105.250015,33.29601,29.60911
25/01/2024 14:00,0.494025,-6.0833335,105.250015,33.29482,29.566357
25/01/2024 15:00,0.494025,-6.0833335,105.250015,33.29438,29.530125
25/01/2024 16:00,0.494025,-6.0833335,105.250015,33.295147,29.498133
25/01/2024 17:00,0.494025,-6.0833335,105.250015,33.2976,29.47194
25/01/2024 18:00,0.494025,-6.0833335,105.250015,33.300953,29.45095
25/01/2024 19:00,0.494025,-6.0833335,105.250015,33.303276,29.434242
25/01/2024 20:00,0.494025,-6.0833335,105.250015,33.30583,29.427408
25/01/2024 21:00,0.494025,-6.0833335,105.250015,33.310318,29.42903
25/01/2024 22:00,0.494025,-6.0833335,105.250015,33.313713,29.419722
25/01/2024 23:00,0.494025,-6.0833335,105.250015,33.316925,29.420382
26/01/2024 00:00,0.494025,-6.0833335,105.250015,33.319683,29.42179
26/01/2024 01:00,0.494025,-6.0833335,105.250015,33.3215,29.449257
26/01/2024 02:00,0.494025,-6.0833335,105.250015,33.322773,29.535654
26/01/2024 03:00,0.494025,-6.0833335,105.250015,33.324383,29.689747
26/01/2024 04:00,0.494025,-6.0833335,105.250015,33.325905,29.863443
26/01/2024 05:00,0.494025,-6.0833335,105.250015,33.327286,30.06014
26/01/2024 06:00,0.494025,-6.0833335,105.250015,33.32852,30.287945
26/01/2024 07:00,0.494025,-6.0833335,105.250015,33.328922,30.493221
26/01/2024 08:00,0.494025,-6.0833335,105.250015,33.329155,30.641344
26/01/2024 09:00,0.494025,-6.0833335,105.250015,33.32925,30.705427
26/01/2024 10:00,0.494025,-6.0833335,105.250015,33.32879,30.681467
26/01/2024 11:00,0.494025,-6.0833335,105.250015,33.327995,30.588316
26/01/2024 12:00,0.494025,-6.0833335,105.250015,33.327393,30.4625
26/01/2024 13:00,0.494025,-6.0833335,105.250015,33.325703,30.353577
26/01/2024 14:00,0.494025,-6.0833335,105.250015,33.3226,30.261732
26/01/2024 15:00,0.494025,-6.0833335,105.250015,33.30799,30.180092
26/01/2024 16:00,0.494025,-6.0833335,105.250015,33.28979,30.137419
26/01/2024 17:00,0.494025,-6.0833335,105.250015,33.278954,30.05441
26/01/2024 18:00,0.494025,-6.0833335,105.250015,33.2703,29.97709
26/01/2024 19:00,0.494025,-6.0833335,105.250015,33.263393,29.90935
26/01/2024 20:00,0.494025,-6.0833335,105.250015,33.25681,29.860851
26/01/2024 21:00,0.494025,-6.0833335,105.250015,33.24944,29.827108
26/01/2024 22:00,0.494025,-6.0833335,105.250015,33.242374,29.795103
26/01/2024 23:00,0.494025,-6.0833335,105.250015,33.235493,29.76271
27/01/2024 00:00,0.494025,-6.0833335,105.250015,33.228596,29.739365
27/01/2024 01:00,0.494025,-6.0833335,105.250015,33.18369,29.737495
27/01/2024 02:00,0.494025,-6.0833335,105.250015,33.114105,29.760214
27/01/2024 03:00,0.494025,-6.0833335,105.250015,33.101337,29.837881
27/01/2024 04:00,0.494025,-6.0833335,105.250015,33.102493,30.00717
27/01/2024 05:00,0.494025,-6.0833335,105.250015,33.10284,30.250843
27/01/2024 06:00,0.494025,-6.0833335,105.250015,33.102314,30.493914
27/01/2024 07:00,0.494025,-6.0833335,105.250015,33.10064,30.68619
27/01/2024 08:00,0.494025,-6.0833335,105.250015,33.09751,30.789913
27/01/2024 09:00,0.494025,-6.0833335,105.250015,33.083805,30.765894
27/01/2024 10:00,0.494025,-6.0833335,105.250015,33.07016,30.625084
27/01/2024 11:00,0.494025,-6.0833335,105.250015,33.061737,30.411026
27/01/2024 12:00,0.494025,-6.0833335,105.250015,33.055965,30.257025
27/01/2024 13:00,0.494025,-6.0833335,105.250015,33.05555,30.175575
27/01/2024 14:00,0.494025,-6.0833335,105.250015,33.048588,30.093374
27/01/2024 15:00,0.494025,-6.0833335,105.250015,33.04226,30.005009
27/01/2024 16:00,0.494025,-6.0833335,105.250015,33.024887,29.94237
27/01/2024 17:00,0.494025,-6.0833335,105.250015,33.012512,29.898705
27/01/2024 18:00,0.494025,-6.0833335,105.250015,33.00568,29.84931
27/01/2024 19:00,0.494025,-6.0833335,105.250015,32.987686,29.790443
27/01/2024 20:00,0.494025,-6.0833335,105.250015,32.97619,29.741026
27/01/2024 21:00,0.494025,-6.0833335,105.250015,32.975708,29.720322
27/01/2024 22:00,0.494025,-6.0833335,105.250015,32.97044,29.686844
27/01/2024 23:00,0.494025,-6.0833335,105.250015,32.96932,29.652288
28/01/2024 00:00,0.494025,-6.0833335,105.250015,32.97222,29.640694
28/01/2024 01:00,0.494025,-6.0833335,105.250015,32.973766,29.659708
28/01/2024 02:00,0.494025,-6.0833335,105.250015,32.97333,29.720497
28/01/2024 03:00,0.494025,-6.0833335,105.250015,32.973137,29.83317
28/01/2024 04:00,0.494025,-6.0833335,105.250015,32.97358,30.03512
28/01/2024 05:00,0.494025,-6.0833335,105.250015,32.974335,30.314508
28/01/2024 06:00,0.494025,-6.0833335,105.250015,32.975986,30.56764
28/01/2024 07:00,0.494025,-6.0833335,105.250015,32.976135,30.728653
28/01/2024 08:00,0.494025,-6.0833335,105.250015,32.974403,30.758425
28/01/2024 09:00,0.494025,-6.0833335,105.250015,32.973637,30.513605
28/01/2024 10:00,0.494025,-6.0833335,105.250015,32.976498,30.323694
28/01/2024 11:00,0.494025,-6.0833335,105.250015,32.98327,30.206886
28/01/2024 12:00,0.494025,-6.0833335,105.250015,32.9919,30.110582
28/01/2024 13:00,0.494025,-6.0833335,105.250015,33.00468,30.033447
28/01/2024 14:00,0.494025,-6.0833335,105.250015,33.017258,29.972235
28/01/2024 15:00,0.494025,-6.0833335,105.250015,33.028294,29.921839
28/01/2024 16:00,0.494025,-6.0833335,105.250015,33.03813,29.878874
28/01/2024 17:00,0.494025,-6.0833335,105.250015,33.044674,29.839155
28/01/2024 18:00,0.494025,-6.0833335,105.250015,33.059322,29.79692
28/01/2024 19:00,0.494025,-6.0833335,105.250015,33.083324,29.76529
28/01/2024 20:00,0.494025,-6.0833335,105.250015,33.09713,29.730536
28/01/2024 21:00,0.494025,-6.0833335,105.250015,33.099987,29.695972
28/01/2024 22:00,0.494025,-6.0833335,105.250015,33.106937,29.666782
28/01/2024 23:00,0.494025,-6.0833335,105.250015,33.113594,29.647778
29/01/2024 00:00,0.494025,-6.0833335,105.250015,33.1199,29.655602
29/01/2024 01:00,0.494025,-6.0833335,105.250015,33.122353,29.699
29/01/2024 02:00,0.494025,-6.0833335,105.250015,33.122673,29.831642
29/01/2024 03:00,0.494025,-6.0833335,105.250015,33.119255,30.028486
29/01/2024 04:00,0.494025,-6.0833335,105.250015,33.115707,30.21906
29/01/2024 05:00,0.494025,-6.0833335,105.250015,33.117462,30.311247
29/01/2024 06:00,0.494025,-6.0833335,105.250015,33.11279,30.304216
29/01/2024 07:00,0.494025,-6.0833335,105.250015,33.104996,30.270456
29/01/2024 08:00,0.494025,-6.0833335,105.250015,33.076183,30.245203
29/01/2024 09:00,0.494025,-6.0833335,105.250015,33.052647,30.168354
29/01/2024 10:00,0.494025,-6.0833335,105.250015,33.049713,30.094284
29/01/2024 11:00,0.494025,-6.0833335,105.250015,33.04217,30.026474
29/01/2024 12:00,0.494025,-6.0833335,105.250015,33.033405,29.963924
29/01/2024 13:00,0.494025,-6.0833335,105.250015,33.017242,29.916805
29/01/2024 14:00,0.494025,-6.0833335,105.250015,33.00662,29.868942
29/01/2024 15:00,0.494025,-6.0833335,105.250015,32.99839,29.827415
29/01/2024 16:00,0.494025,-6.0833335,105.250015,32.988987,29.798386
29/01/2024 17:00,0.494025,-6.0833335,105.250015,32.97656,29.772856
29/01/2024 18:00,0.494025,-6.0833335,105.250015,32.953686,29.74607
29/01/2024 19:00,0.494025,-6.0833335,105.250015,32.93496,29.71597
29/01/2024 20:00,0.494025,-6.0833335,105.250015,32.92234,29.689331
29/01/2024 21:00,0.494025,-6.0833335,105.250015,32.90339,29.667099
29/01/2024 22:00,0.494025,-6.0833335,105.250015,32.884525,29.640495
29/01/2024 23:00,0.494025,-6.0833335,105.250015,32.8588,29.619099
30/01/2024 00:00,0.494025,-6.0833335,105.250015,32.83895,29.61077
30/01/2024 01:00,0.494025,-6.0833335,105.250015,32.816006,29.619226
30/01/2024 02:00,0.494025,-6.0833335,105.250015,32.78785,29.670242
30/01/2024 03:00,0.494025,-6.0833335,105.250015,32.773438,29.804298
30/01/2024 04:00,0.494025,-6.0833335,105.250015,32.762856,29.999073
30/01/2024 05:00,0.494025,-6.0833335,105.250015,32.76311,30.238718
30/01/2024 06:00,0.494025,-6.0833335,105.250015,32.76468,30.4826
30/01/2024 07:00,0.494025,-6.0833335,105.250015,32.76629,30.652699
30/01/2024 08:00,0.494025,-6.0833335,105.250015,32.766094,30.563728
30/01/2024 09:00,0.494025,-6.0833335,105.250015,32.765705,30.422012
30/01/2024 10:00,0.494025,-6.0833335,105.250015,32.77029,30.28369
30/01/2024 11:00,0.494025,-6.0833335,105.250015,32.781345,30.15368
30/01/2024 12:00,0.494025,-6.0833335,105.250015,32.797977,30.05782
30/01/2024 13:00,0.494025,-6.0833335,105.250015,32.82174,29.998417
30/01/2024 14:00,0.494025,-6.0833335,105.250015,32.826393,29.93842
30/01/2024 15:00,0.494025,-6.0833335,105.250015,32.838657,29.887165
30/01/2024 16:00,0.494025,-6.0833335,105.250015,32.863083,29.837486
30/01/2024 17:00,0.494025,-6.0833335,105.250015,32.903137,29.804497
30/01/2024 18:00,0.494025,-6.0833335,105.250015,32.949535,29.783804
30/01/2024 19:00,0.494025,-6.0833335,105.250015,32.991497,29.758282
30/01/2024 20:00,0.494025,-6.0833335,105.250015,33.025913,29.738297
30/01/2024 21:00,0.494025,-6.0833335,105.250015,33.05579,29.72795
30/01/2024 22:00,0.494025,-6.0833335,105.250015,33.087086,29.73941
30/01/2024 23:00,0.494025,-6.0833335,105.250015,33.108967,29.739704
31/01/2024 00:00,0.494025,-6.0833335,105.250015,33.124653,29.733873
31/01/2024 01:00,0.494025,-6.0833335,105.250015,33.137394,29.750975
31/01/2024 02:00,0.494025,-6.0833335,105.250015,33.14584,29.82492
31/01/2024 03:00,0.494025,-6.0833335,105.250015,33.152237,29.99696
31/01/2024 04:00,0.494025,-6.0833335,105.250015,33.15637,30.228817
31/01/2024 05:00,0.494025,-6.0833335,105.250015,33.159157,30.485592
31/01/2024 06:00,0.494025,-6.0833335,105.250015,33.160065,30.70543
31/01/2024 07:00,0.494025,-6.0833335,105.250015,33.158836,30.831476
31/01/2024 08:00,0.494025,-6.0833335,105.250015,33.155754,30.695745
31/01/2024 09:00,0.494025,-6.0833335,105.250015,33.153336,30.502745
31/01/2024 10:00,0.494025,-6.0833335,105.250015,33.15177,30.405983
31/01/2024 11:00,0.494025,-6.0833335,105.250015,33.14766,30.311924
31/01/2024 12:00,0.494025,-6.0833335,105.250015,33.04825,30.219175
31/01/2024 13:00,0.494025,-6.0833335,105.250015,32.91542,30.09606
31/01/2024 14:00,0.494025,-6.0833335,105.250015,32.896183,29.97539
31/01/2024 15:00,0.494025,-6.0833335,105.250015,32.94836,29.970325
31/01/2024 16:00,0.494025,-6.0833335,105.250015,32.992233,29.990974
31/01/2024 17:00,0.494025,-6.0833335,105.250015,33.01368,29.974333
31/01/2024 18:00,0.494025,-6.0833335,105.250015,33.032303,29.938408
31/01/2024 19:00,0.494025,-6.0833335,105.250015,33.045242,29.89684
31/01/2024 20:00,0.494025,-6.0833335,105.250015,33.0558,29.857315
31/01/2024 21:00,0.494025,-6.0833335,105.250015,33.0674,29.826183
31/01/2024 22:00,0.494025,-6.0833335,105.250015,33.073524,29.797903
31/01/2024 23:00,0.494025,-6.0833335,105.250015,33.010204,29.74602
01/02/2024 00:00,0.494025,-6.0833335,105.250015,32.830807,29.64826
01/02/2024 01:00,0.494025,-6.0833335,105.250015,32.793297,29.60544
01/02/2024 02:00,0.494025,-6.0833335,105.250015,32.83936,29.626162
01/02/2024 03:00,0.494025,-6.0833335,105.250015,32.868095,29.717487
01/02/2024 04:00,0.494025,-6.0833335,105.250015,32.893555,29.857998
01/02/2024 05:00,0.494025,-6.0833335,105.250015,32.913727,30.029734
01/02/2024 06:00,0.494025,-6.0833335,105.250015,32.924946,30.20634
01/02/2024 07:00,0.494025,-6.0833335,105.250015,32.92187,30.29736
01/02/2024 08:00,0.494025,-6.0833335,105.250015,32.911057,30.31788
01/02/2024 09:00,0.494025,-6.0833335,105.250015,32.90238,30.27961
01/02/2024 10:00,0.494025,-6.0833335,105.250015,32.877544,30.234964
01/02/2024 11:00,0.494025,-6.0833335,105.250015,32.86547,30.17346
01/02/2024 12:00,0.494025,-6.0833335,105.250015,32.820564,30.126282
01/02/2024 13:00,0.494025,-6.0833335,105.250015,32.640976,30.005226
01/02/2024 14:00,0.494025,-6.0833335,105.250015,32.579323,29.955894
01/02/2024 15:00,0.494025,-6.0833335,105.250015,32.579685,29.909014
01/02/2024 16:00,0.494025,-6.0833335,105.250015,32.558277,29.842451
01/02/2024 17:00,0.494025,-6.0833335,105.250015,32.53952,29.79127
01/02/2024 18:00,0.494025,-6.0833335,105.250015,32.56814,29.786633
01/02/2024 19:00,0.494025,-6.0833335,105.250015,32.62656,29.792677
01/02/2024 20:00,0.494025,-6.0833335,105.250015,32.71702,29.784864
01/02/2024 21:00,0.494025,-6.0833335,105.250015,32.797085,29.775389
01/02/2024 22:00,0.494025,-6.0833335,105.250015,32.850586,29.7666
01/02/2024 23:00,0.494025,-6.0833335,105.250015,32.893234,29.7604
02/02/2024 00:00,0.494025,-6.0833335,105.250015,32.923847,29.768707
02/02/2024 01:00,0.494025,-6.0833335,105.250015,32.9443,29.797564
02/02/2024 02:00,0.494025,-6.0833335,105.250015,32.960228,29.845705
02/02/2024 03:00,0.494025,-6.0833335,105.250015,32.972843,29.90528
02/02/2024 04:00,0.494025,-6.0833335,105.250015,32.98251,29.966166
02/02/2024 05:00,0.494025,-6.0833335,105.250015,32.983307,30.020933
02/02/2024 06:00,0.494025,-6.0833335,105.250015,32.983055,30.06532
02/02/2024 07:00,0.494025,-6.0833335,105.250015,32.994526,30.083462
02/02/2024 08:00,0.494025,-6.0833335,105.250015,33.010696,30.084204
02/02/2024 09:00,0.494025,-6.0833335,105.250015,33.025913,30.066193
02/02/2024 10:00,0.494025,-6.0833335,105.250015,33.03201,30.0308
02/02/2024 11:00,0.494025,-6.0833335,105.250015,33.03756,29.992298
02/02/2024 12:00,0.494025,-6.0833335,105.250015,33.054016,29.961016
02/02/2024 13:00,0.494025,-6.0833335,105.250015,33.055122,29.934986
02/02/2024 14:00,0.494025,-6.0833335,105.250015,33.066544,29.912653
02/02/2024 15:00,0.494025,-6.0833335,105.250015,33.091194,29.90181
02/02/2024 16:00,0.494025,-6.0833335,105.250015,33.080536,29.879293
02/02/2024 17:00,0.494025,-6.0833335,105.250015,33.07882,29.853928
02/02/2024 18:00,0.494025,-6.0833335,105.250015,33.092564,29.839533
02/02/2024 19:00,0.494025,-6.0833335,105.250015,33.10967,29.82914
02/02/2024 20:00,0.494025,-6.0833335,105.250015,33.12831,29.820509
02/02/2024 21:00,0.494025,-6.0833335,105.250015,33.140965,29.81002
02/02/2024 22:00,0.494025,-6.0833335,105.250015,33.14856,29.799435
02/02/2024 23:00,0.494025,-6.0833335,105.250015,33.14419,29.78663
03/02/2024 00:00,0.494025,-6.0833335,105.250015,33.14014,29.776402
03/02/2024 01:00,0.494025,-6.0833335,105.250015,33.140842,29.77559
03/02/2024 02:00,0.494025,-6.0833335,105.250015,33.142506,29.780045
03/02/2024 03:00,0.494025,-6.0833335,105.250015,33.129276,29.79451
03/02/2024 04:00,0.494025,-6.0833335,105.250015,33.12361,29.79484
03/02/2024 05:00,0.494025,-6.0833335,105.250015,33.133904,29.814695
03/02/2024 06:00,0.494025,-6.0833335,105.250015,33.13982,29.854137
03/02/2024 07:00,0.494025,-6.0833335,105.250015,33.14206,29.870207
03/02/2024 08:00,0.494025,-6.0833335,105.250015,33.142258,29.87746
03/02/2024 09:00,0.494025,-6.0833335,105.250015,33.137287,29.877613
03/02/2024 10:00,0.494025,-6.0833335,105.250015,33.12902,29.864288
03/02/2024 11:00,0.494025,-6.0833335,105.250015,33.11172,29.847578
03/02/2024 12:00,0.494025,-6.0833335,105.250015,33.10015,29.832355
03/02/2024 13:00,0.494025,-6.0833335,105.250015,33.09587,29.823742
03/02/2024 14:00,0.494025,-6.0833335,105.250015,33.090508,29.816952
03/02/2024 15:00,0.494025,-6.0833335,105.250015,33.085365,29.811474
03/02/2024 16:00,0.494025,-6.0833335,105.250015,33.07914,29.806356
03/02/2024 17:00,0.494025,-6.0833335,105.250015,33.07265,29.801395
03/02/2024 18:00,0.494025,-6.0833335,105.250015,33.065792,29.795628
03/02/2024 19:00,0.494025,-6.0833335,105.250015,33.05863,29.7878
03/02/2024 20:00,0.494025,-6.0833335,105.250015,33.052002,29.783014
03/02/2024 21:00,0.494025,-6.0833335,105.250015,33.045944,29.780693
03/02/2024 22:00,0.494025,-6.0833335,105.250015,33.040047,29.777649
03/02/2024 23:00,0.494025,-6.0833335,105.250015,33.02309,29.774475
04/02/2024 00:00,0.494025,-6.0833335,105.250015,33.013187,29.775818
04/02/2024 01:00,0.494025,-6.0833335,105.250015,33.0099,29.788853
04/02/2024 02:00,0.494025,-6.0833335,105.250015,33.00498,29.79655
04/02/2024 03:00,0.494025,-6.0833335,105.250015,32.998955,29.818539
04/02/2024 04:00,0.494025,-6.0833335,105.250015,32.990677,29.87784
04/02/2024 05:00,0.494025,-6.0833335,105.250015,32.980675,29.955853
04/02/2024 06:00,0.494025,-6.0833335,105.250015,32.967564,30.041365
04/02/2024 07:00,0.494025,-6.0833335,105.250015,32.953556,30.094946
04/02/2024 08:00,0.494025,-6.0833335,105.250015,32.940002,30.084356
04/02/2024 09:00,0.494025,-6.0833335,105.250015,32.928387,30.045128
04/02/2024 10:00,0.494025,-6.0833335,105.250015,32.917213,30.012222
04/02/2024 11:00,0.494025,-6.0833335,105.250015,32.899174,29.981833
04/02/2024 12:00,0.494025,-6.0833335,105.250015,32.88789,29.955387
04/02/2024 13:00,0.494025,-6.0833335,105.250015,32.886063,29.94196
04/02/2024 14:00,0.494025,-6.0833335,105.250015,32.88335,29.92968
04/02/2024 15:00,0.494025,-6.0833335,105.250015,32.86881,29.912664
04/02/2024 16:00,0.494025,-6.0833335,105.250015,32.824577,29.871006
04/02/2024 17:00,0.494025,-6.0833335,105.250015,32.774906,29.790424
04/02/2024 18:00,0.494025,-6.0833335,105.250015,32.809483,29.797863
04/02/2024 19:00,0.494025,-6.0833335,105.250015,32.83922,29.84466
04/02/2024 20:00,0.494025,-6.0833335,105.250015,32.849182,29.850515
04/02/2024 21:00,0.494025,-6.0833335,105.250015,32.85055,29.853365
04/02/2024 22:00,0.494025,-6.0833335,105.250015,32.849598,29.85076
04/02/2024 23:00,0.494025,-6.0833335,105.250015,32.83341,29.837772
05/02/2024 00:00,0.494025,-6.0833335,105.250015,32.822964,29.816063
05/02/2024 01:00,0.494025,-6.0833335,105.250015,32.836426,29.839836
05/02/2024 02:00,0.494025,-6.0833335,105.250015,32.839706,29.875978
05/02/2024 03:00,0.494025,-6.0833335,105.250015,32.841343,29.90875
05/02/2024 04:00,0.494025,-6.0833335,105.250015,32.841404,29.963047
05/02/2024 05:00,0.494025,-6.0833335,105.250015,32.84077,30.055487
05/02/2024 06:00,0.494025,-6.0833335,105.250015,32.83997,30.155508
05/02/2024 07:00,0.494025,-6.0833335,105.250015,32.83658,30.226147
05/02/2024 08:00,0.494025,-6.0833335,105.250015,32.830708,30.208382
05/02/2024 09:00,0.494025,-6.0833335,105.250015,32.828003,30.138182
05/02/2024 10:00,0.494025,-6.0833335,105.250015,32.825996,30.073072
05/02/2024 11:00,0.494025,-6.0833335,105.250015,32.81978,30.002245
05/02/2024 12:00,0.494025,-6.0833335,105.250015,32.819473,29.940529
05/02/2024 13:00,0.494025,-6.0833335,105.250015,32.82776,29.899065
05/02/2024 14:00,0.494025,-6.0833335,105.250015,32.836933,29.873682
05/02/2024 15:00,0.494025,-6.0833335,105.250015,32.847473,29.858566
05/02/2024 16:00,0.494025,-6.0833335,105.250015,32.858486,29.84937
05/02/2024 17:00,0.494025,-6.0833335,105.250015,32.869183,29.842007
05/02/2024 18:00,0.494025,-6.0833335,105.250015,32.87922,29.834467
05/02/2024 19:00,0.494025,-6.0833335,105.250015,32.88284,29.825659
05/02/2024 20:00,0.494025,-6.0833335,105.250015,32.886395,29.81482
05/02/2024 21:00,0.494025,-6.0833335,105.250015,32.89682,29.803772
05/02/2024 22:00,0.494025,-6.0833335,105.250015,32.90889,29.796942
05/02/2024 23:00,0.494025,-6.0833335,105.250015,32.91851,29.791887
06/02/2024 00:00,0.494025,-6.0833335,105.250015,32.9293,29.787712
06/02/2024 01:00,0.494025,-6.0833335,105.250015,32.93236,29.786943
06/02/2024 02:00,0.494025,-6.0833335,105.250015,32.9302,29.780764
06/02/2024 03:00,0.494025,-6.0833335,105.250015,32.937965,29.772022
06/02/2024 04:00,0.494025,-6.0833335,105.250015,32.94813,29.767902
06/02/2024 05:00,0.494025,-6.0833335,105.250015,32.958134,29.770655
06/02/2024 06:00,0.494025,-6.0833335,105.250015,32.968136,29.771889
06/02/2024 07:00,0.494025,-6.0833335,105.250015,32.97538,29.769112
06/02/2024 08:00,0.494025,-6.0833335,105.250015,32.98369,29.763391
06/02/2024 09:00,0.494025,-6.0833335,105.250015,32.991615,29.75577
06/02/2024 10:00,0.494025,-6.0833335,105.250015,32.999554,29.747692
06/02/2024 11:00,0.494025,-6.0833335,105.250015,33.007103,29.73549
06/02/2024 12:00,0.494025,-6.0833335,105.250015,33.0114,29.722492
06/02/2024 13:00,0.494025,-6.0833335,105.250015,33.01553,29.714685
06/02/2024 14:00,0.494025,-6.0833335,105.250015,33.017117,29.708155
06/02/2024 15:00,0.494025,-6.0833335,105.250015,33.01806,29.701761
06/02/2024 16:00,0.494025,-6.0833335,105.250015,33.01866,29.69809
06/02/2024 17:00,0.494025,-6.0833335,105.250015,33.01794,29.694557
06/02/2024 18:00,0.494025,-6.0833335,105.250015,33.017956,29.691841
06/02/2024 19:00,0.494025,-6.0833335,105.250015,33.011353,29.690529
06/02/2024 20:00,0.494025,-6.0833335,105.250015,32.993507,29.677395
06/02/2024 21:00,0.494025,-6.0833335,105.250015,32.976074,29.65811
06/02/2024 22:00,0.494025,-6.0833335,105.250015,32.96112,29.645285
06/02/2024 23:00,0.494025,-6.0833335,105.250015,32.95445,29.637798
07/02/2024 00:00,0.494025,-6.0833335,105.250015,32.95406,29.654058
07/02/2024 01:00,0.494025,-6.0833335,105.250015,32.944824,29.67214
07/02/2024 02:00,0.494025,-6.0833335,105.250015,32.9296,29.680508
07/02/2024 03:00,0.494025,-6.0833335,105.250015,32.918568,29.70407
07/02/2024 04:00,0.494025,-6.0833335,105.250015,32.90863,29.758867
07/02/2024 05:00,0.494025,-6.0833335,105.250015,32.895794,29.84911
07/02/2024 06:00,0.494025,-6.0833335,105.250015,32.883,29.956001
07/02/2024 07:00,0.494025,-6.0833335,105.250015,32.87145,30.045063
07/02/2024 08:00,0.494025,-6.0833335,105.250015,32.863037,30.087982
07/02/2024 09:00,0.494025,-6.0833335,105.250015,32.85737,30.080355
07/02/2024 10:00,0.494025,-6.0833335,105.250015,32.853252,30.043047
07/02/2024 11:00,0.494025,-6.0833335,105.250015,32.85181,29.989817
07/02/2024 12:00,0.494025,-6.0833335,105.250015,32.85302,29.947472
07/02/2024 13:00,0.494025,-6.0833335,105.250015,32.854603,29.916637
07/02/2024 14:00,0.494025,-6.0833335,105.250015,32.857903,29.893396
07/02/2024 15:00,0.494025,-6.0833335,105.250015,32.863457,29.873934
07/02/2024 16:00,0.494025,-6.0833335,105.250015,32.870003,29.856638
07/02/2024 17:00,0.494025,-6.0833335,105.250015,32.87678,29.842405
07/02/2024 18:00,0.494025,-6.0833335,105.250015,32.88344,29.829678
07/02/2024 19:00,0.494025,-6.0833335,105.250015,32.889618,29.816338
07/02/2024 20:00,0.494025,-6.0833335,105.250015,32.896923,29.80311
07/02/2024 21:00,0.494025,-6.0833335,105.250015,32.904972,29.79435
07/02/2024 22:00,0.494025,-6.0833335,105.250015,32.912613,29.784895
07/02/2024 23:00,0.494025,-6.0833335,105.250015,32.919975,29.778233
08/02/2024 00:00,0.494025,-6.0833335,105.250015,32.9271,29.784775
08/02/2024 01:00,0.494025,-6.0833335,105.250015,32.932392,29.816874
08/02/2024 02:00,0.494025,-6.0833335,105.250015,32.936478,29.888882
08/02/2024 03:00,0.494025,-6.0833335,105.250015,32.9408,30.012234
08/02/2024 04:00,0.494025,-6.0833335,105.250015,32.94526,30.202433
08/02/2024 05:00,0.494025,-6.0833335,105.250015,32.949066,30.424585
08/02/2024 06:00,0.494025,-6.0833335,105.250015,32.95053,30.534716
08/02/2024 07:00,0.494025,-6.0833335,105.250015,32.948956,30.557194
08/02/2024 08:00,0.494025,-6.0833335,105.250015,32.944233,30.519676
08/02/2024 09:00,0.494025,-6.0833335,105.250015,32.936592,30.479416
08/02/2024 10:00,0.494025,-6.0833335,105.250015,32.925217,30.411509
08/02/2024 11:00,0.494025,-6.0833335,105.250015,32.910034,30.32643
08/02/2024 12:00,0.494025,-6.0833335,105.250015,32.892094,30.259941
08/02/2024 13:00,0.494025,-6.0833335,105.250015,32.872555,30.188124
08/02/2024 14:00,0.494025,-6.0833335,105.250015,32.8513,30.118916
08/02/2024 15:00,0.494025,-6.0833335,105.250015,32.832165,30.059034
08/02/2024 16:00,0.494025,-6.0833335,105.250015,32.81631,30.008945
08/02/2024 17:00,0.494025,-6.0833335,105.250015,32.8033,29.966373
08/02/2024 18:00,0.494025,-6.0833335,105.250015,32.792732,29.928865
08/02/2024 19:00,0.494025,-6.0833335,105.250015,32.78458,29.89445
08/02/2024 20:00,0.494025,-6.0833335,105.250015,32.778923,29.865574
08/02/2024 21:00,0.494025,-6.0833335,105.250015,32.775047,29.839823
08/02/2024 22:00,0.494025,-6.0833335,105.250015,32.77225,29.81609
08/02/2024 23:00,0.494025,-6.0833335,105.250015,32.770634,29.801657
09/02/2024 00:00,0.494025,-6.0833335,105.250015,32.77003,29.804672
09/02/2024 01:00,0.494025,-6.0833335,105.250015,32.769646,29.839901
09/02/2024 02:00,0.494025,-6.0833335,105.250015,32.770157,29.944252
09/02/2024 03:00,0.494025,-6.0833335,105.250015,32.77207,30.14438
09/02/2024 04:00,0.494025,-6.0833335,105.250015,32.77458,30.403774
09/02/2024 05:00,0.494025,-6.0833335,105.250015,32.777546,30.671923
09/02/2024 06:00,0.494025,-6.0833335,105.250015,32.781704,30.908611
09/02/2024 07:00,0.494025,-6.0833335,105.250015,32.78574,31.000935
09/02/2024 08:00,0.494025,-6.0833335,105.250015,32.786407,30.843685
09/02/2024 09:00,0.494025,-6.0833335,105.250015,32.789024,30.809853
09/02/2024 10:00,0.494025,-6.0833335,105.250015,32.79256,30.770842
09/02/2024 11:00,0.494025,-6.0833335,105.250015,32.79328,30.675379
09/02/2024 12:00,0.494025,-6.0833335,105.250015,32.793167,30.56969
09/02/2024 13:00,0.494025,-6.0833335,105.250015,32.791126,30.488197
09/02/2024 14:00,0.494025,-6.0833335,105.250015,32.786564,30.425144
09/02/2024 15:00,0.494025,-6.0833335,105.250015,32.785007,30.371918
09/02/2024 16:00,0.494025,-6.0833335,105.250015,32.78531,30.321682
09/02/2024 17:00,0.494025,-6.0833335,105.250015,32.78534,30.27021
09/02/2024 18:00,0.494025,-6.0833335,105.250015,32.785458,30.216019
09/02/2024 19:00,0.494025,-6.0833335,105.250015,32.78522,30.157305
09/02/2024 20:00,0.494025,-6.0833335,105.250015,32.785442,30.118774
09/02/2024 21:00,0.494025,-6.0833335,105.250015,32.785767,30.085733
09/02/2024 22:00,0.494025,-6.0833335,105.250015,32.786137,30.052906
09/02/2024 23:00,0.494025,-6.0833335,105.250015,32.784046,30.021082
10/02/2024 00:00,0.494025,-6.0833335,105.250015,32.785183,30.011827
10/02/2024 01:00,0.494025,-6.0833335,105.250015,32.788025,30.03804
10/02/2024 02:00,0.494025,-6.0833335,105.250015,32.78186,30.115818
10/02/2024 03:00,0.494025,-6.0833335,105.250015,32.775436,30.248882
10/02/2024 04:00,0.494025,-6.0833335,105.250015,32.76918,30.391062
10/02/2024 05:00,0.494025,-6.0833335,105.250015,32.752052,30.603943
10/02/2024 06:00,0.494025,-6.0833335,105.250015,32.750748,30.692451
10/02/2024 07:00,0.494025,-6.0833335,105.250015,32.759315,30.630169
10/02/2024 08:00,0.494025,-6.0833335,105.250015,32.756104,30.60064
10/02/2024 09:00,0.494025,-6.0833335,105.250015,32.75375,30.546854
10/02/2024 10:00,0.494025,-6.0833335,105.250015,32.751938,30.485886
10/02/2024 11:00,0.494025,-6.0833335,105.250015,32.750977,30.412785
10/02/2024 12:00,0.494025,-6.0833335,105.250015,32.73722,30.336533
10/02/2024 13:00,0.494025,-6.0833335,105.250015,32.728157,30.294285
10/02/2024 14:00,0.494025,-6.0833335,105.250015,32.73574,30.26564
10/02/2024 15:00,0.494025,-6.0833335,105.250015,32.739902,30.225746
10/02/2024 16:00,0.494025,-6.0833335,105.250015,32.742138,30.178555
10/02/2024 17:00,0.494025,-6.0833335,105.250015,32.74418,30.136232
10/02/2024 18:00,0.494025,-6.0833335,105.250015,32.748516,30.09777
10/02/2024 19:00,0.494025,-6.0833335,105.250015,32.752716,30.063395
10/02/2024 20:00,0.494025,-6.0833335,105.250015,32.755466,30.03618
10/02/2024 21:00,0.494025,-6.0833335,105.250015,32.761955,30.020298
10/02/2024 22:00,0.494025,-6.0833335,105.250015,32.77132,30.007208
10/02/2024 23:00,0.494025,-6.0833335,105.250015,32.77998,30.003235
11/02/2024 00:00,0.494025,-6.0833335,105.250015,32.786312,30.008451
11/02/2024 01:00,0.494025,-6.0833335,105.250015,32.789497,30.049969
11/02/2024 02:00,0.494025,-6.0833335,105.250015,32.792355,30.179756
11/02/2024 03:00,0.494025,-6.0833335,105.250015,32.79449,30.387066
11/02/2024 04:00,0.494025,-6.0833335,105.250015,32.796246,30.636486
11/02/2024 05:00,0.494025,-6.0833335,105.250015,32.797634,30.899925
11/02/2024 06:00,0.494025,-6.0833335,105.250015,32.798763,31.139597
11/02/2024 07:00,0.494025,-6.0833335,105.250015,32.799915,31.318459
11/02/2024 08:00,0.494025,-6.0833335,105.250015,32.80146,31.402355
11/02/2024 09:00,0.494025,-6.0833335,105.250015,32.802177,31.344955
11/02/2024 10:00,0.494025,-6.0833335,105.250015,32.800926,31.129436
11/02/2024 11:00,0.494025,-6.0833335,105.250015,32.798878,30.889019
11/02/2024 12:00,0.494025,-6.0833335,105.250015,32.79944,30.76658
11/02/2024 13:00,0.494025,-6.0833335,105.250015,32.800743,30.681543
11/02/2024 14:00,0.494025,-6.0833335,105.250015,32.801296,30.597757
11/02/2024 15:00,0.494025,-6.0833335,105.250015,32.80152,30.513245
11/02/2024 16:00,0.494025,-6.0833335,105.250015,32.80327,30.428896
11/02/2024 17:00,0.494025,-6.0833335,105.250015,32.80386,30.34072
11/02/2024 18:00,0.494025,-6.0833335,105.250015,32.795166,30.261705
11/02/2024 19:00,0.494025,-6.0833335,105.250015,32.79128,30.179876
11/02/2024 20:00,0.494025,-6.0833335,105.250015,32.795097,30.116428
11/02/2024 21:00,0.494025,-6.0833335,105.250015,32.798855,30.076849
11/02/2024 22:00,0.494025,-6.0833335,105.250015,32.802986,30.050402
11/02/2024 23:00,0.494025,-6.0833335,105.250015,32.80855,30.035822
12/02/2024 00:00,0.494025,-6.0833335,105.250015,32.812748,30.038158
12/02/2024 01:00,0.494025,-6.0833335,105.250015,32.815517,30.07844
12/02/2024 02:00,0.494025,-6.0833335,105.250015,32.81717,30.201513
12/02/2024 03:00,0.494025,-6.0833335,105.250015,32.8184,30.403158
12/02/2024 04:00,0.494025,-6.0833335,105.250015,32.81969,30.642801
12/02/2024 05:00,0.494025,-6.0833335,105.250015,32.821102,30.90026
12/02/2024 06:00,0.494025,-6.0833335,105.250015,32.8228,31.139097
12/02/2024 07:00,0.494025,-6.0833335,105.250015,32.825253,31.31654
12/02/2024 08:00,0.494025,-6.0833335,105.250015,32.82866,31.402025
12/02/2024 09:00,0.494025,-6.0833335,105.250015,32.832584,31.375322
12/02/2024 10:00,0.494025,-6.0833335,105.250015,32.83562,31.214079
12/02/2024 11:00,0.494025,-6.0833335,105.250015,32.83625,30.9889
12/02/2024 12:00,0.494025,-6.0833335,105.250015,32.8354,30.81693
12/02/2024 13:00,0.494025,-6.0833335,105.250015,32.8354,30.694725
12/02/2024 14:00,0.494025,-6.0833335,105.250015,32.840263,30.535461
12/02/2024 15:00,0.494025,-6.0833335,105.250015,32.847046,30.416351
12/02/2024 16:00,0.494025,-6.0833335,105.250015,32.85287,30.351555
12/02/2024 17:00,0.494025,-6.0833335,105.250015,32.858166,30.302301
12/02/2024 18:00,0.494025,-6.0833335,105.250015,32.862816,30.261969
12/02/2024 19:00,0.494025,-6.0833335,105.250015,32.867146,30.238008
12/02/2024 20:00,0.494025,-6.0833335,105.250015,32.871117,30.229439
12/02/2024 21:00,0.494025,-6.0833335,105.250015,32.874485,30.215132
12/02/2024 22:00,0.494025,-6.0833335,105.250015,32.877247,30.194263
12/02/2024 23:00,0.494025,-6.0833335,105.250015,32.87886,30.179272
13/02/2024 00:00,0.494025,-6.0833335,105.250015,32.88129,30.185057
13/02/2024 01:00,0.494025,-6.0833335,105.250015,32.88357,30.217482
13/02/2024 02:00,0.494025,-6.0833335,105.250015,32.88561,30.289999
13/02/2024 03:00,0.494025,-6.0833335,105.250015,32.887745,30.397242
13/02/2024 04:00,0.494025,-6.0833335,105.250015,32.890755,30.54406
13/02/2024 05:00,0.494025,-6.0833335,105.250015,32.89512,30.76885
13/02/2024 06:00,0.494025,-6.0833335,105.250015,32.899498,31.017506
13/02/2024 07:00,0.494025,-6.0833335,105.250015,32.903687,31.213623
13/02/2024 08:00,0.494025,-6.0833335,105.250015,32.908886,31.295656
13/02/2024 09:00,0.494025,-6.0833335,105.250015,32.913574,31.247807
13/02/2024 10:00,0.494025,-6.0833335,105.250015,32.917168,31.152664
13/02/2024 11:00,0.494025,-6.0833335,105.250015,32.920616,31.047207
13/02/2024 12:00,0.494025,-6.0833335,105.250015,32.92417,30.940338
13/02/2024 13:00,0.494025,-6.0833335,105.250015,32.925533,30.854858
13/02/2024 14:00,0.494025,-6.0833335,105.250015,32.92106,30.803741
13/02/2024 15:00,0.494025,-6.0833335,105.250015,32.91987,30.731884
13/02/2024 16:00,0.494025,-6.0833335,105.250015,32.91066,30.675264
13/02/2024 17:00,0.494025,-6.0833335,105.250015,32.903957,30.636732
13/02/2024 18:00,0.494025,-6.0833335,105.250015,32.899117,30.601852
13/02/2024 19:00,0.494025,-6.0833335,105.250015,32.89695,30.581343
13/02/2024 20:00,0.494025,-6.0833335,105.250015,32.894787,30.559525
13/02/2024 21:00,0.494025,-6.0833335,105.250015,32.88914,30.535828
13/02/2024 22:00,0.494025,-6.0833335,105.250015,32.84364,30.481956
13/02/2024 23:00,0.494025,-6.0833335,105.250015,32.773067,30.376236
14/02/2024 00:00,0.494025,-6.0833335,105.250015,32.731293,30.318659
14/02/2024 01:00,0.494025,-6.0833335,105.250015,32.651825,30.305609
14/02/2024 02:00,0.494025,-6.0833335,105.250015,32.598,30.338156
14/02/2024 03:00,0.494025,-6.0833335,105.250015,32.61206,30.401127
14/02/2024 04:00,0.494025,-6.0833335,105.250015,32.651947,30.53099
14/02/2024 05:00,0.494025,-6.0833335,105.250015,32.661,30.698143
14/02/2024 06:00,0.494025,-6.0833335,105.250015,32.66344,30.848719
14/02/2024 07:00,0.494025,-6.0833335,105.250015,32.671993,30.997683
14/02/2024 08:00,0.494025,-6.0833335,105.250015,32.68089,31.076208
14/02/2024 09:00,0.494025,-6.0833335,105.250015,32.689262,31.08769
14/02/2024 10:00,0.494025,-6.0833335,105.250015,32.697536,31.028118
14/02/2024 11:00,0.494025,-6.0833335,105.250015,32.70632,30.911636
14/02/2024 12:00,0.494025,-6.0833335,105.250015,32.7187,30.788765
14/02/2024 13:00,0.494025,-6.0833335,105.250015,32.747902,30.727434
14/02/2024 14:00,0.494025,-6.0833335,105.250015,32.75907,30.688734
14/02/2024 15:00,0.494025,-6.0833335,105.250015,32.764675,30.645096
14/02/2024 16:00,0.494025,-6.0833335,105.250015,32.772987,30.609821
14/02/2024 17:00,0.494025,-6.0833335,105.250015,32.78824,30.596949
14/02/2024 18:00,0.494025,-6.0833335,105.250015,32.79777,30.581959
14/02/2024 19:00,0.494025,-6.0833335,105.250015,32.80376,30.559135
14/02/2024 20:00,0.494025,-6.0833335,105.250015,32.814655,30.554401
14/02/2024 21:00,0.494025,-6.0833335,105.250015,32.820286,30.542387
14/02/2024 22:00,0.494025,-6.0833335,105.250015,32.824554,30.531979
14/02/2024 23:00,0.494025,-6.0833335,105.250015,32.826866,30.518362
15/02/2024 00:00,0.494025,-6.0833335,105.250015,32.82161,30.511948
15/02/2024 01:00,0.494025,-6.0833335,105.250015,32.81401,30.549957
15/02/2024 02:00,0.494025,-6.0833335,105.250015,32.81728,30.671995
15/02/2024 03:00,0.494025,-6.0833335,105.250015,32.82057,30.85187
15/02/2024 04:00,0.494025,-6.0833335,105.250015,32.823322,31.065016
15/02/2024 05:00,0.494025,-6.0833335,105.250015,32.824524,31.299677
15/02/2024 06:00,0.494025,-6.0833335,105.250015,32.820427,31.477863
15/02/2024 07:00,0.494025,-6.0833335,105.250015,32.813206,31.557093
15/02/2024 08:00,0.494025,-6.0833335,105.250015,32.81289,31.568182
15/02/2024 09:00,0.494025,-6.0833335,105.250015,32.817635,31.53114
15/02/2024 10:00,0.494025,-6.0833335,105.250015,32.821987,31.454674
15/02/2024 11:00,0.494025,-6.0833335,105.250015,32.826263,31.336369
15/02/2024 12:00,0.494025,-6.0833335,105.250015,32.82998,31.211824
15/02/2024 13:00,0.494025,-6.0833335,105.250015,32.833344,31.093897
15/02/2024 14:00,0.494025,-6.0833335,105.250015,32.83653,30.985878
15/02/2024 15:00,0.494025,-6.0833335,105.250015,32.83905,30.889172
15/02/2024 16:00,0.494025,-6.0833335,105.250015,32.838898,30.82863
15/02/2024 17:00,0.494025,-6.0833335,105.250015,32.837795,30.803919
15/02/2024 18:00,0.494025,-6.0833335,105.250015,32.838722,30.745441
15/02/2024 19:00,0.494025,-6.0833335,105.250015,32.838497,30.702286
15/02/2024 20:00,0.494025,-6.0833335,105.250015,32.839226,30.669453
15/02/2024 21:00,0.494025,-6.0833335,105.250015,32.838,30.628712
15/02/2024 22:00,0.494025,-6.0833335,105.250015,32.82336,30.578136
15/02/2024 23:00,0.494025,-6.0833335,105.250015,32.815987,30.542173
16/02/2024 00:00,0.494025,-6.0833335,105.250015,32.821053,30.530523
16/02/2024 01:00,0.494025,-6.0833335,105.250015,32.813293,30.536482
16/02/2024 02:00,0.494025,-6.0833335,105.250015,32.806858,30.567171
16/02/2024 03:00,0.494025,-6.0833335,105.250015,32.813858,30.59764
16/02/2024 04:00,0.494025,-6.0833335,105.250015,32.82224,30.63261
16/02/2024 05:00,0.494025,-6.0833335,105.250015,32.827194,30.697174
16/02/2024 06:00,0.494025,-6.0833335,105.250015,32.831535,30.784283
16/02/2024 07:00,0.494025,-6.0833335,105.250015,32.836018,30.865417
16/02/2024 08:00,0.494025,-6.0833335,105.250015,32.841206,30.933119
16/02/2024 09:00,0.494025,-6.0833335,105.250015,32.844254,30.944435
16/02/2024 10:00,0.494025,-6.0833335,105.250015,32.846928,30.904272
16/02/2024 11:00,0.494025,-6.0833335,105.250015,32.8436,30.841995
16/02/2024 12:00,0.494025,-6.0833335,105.250015,32.79281,30.771074
16/02/2024 13:00,0.494025,-6.0833335,105.250015,32.7131,30.663864
16/02/2024 14:00,0.494025,-6.0833335,105.250015,32.664303,30.55392
16/02/2024 15:00,0.494025,-6.0833335,105.250015,32.57232,30.443117
16/02/2024 16:00,0.494025,-6.0833335,105.250015,32.501545,30.32924
16/02/2024 17:00,0.494025,-6.0833335,105.250015,32.513508,30.23436
16/02/2024 18:00,0.494025,-6.0833335,105.250015,32.536873,30.158764
16/02/2024 19:00,0.494025,-6.0833335,105.250015,32.66116,30.346664
16/02/2024 20:00,0.494025,-6.0833335,105.250015,32.707294,30.388954
16/02/2024 21:00,0.494025,-6.0833335,105.250015,32.748222,30.435955
16/02/2024 22:00,0.494025,-6.0833335,105.250015,32.776737,30.469032
16/02/2024 23:00,0.494025,-6.0833335,105.250015,32.758835,30.437664
17/02/2024 00:00,0.494025,-6.0833335,105.250015,32.72041,30.38273
17/02/2024 01:00,0.494025,-6.0833335,105.250015,32.721157,30.416233
17/02/2024 02:00,0.494025,-6.0833335,105.250015,32.720314,30.522425
17/02/2024 03:00,0.494025,-6.0833335,105.250015,32.721752,30.69516
17/02/2024 04:00,0.494025,-6.0833335,105.250015,32.72235,30.932158
17/02/2024 05:00,0.494025,-6.0833335,105.250015,32.714752,31.180662
17/02/2024 06:00,0.494025,-6.0833335,105.250015,32.705177,31.386087
17/02/2024 07:00,0.494025,-6.0833335,105.250015,32.706,31.540688
17/02/2024 08:00,0.494025,-6.0833335,105.250015,32.716568,31.5361
17/02/2024 09:00,0.494025,-6.0833335,105.250015,32.724342,31.43397
17/02/2024 10:00,0.494025,-6.0833335,105.250015,32.729977,31.313072
17/02/2024 11:00,0.494025,-6.0833335,105.250015,32.721775,31.228632
17/02/2024 12:00,0.494025,-6.0833335,105.250015,32.71081,31.155752
17/02/2024 13:00,0.494025,-6.0833335,105.250015,32.717834,31.065702
17/02/2024 14:00,0.494025,-6.0833335,105.250015,32.728714,30.987907
17/02/2024 15:00,0.494025,-6.0833335,105.250015,32.73163,30.949787
17/02/2024 16:00,0.494025,-6.0833335,105.250015,32.733334,30.911888
17/02/2024 17:00,0.494025,-6.0833335,105.250015,32.728676,30.865782
17/02/2024 18:00,0.494025,-6.0833335,105.250015,32.68014,30.799894
17/02/2024 19:00,0.494025,-6.0833335,105.250015,32.607517,30.670898
17/02/2024 20:00,0.494025,-6.0833335,105.250015,32.62389,30.632687
17/02/2024 21:00,0.494025,-6.0833335,105.250015,32.67614,30.701479
17/02/2024 22:00,0.494025,-6.0833335,105.250015,32.687244,30.6978
17/02/2024 23:00,0.494025,-6.0833335,105.250015,32.69185,30.672153
18/02/2024 00:00,0.494025,-6.0833335,105.250015,32.702164,30.668442
18/02/2024 01:00,0.494025,-6.0833335,105.250015,32.708385,30.685417
18/02/2024 02:00,0.494025,-6.0833335,105.250015,32.711143,30.730633
18/02/2024 03:00,0.494025,-6.0833335,105.250015,32.713814,30.781418
18/02/2024 04:00,0.494025,-6.0833335,105.250015,32.71698,30.835201
18/02/2024 05:00,0.494025,-6.0833335,105.250015,32.720932,30.915516
18/02/2024 06:00,0.494025,-6.0833335,105.250015,32.726234,31.06902
18/02/2024 07:00,0.494025,-6.0833335,105.250015,32.73254,31.2807
18/02/2024 08:00,0.494025,-6.0833335,105.250015,32.739315,31.422636
18/02/2024 09:00,0.494025,-6.0833335,105.250015,32.746532,31.466446
18/02/2024 10:00,0.494025,-6.0833335,105.250015,32.75377,31.403822
18/02/2024 11:00,0.494025,-6.0833335,105.250015,32.753403,31.232964
18/02/2024 12:00,0.494025,-6.0833335,105.250015,32.752674,31.106237
18/02/2024 13:00,0.494025,-6.0833335,105.250015,32.751007,31.001917
18/02/2024 14:00,0.494025,-6.0833335,105.250015,32.75303,30.931843
18/02/2024 15:00,0.494025,-6.0833335,105.250015,32.76137,30.883219
18/02/2024 16:00,0.494025,-6.0833335,105.250015,32.769264,30.848238
18/02/2024 17:00,0.494025,-6.0833335,105.250015,32.77628,30.815266
18/02/2024 18:00,0.494025,-6.0833335,105.250015,32.784393,30.786575
18/02/2024 19:00,0.494025,-6.0833335,105.250015,32.79432,30.762726
18/02/2024 20:00,0.494025,-6.0833335,105.250015,32.805447,30.73832
18/02/2024 21:00,0.494025,-6.0833335,105.250015,32.816032,30.714987
18/02/2024 22:00,0.494025,-6.0833335,105.250015,32.824963,30.688623
18/02/2024 23:00,0.494025,-6.0833335,105.250015,32.832245,30.66004
19/02/2024 00:00,0.494025,-6.0833335,105.250015,32.839436,30.646246
19/02/2024 01:00,0.494025,-6.0833335,105.250015,32.846558,30.658447
19/02/2024 02:00,0.494025,-6.0833335,105.250015,32.85229,30.696781
19/02/2024 03:00,0.494025,-6.0833335,105.250015,32.857525,30.742275
19/02/2024 04:00,0.494025,-6.0833335,105.250015,32.862984,30.781935
19/02/2024 05:00,0.494025,-6.0833335,105.250015,32.86871,30.83925
19/02/2024 06:00,0.494025,-6.0833335,105.250015,32.87411,30.919645
19/02/2024 07:00,0.494025,-6.0833335,105.250015,32.879257,30.996056
19/02/2024 08:00,0.494025,-6.0833335,105.250015,32.8843,31.03725
19/02/2024 09:00,0.494025,-6.0833335,105.250015,32.888786,31.026815
19/02/2024 10:00,0.494025,-6.0833335,105.250015,32.892246,30.976824
19/02/2024 11:00,0.494025,-6.0833335,105.250015,32.895054,30.913818
19/02/2024 12:00,0.494025,-6.0833335,105.250015,32.89764,30.86626
19/02/2024 13:00,0.494025,-6.0833335,105.250015,32.903694,30.823265
19/02/2024 14:00,0.494025,-6.0833335,105.250015,32.910885,30.788635
19/02/2024 15:00,0.494025,-6.0833335,105.250015,32.920597,30.751274
19/02/2024 16:00,0.494025,-6.0833335,105.250015,32.930653,30.716187
19/02/2024 17:00,0.494025,-6.0833335,105.250015,32.94017,30.686165
19/02/2024 18:00,0.494025,-6.0833335,105.250015,32.948315,30.66304
19/02/2024 19:00,0.494025,-6.0833335,105.250015,32.95533,30.639816
19/02/2024 20:00,0.494025,-6.0833335,105.250015,32.961853,30.61546
19/02/2024 21:00,0.494025,-6.0833335,105.250015,32.968655,30.59502
19/02/2024 22:00,0.494025,-6.0833335,105.250015,32.975647,30.578993
19/02/2024 23:00,0.494025,-6.0833335,105.250015,32.981045,30.56823
20/02/2024 00:00,0.494025,-6.0833335,105.250015,32.983727,30.566227
20/02/2024 01:00,0.494025,-6.0833335,105.250015,32.985344,30.579338
20/02/2024 02:00,0.494025,-6.0833335,105.250015,32.986603,30.610445
20/02/2024 03:00,0.494025,-6.0833335,105.250015,32.98765,30.662407
20/02/2024 04:00,0.494025,-6.0833335,105.250015,32.988655,30.739954
20/02/2024 05:00,0.494025,-6.0833335,105.250015,32.989555,30.841286
20/02/2024 06:00,0.494025,-6.0833335,105.250015,32.990093,30.971352
20/02/2024 07:00,0.494025,-6.0833335,105.250015,32.989693,31.091843
20/02/2024 08:00,0.494025,-6.0833335,105.250015,32.987995,31.164053
20/02/2024 09:00,0.494025,-6.0833335,105.250015,32.98445,31.172693
20/02/2024 10:00,0.494025,-6.0833335,105.250015,32.97448,31.124947
20/02/2024 11:00,0.494025,-6.0833335,105.250015,32.96049,31.064312
20/02/2024 12:00,0.494025,-6.0833335,105.250015,32.9523,31.004772
20/02/2024 13:00,0.494025,-6.0833335,105.250015,32.945587,30.956436
20/02/2024 14:00,0.494025,-6.0833335,105.250015,32.935318,30.899637
20/02/2024 15:00,0.494025,-6.0833335,105.250015,32.91401,30.831127
20/02/2024 16:00,0.494025,-6.0833335,105.250015,32.879784,30.77197
20/02/2024 17:00,0.494025,-6.0833335,105.250015,32.86141,30.736792
20/02/2024 18:00,0.494025,-6.0833335,105.250015,32.84496,30.703651
20/02/2024 19:00,0.494025,-6.0833335,105.250015,32.820995,30.671005
20/02/2024 20:00,0.494025,-6.0833335,105.250015,32.78902,30.634773
20/02/2024 21:00,0.494025,-6.0833335,105.250015,32.700462,30.542828
20/02/2024 22:00,0.494025,-6.0833335,105.250015,32.609585,30.41136
20/02/2024 23:00,0.494025,-6.0833335,105.250015,32.609207,30.414703
21/02/2024 00:00,0.494025,-6.0833335,105.250015,32.58692,30.426435
21/02/2024 01:00,0.494025,-6.0833335,105.250015,32.515873,30.435999
21/02/2024 02:00,0.494025,-6.0833335,105.250015,32.38827,30.479052
21/02/2024 03:00,0.494025,-6.0833335,105.250015,32.274303,30.52035
21/02/2024 04:00,0.494025,-6.0833335,105.250015,32.20439,30.589178
21/02/2024 05:00,0.494025,-6.0833335,105.250015,32.143757,30.69673
21/02/2024 06:00,0.494025,-6.0833335,105.250015,32.09255,30.686012
21/02/2024 07:00,0.494025,-6.0833335,105.250015,32.049904,30.539228
21/02/2024 08:00,0.494025,-6.0833335,105.250015,32.007977,30.438229
21/02/2024 09:00,0.494025,-6.0833335,105.250015,31.96676,30.365957
21/02/2024 10:00,0.494025,-6.0833335,105.250015,31.930765,30.297422
21/02/2024 11:00,0.494025,-6.0833335,105.250015,31.891676,30.231916
21/02/2024 12:00,0.494025,-6.0833335,105.250015,31.838984,30.169424
21/02/2024 13:00,0.494025,-6.0833335,105.250015,31.793285,30.115881
21/02/2024 14:00,0.494025,-6.0833335,105.250015,31.759779,30.061886
21/02/2024 15:00,0.494025,-6.0833335,105.250015,31.713993,30.006369
21/02/2024 16:00,0.494025,-6.0833335,105.250015,31.707237,29.965237
21/02/2024 17:00,0.494025,-6.0833335,105.250015,31.720966,29.93514
21/02/2024 18:00,0.494025,-6.0833335,105.250015,31.756998,29.916336
21/02/2024 19:00,0.494025,-6.0833335,105.250015,31.788021,29.894566
21/02/2024 20:00,0.494025,-6.0833335,105.250015,31.820232,29.872026
21/02/2024 21:00,0.494025,-6.0833335,105.250015,31.852028,29.85139
21/02/2024 22:00,0.494025,-6.0833335,105.250015,31.875816,29.826784
21/02/2024 23:00,0.494025,-6.0833335,105.250015,31.877747,29.798735
22/02/2024 00:00,0.494025,-6.0833335,105.250015,31.876364,29.776094
22/02/2024 01:00,0.494025,-6.0833335,105.250015,31.89167,29.77685
22/02/2024 02:00,0.494025,-6.0833335,105.250015,31.915514,29.796772
22/02/2024 03:00,0.494025,-6.0833335,105.250015,31.944677,29.829096
22/02/2024 04:00,0.494025,-6.0833335,105.250015,31.96409,29.874321
22/02/2024 05:00,0.494025,-6.0833335,105.250015,31.973934,29.935827
22/02/2024 06:00,0.494025,-6.0833335,105.250015,31.981258,30.01372
22/02/2024 07:00,0.494025,-6.0833335,105.250015,31.989193,30.073713
22/02/2024 08:00,0.494025,-6.0833335,105.250015,32.00066,30.110043
22/02/2024 09:00,0.494025,-6.0833335,105.250015,32.01896,30.128277
22/02/2024 10:00,0.494025,-6.0833335,105.250015,32.043007,30.117887
22/02/2024 11:00,0.494025,-6.0833335,105.250015,32.066265,30.091784
22/02/2024 12:00,0.494025,-6.0833335,105.250015,32.087894,30.067621
22/02/2024 13:00,0.494025,-6.0833335,105.250015,32.11116,30.051792
22/02/2024 14:00,0.494025,-6.0833335,105.250015,32.13606,30.040462
22/02/2024 15:00,0.494025,-6.0833335,105.250015,32.162613,30.032923
22/02/2024 16:00,0.494025,-6.0833335,105.250015,32.18966,30.025934
22/02/2024 17:00,0.494025,-6.0833335,105.250015,32.21917,30.01892
22/02/2024 18:00,0.494025,-6.0833335,105.250015,32.254807,30.015602
22/02/2024 19:00,0.494025,-6.0833335,105.250015,32.296337,30.01744
22/02/2024 20:00,0.494025,-6.0833335,105.250015,32.33935,30.02178
22/02/2024 21:00,0.494025,-6.0833335,105.250015,32.378784,30.027485
22/02/2024 22:00,0.494025,-6.0833335,105.250015,32.414383,30.036331
22/02/2024 23:00,0.494025,-6.0833335,105.250015,32.4462,30.047497
23/02/2024 00:00,0.494025,-6.0833335,105.250015,32.471703,30.06681
23/02/2024 01:00,0.494025,-6.0833335,105.250015,32.4914,30.103052
23/02/2024 02:00,0.494025,-6.0833335,105.250015,32.509964,30.143227
23/02/2024 03:00,0.494025,-6.0833335,105.250015,32.528,30.209846
23/02/2024 04:00,0.494025,-6.0833335,105.250015,32.544796,30.300528
23/02/2024 05:00,0.494025,-6.0833335,105.250015,32.561817,30.372536
23/02/2024 06:00,0.494025,-6.0833335,105.250015,32.57873,30.42111
23/02/2024 07:00,0.494025,-6.0833335,105.250015,32.595345,30.445833
23/02/2024 08:00,0.494025,-6.0833335,105.250015,32.612473,30.450142
23/02/2024 09:00,0.494025,-6.0833335,105.250015,32.631767,30.445671
23/02/2024 10:00,0.494025,-6.0833335,105.250015,32.650246,30.42541
23/02/2024 11:00,0.494025,-6.0833335,105.250015,32.66575,30.39518
23/02/2024 12:00,0.494025,-6.0833335,105.250015,32.680367,30.36564
23/02/2024 13:00,0.494025,-6.0833335,105.250015,32.69435,30.337536
23/02/2024 14:00,0.494025,-6.0833335,105.250015,32.705536,30.309624
23/02/2024 15:00,0.494025,-6.0833335,105.250015,32.715458,30.283306
23/02/2024 16:00,0.494025,-6.0833335,105.250015,32.725452,30.257004
23/02/2024 17:00,0.494025,-6.0833335,105.250015,32.733124,30.22883
23/02/2024 18:00,0.494025,-6.0833335,105.250015,32.738117,30.202375
23/02/2024 19:00,0.494025,-6.0833335,105.250015,32.741344,30.178251
23/02/2024 20:00,0.494025,-6.0833335,105.250015,32.738174,30.15234
23/02/2024 21:00,0.494025,-6.0833335,105.250015,32.737797,30.12302
23/02/2024 22:00,0.494025,-6.0833335,105.250015,32.737972,30.093632
23/02/2024 23:00,0.494025,-6.0833335,105.250015,32.736824,30.071749
24/02/2024 00:00,0.494025,-6.0833335,105.250015,32.73402,30.06132
24/02/2024 01:00,0.494025,-6.0833335,105.250015,32.727516,30.064915
24/02/2024 02:00,0.494025,-6.0833335,105.250015,32.71741,30.096579
24/02/2024 03:00,0.494025,-6.0833335,105.250015,32.70438,30.167845
24/02/2024 04:00,0.494025,-6.0833335,105.250015,32.689445,30.269323
24/02/2024 05:00,0.494025,-6.0833335,105.250015,32.673283,30.378119
24/02/2024 06:00,0.494025,-6.0833335,105.250015,32.653763,30.441652
24/02/2024 07:00,0.494025,-6.0833335,105.250015,32.629066,30.4364
24/02/2024 08:00,0.494025,-6.0833335,105.250015,32.599342,30.390604
24/02/2024 09:00,0.494025,-6.0833335,105.250015,32.56408,30.327208
24/02/2024 10:00,0.494025,-6.0833335,105.250015,32.525978,30.262115
24/02/2024 11:00,0.494025,-6.0833335,105.250015,32.481796,30.19666
24/02/2024 12:00,0.494025,-6.0833335,105.250015,32.43165,30.139118
24/02/2024 13:00,0.494025,-6.0833335,105.250015,32.38167,30.090616
24/02/2024 14:00,0.494025,-6.0833335,105.250015,32.33113,30.051725
24/02/2024 15:00,0.494025,-6.0833335,105.250015,32.281403,30.01765
24/02/2024 16:00,0.494025,-6.0833335,105.250015,32.227814,29.980328
24/02/2024 17:00,0.494025,-6.0833335,105.250015,32.16295,29.93912
24/02/2024 18:00,0.494025,-6.0833335,105.250015,32.093903,29.895075
24/02/2024 19:00,0.494025,-6.0833335,105.250015,32.00138,29.840574
24/02/2024 20:00,0.494025,-6.0833335,105.250015,31.92048,29.772282
24/02/2024 21:00,0.494025,-6.0833335,105.250015,31.874336,29.722178
24/02/2024 22:00,0.494025,-6.0833335,105.250015,31.837135,29.693525
24/02/2024 23:00,0.494025,-6.0833335,105.250015,31.79633,29.676857
25/02/2024 00:00,0.494025,-6.0833335,105.250015,31.761047,29.662777
25/02/2024 01:00,0.494025,-6.0833335,105.250015,31.740444,29.67534
25/02/2024 02:00,0.494025,-6.0833335,105.250015,31.71752,29.720268
25/02/2024 03:00,0.494025,-6.0833335,105.250015,31.693521,29.774963
25/02/2024 04:00,0.494025,-6.0833335,105.250015,31.669643,29.83747
25/02/2024 05:00,0.494025,-6.0833335,105.250015,31.646347,29.916609
25/02/2024 06:00,0.494025,-6.0833335,105.250015,31.615871,29.99196
25/02/2024 07:00,0.494025,-6.0833335,105.250015,31.588795,30.016338
25/02/2024 08:00,0.494025,-6.0833335,105.250015,31.56855,30.016705
25/02/2024 09:00,0.494025,-6.0833335,105.250015,31.54514,29.999964
25/02/2024 10:00,0.494025,-6.0833335,105.250015,31.521769,29.945154
25/02/2024 11:00,0.494025,-6.0833335,105.250015,31.514826,29.895857
25/02/2024 12:00,0.494025,-6.0833335,105.250015,31.515827,29.864767
25/02/2024 13:00,0.494025,-6.0833335,105.250015,31.515491,29.837639
25/02/2024 14:00,0.494025,-6.0833335,105.250015,31.51511,29.814962
25/02/2024 15:00,0.494025,-6.0833335,105.250015,31.5169,29.793339
25/02/2024 16:00,0.494025,-6.0833335,105.250015,31.527903,29.77618
25/02/2024 17:00,0.494025,-6.0833335,105.250015,31.54121,29.773487
25/02/2024 18:00,0.494025,-6.0833335,105.250015,31.552748,29.776478
25/02/2024 19:00,0.494025,-6.0833335,105.250015,31.56836,29.773212
25/02/2024 20:00,0.494025,-6.0833335,105.250015,31.586742,29.77455
25/02/2024 21:00,0.494025,-6.0833335,105.250015,31.609482,29.78167
25/02/2024 22:00,0.494025,-6.0833335,105.250015,31.648369,29.801174
25/02/2024 23:00,0.494025,-6.0833335,105.250015,31.70818,29.830854
26/02/2024 00:00,0.494025,-6.0833335,105.250015,31.769682,29.860153
26/02/2024 01:00,0.494025,-6.0833335,105.250015,31.82617,29.892181
26/02/2024 02:00,0.494025,-6.0833335,105.250015,31.87549,29.938719
26/02/2024 03:00,0.494025,-6.0833335,105.250015,31.919792,29.997091
26/02/2024 04:00,0.494025,-6.0833335,105.250015,31.965237,30.067146
26/02/2024 05:00,0.494025,-6.0833335,105.250015,32.009277,30.142427
26/02/2024 06:00,0.494025,-6.0833335,105.250015,32.052776,30.197933
26/02/2024 07:00,0.494025,-6.0833335,105.250015,32.09419,30.234303
26/02/2024 08:00,0.494025,-6.0833335,105.250015,32.128323,30.248375
26/02/2024 09:00,0.494025,-6.0833335,105.250015,32.152763,30.2455
26/02/2024 10:00,0.494025,-6.0833335,105.250015,32.167095,30.22508
26/02/2024 11:00,0.494025,-6.0833335,105.250015,32.16655,30.18598
26/02/2024 12:00,0.494025,-6.0833335,105.250015,32.156372,30.146826
26/02/2024 13:00,0.494025,-6.0833335,105.250015,32.141003,30.111273
26/02/2024 14:00,0.494025,-6.0833335,105.250015,32.122154,30.077219
26/02/2024 15:00,0.494025,-6.0833335,105.250015,32.0975,30.044498
26/02/2024 16:00,0.494025,-6.0833335,105.250015,32.067467,30.00842
26/02/2024 17:00,0.494025,-6.0833335,105.250015,32.037876,29.97278
26/02/2024 18:00,0.494025,-6.0833335,105.250015,32.011856,29.941086
26/02/2024 19:00,0.494025,-6.0833335,105.250015,31.99317,29.912415
26/02/2024 20:00,0.494025,-6.0833335,105.250015,31.986334,29.88421
26/02/2024 21:00,0.494025,-6.0833335,105.250015,31.987316,29.857048
26/02/2024 22:00,0.494025,-6.0833335,105.250015,32.00376,29.832146
26/02/2024 23:00,0.494025,-6.0833335,105.250015,32.02643,29.810328
27/02/2024 00:00,0.494025,-6.0833335,105.250015,32.043068,29.801306
27/02/2024 01:00,0.494025,-6.0833335,105.250015,32.057884,29.811869
27/02/2024 02:00,0.494025,-6.0833335,105.250015,32.072342,29.840036
27/02/2024 03:00,0.494025,-6.0833335,105.250015,32.090588,29.877916
27/02/2024 04:00,0.494025,-6.0833335,105.250015,32.114506,29.924952
27/02/2024 05:00,0.494025,-6.0833335,105.250015,32.14316,29.983282
27/02/2024 06:00,0.494025,-6.0833335,105.250015,32.174904,30.060673
27/02/2024 07:00,0.494025,-6.0833335,105.250015,32.21087,30.140945
27/02/2024 08:00,0.494025,-6.0833335,105.250015,32.249878,30.192741
27/02/2024 09:00,0.494025,-6.0833335,105.250015,32.292324,30.196573
27/02/2024 10:00,0.494025,-6.0833335,105.250015,32.33505,30.168856
27/02/2024 11:00,0.494025,-6.0833335,105.250015,32.37266,30.124197
27/02/2024 12:00,0.494025,-6.0833335,105.250015,32.40341,30.0872
27/02/2024 13:00,0.494025,-6.0833335,105.250015,32.42702,30.059298
27/02/2024 14:00,0.494025,-6.0833335,105.250015,32.44413,30.032114
27/02/2024 15:00,0.494025,-6.0833335,105.250015,32.45593,30.005459
27/02/2024 16:00,0.494025,-6.0833335,105.250015,32.459454,29.9789
27/02/2024 17:00,0.494025,-6.0833335,105.250015,32.460327,29.952913
27/02/2024 18:00,0.494025,-6.0833335,105.250015,32.455677,29.928934
27/02/2024 19:00,0.494025,-6.0833335,105.250015,32.436993,29.90971
27/02/2024 20:00,0.494025,-6.0833335,105.250015,32.42256,29.887806
27/02/2024 21:00,0.494025,-6.0833335,105.250015,32.41914,29.869413
27/02/2024 22:00,0.494025,-6.0833335,105.250015,32.412865,29.848623
27/02/2024 23:00,0.494025,-6.0833335,105.250015,32.40737,29.829382
28/02/2024 00:00,0.494025,-6.0833335,105.250015,32.403664,29.82317
28/02/2024 01:00,0.494025,-6.0833335,105.250015,32.39944,29.832443
28/02/2024 02:00,0.494025,-6.0833335,105.250015,32.3985,29.886309
28/02/2024 03:00,0.494025,-6.0833335,105.250015,32.401062,30.008759
28/02/2024 04:00,0.494025,-6.0833335,105.250015,32.404922,30.177485
28/02/2024 05:00,0.494025,-6.0833335,105.250015,32.41002,30.359592
28/02/2024 06:00,0.494025,-6.0833335,105.250015,32.41694,30.450603
28/02/2024 07:00,0.494025,-6.0833335,105.250015,32.425793,30.426613
28/02/2024 08:00,0.494025,-6.0833335,105.250015,32.436375,30.43568
28/02/2024 09:00,0.494025,-6.0833335,105.250015,32.448265,30.442766
28/02/2024 10:00,0.494025,-6.0833335,105.250015,32.455444,30.368326
28/02/2024 11:00,0.494025,-6.0833335,105.250015,32.457497,30.211096
28/02/2024 12:00,0.494025,-6.0833335,105.250015,32.4718,30.07352
28/02/2024 13:00,0.494025,-6.0833335,105.250015,32.49291,29.968128
28/02/2024 14:00,0.494025,-6.0833335,105.250015,32.511154,29.893742
28/02/2024 15:00,0.494025,-6.0833335,105.250015,32.528534,29.838364
28/02/2024 16:00,0.494025,-6.0833335,105.250015,32.546898,29.799807
28/02/2024 17:00,0.494025,-6.0833335,105.250015,32.565952,29.771616
28/02/2024 18:00,0.494025,-6.0833335,105.250015,32.584824,29.748138
28/02/2024 19:00,0.494025,-6.0833335,105.250015,32.601685,29.729977
28/02/2024 20:00,0.494025,-6.0833335,105.250015,32.616367,29.713306
28/02/2024 21:00,0.494025,-6.0833335,105.250015,32.629486,29.700289
28/02/2024 22:00,0.494025,-6.0833335,105.250015,32.6402,29.68915
28/02/2024 23:00,0.494025,-6.0833335,105.250015,32.649097,29.683167
29/02/2024 00:00,0.494025,-6.0833335,105.250015,32.65552,29.696596
29/02/2024 01:00,0.494025,-6.0833335,105.250015,32.65644,29.719131
29/02/2024 02:00,0.494025,-6.0833335,105.250015,32.652607,29.74539
29/02/2024 03:00,0.494025,-6.0833335,105.250015,32.645874,29.786268
29/02/2024 04:00,0.494025,-6.0833335,105.250015,32.63686,29.820408
29/02/2024 05:00,0.494025,-6.0833335,105.250015,32.626495,29.845512
29/02/2024 06:00,0.494025,-6.0833335,105.250015,32.615532,29.881954
29/02/2024 07:00,0.494025,-6.0833335,105.250015,32.60361,29.923159
29/02/2024 08:00,0.494025,-6.0833335,105.250015,32.589413,29.943687
29/02/2024 09:00,0.494025,-6.0833335,105.250015,32.563305,29.910543
29/02/2024 10:00,0.494025,-6.0833335,105.250015,32.538097,29.842613
29/02/2024 11:00,0.494025,-6.0833335,105.250015,32.517452,29.791336
29/02/2024 12:00,0.494025,-6.0833335,105.250015,32.495743,29.765234
29/02/2024 13:00,0.494025,-6.0833335,105.250015,32.475224,29.748653
29/02/2024 14:00,0.494025,-6.0833335,105.250015,32.454952,29.733738
29/02/2024 15:00,0.494025,-6.0833335,105.250015,32.434082,29.720564
29/02/2024 16:00,0.494025,-6.0833335,105.250015,32.412907,29.707157
29/02/2024 17:00,0.494025,-6.0833335,105.250015,32.391598,29.692486
29/02/2024 18:00,0.494025,-6.0833335,105.250015,32.37027,29.676096
29/02/2024 19:00,0.494025,-6.0833335,105.250015,32.347393,29.65959
29/02/2024 20:00,0.494025,-6.0833335,105.250015,32.321213,29.643835
29/02/2024 21:00,0.494025,-6.0833335,105.250015,32.296112,29.629257
29/02/2024 22:00,0.494025,-6.0833335,105.250015,32.2728,29.616503
29/02/2024 23:00,0.494025,-6.0833335,105.250015,32.251324,29.610678
01/03/2024 00:00,0.494025,-6.0833335,105.250015,32.232002,29.615505
01/03/2024 01:00,0.494025,-6.0833335,105.250015,32.21431,29.652493
01/03/2024 02:00,0.494025,-6.0833335,105.250015,32.198364,29.7437
01/03/2024 03:00,0.494025,-6.0833335,105.250015,32.183693,29.867971
01/03/2024 04:00,0.494025,-6.0833335,105.250015,32.168846,30.013716
01/03/2024 05:00,0.494025,-6.0833335,105.250015,32.153526,30.17086
01/03/2024 06:00,0.494025,-6.0833335,105.250015,32.132202,30.243395
01/03/2024 07:00,0.494025,-6.0833335,105.250015,32.122746,30.27015
01/03/2024 08:00,0.494025,-6.0833335,105.250015,32.1229,30.230116
01/03/2024 09:00,0.494025,-6.0833335,105.250015,32.12019,30.161411
01/03/2024 10:00,0.494025,-6.0833335,105.250015,32.098885,30.097902
01/03/2024 11:00,0.494025,-6.0833335,105.250015,32.05303,30.043938
01/03/2024 12:00,0.494025,-6.0833335,105.250015,32.03649,30.001825
01/03/2024 13:00,0.494025,-6.0833335,105.250015,32.039738,29.966503
01/03/2024 14:00,0.494025,-6.0833335,105.250015,32.03205,29.929543
01/03/2024 15:00,0.494025,-6.0833335,105.250015,32.025562,29.900494
01/03/2024 16:00,0.494025,-6.0833335,105.250015,31.997381,29.874218
01/03/2024 17:00,0.494025,-6.0833335,105.250015,31.989796,29.846645
01/03/2024 18:00,0.494025,-6.0833335,105.250015,32.00078,29.822208
01/03/2024 19:00,0.494025,-6.0833335,105.250015,32.00446,29.805923
01/03/2024 20:00,0.494025,-6.0833335,105.250015,32.008217,29.792309
01/03/2024 21:00,0.494025,-6.0833335,105.250015,32.01302,29.784988
01/03/2024 22:00,0.494025,-6.0833335,105.250015,32.02016,29.781288
01/03/2024 23:00,0.494025,-6.0833335,105.250015,32.024403,29.783352
02/03/2024 00:00,0.494025,-6.0833335,105.250015,32.02746,29.792467
02/03/2024 01:00,0.494025,-6.0833335,105.250015,32.03099,29.82111
02/03/2024 02:00,0.494025,-6.0833335,105.250015,32.03308,29.887415
02/03/2024 03:00,0.494025,-6.0833335,105.250015,32.035275,30.002928
02/03/2024 04:00,0.494025,-6.0833335,105.250015,32.03764,30.21487
02/03/2024 05:00,0.494025,-6.0833335,105.250015,32.03947,30.49147
02/03/2024 06:00,0.494025,-6.0833335,105.250015,32.038544,30.74037
02/03/2024 07:00,0.494025,-6.0833335,105.250015,31.95018,30.89863
02/03/2024 08:00,0.494025,-6.0833335,105.250015,31.847916,30.907007
02/03/2024 09:00,0.494025,-6.0833335,105.250015,31.87293,30.73425
02/03/2024 10:00,0.494025,-6.0833335,105.250015,31.929096,30.491198
02/03/2024 11:00,0.494025,-6.0833335,105.250015,31.952707,30.3751
02/03/2024 12:00,0.494025,-6.0833335,105.250015,31.957966,30.311117
02/03/2024 13:00,0.494025,-6.0833335,105.250015,31.963385,30.256561
02/03/2024 14:00,0.494025,-6.0833335,105.250015,31.967535,30.2017
02/03/2024 15:00,0.494025,-6.0833335,105.250015,31.970572,30.14898
02/03/2024 16:00,0.494025,-6.0833335,105.250015,31.971977,30.094995
02/03/2024 17:00,0.494025,-6.0833335,105.250015,31.973776,30.044983
02/03/2024 18:00,0.494025,-6.0833335,105.250015,31.973522,29.996473
02/03/2024 19:00,0.494025,-6.0833335,105.250015,31.968426,29.942122
02/03/2024 20:00,0.494025,-6.0833335,105.250015,31.973309,29.892286
02/03/2024 21:00,0.494025,-6.0833335,105.250015,31.997566,29.868721
02/03/2024 22:00,0.494025,-6.0833335,105.250015,32.006546,29.830858
02/03/2024 23:00,0.494025,-6.0833335,105.250015,32.010986,29.794456
03/03/2024 00:00,0.494025,-6.0833335,105.250015,32.009945,29.782156
03/03/2024 01:00,0.494025,-6.0833335,105.250015,32.002426,29.795294
03/03/2024 02:00,0.494025,-6.0833335,105.250015,32.003326,29.88789
03/03/2024 03:00,0.494025,-6.0833335,105.250015,32.00729,30.08366
03/03/2024 04:00,0.494025,-6.0833335,105.250015,32.011105,30.333376
03/03/2024 05:00,0.494025,-6.0833335,105.250015,32.01357,30.588238
03/03/2024 06:00,0.494025,-6.0833335,105.250015,32.009068,30.75988
03/03/2024 07:00,0.494025,-6.0833335,105.250015,32.007553,30.770721
03/03/2024 08:00,0.494025,-6.0833335,105.250015,32.008167,30.685886
03/03/2024 09:00,0.494025,-6.0833335,105.250015,31.993805,30.588074
03/03/2024 10:00,0.494025,-6.0833335,105.250015,31.980263,30.50279
03/03/2024 11:00,0.494025,-6.0833335,105.250015,31.98244,30.353292
03/03/2024 12:00,0.494025,-6.0833335,105.250015,31.986944,30.24861
03/03/2024 13:00,0.494025,-6.0833335,105.250015,31.996315,30.170752
03/03/2024 14:00,0.494025,-6.0833335,105.250015,31.990608,30.110172
03/03/2024 15:00,0.494025,-6.0833335,105.250015,31.974571,30.058899
03/03/2024 16:00,0.494025,-6.0833335,105.250015,31.961576,30.01434
03/03/2024 17:00,0.494025,-6.0833335,105.250015,31.959133,29.975906
03/03/2024 18:00,0.494025,-6.0833335,105.250015,31.961782,29.938066
03/03/2024 19:00,0.494025,-6.0833335,105.250015,31.969711,29.905933
03/03/2024 20:00,0.494025,-6.0833335,105.250015,31.977465,29.87887
03/03/2024 21:00,0.494025,-6.0833335,105.250015,31.978819,29.85564
03/03/2024 22:00,0.494025,-6.0833335,105.250015,31.978975,29.833853
03/03/2024 23:00,0.494025,-6.0833335,105.250015,31.984882,29.811703
04/03/2024 00:00,0.494025,-6.0833335,105.250015,31.993498,29.811829
04/03/2024 01:00,0.494025,-6.0833335,105.250015,31.998302,29.842422
04/03/2024 02:00,0.494025,-6.0833335,105.250015,32.000877,29.907345
04/03/2024 03:00,0.494025,-6.0833335,105.250015,32.00244,30.00498
04/03/2024 04:00,0.494025,-6.0833335,105.250015,31.988459,30.107801
04/03/2024 05:00,0.494025,-6.0833335,105.250015,31.981228,30.113924
04/03/2024 06:00,0.494025,-6.0833335,105.250015,31.984184,30.1265
04/03/2024 07:00,0.494025,-6.0833335,105.250015,31.986174,30.14137
04/03/2024 08:00,0.494025,-6.0833335,105.250015,31.983583,30.130371
04/03/2024 09:00,0.494025,-6.0833335,105.250015,31.968779,30.103933
04/03/2024 10:00,0.494025,-6.0833335,105.250015,31.963486,30.069
04/03/2024 11:00,0.494025,-6.0833335,105.250015,31.972181,30.031353
04/03/2024 12:00,0.494025,-6.0833335,105.250015,31.980394,30.000774
04/03/2024 13:00,0.494025,-6.0833335,105.250015,31.988785,29.97506
04/03/2024 14:00,0.494025,-6.0833335,105.250015,31.994188,29.95149
04/03/2024 15:00,0.494025,-6.0833335,105.250015,31.998451,29.931274
04/03/2024 16:00,0.494025,-6.0833335,105.250015,32.002415,29.91422
04/03/2024 17:00,0.494025,-6.0833335,105.250015,32.006855,29.896482
04/03/2024 18:00,0.494025,-6.0833335,105.250015,32.012016,29.880426
04/03/2024 19:00,0.494025,-6.0833335,105.250015,32.01727,29.865788
04/03/2024 20:00,0.494025,-6.0833335,105.250015,32.01973,29.85023
04/03/2024 21:00,0.494025,-6.0833335,105.250015,32.025288,29.835484
04/03/2024 22:00,0.494025,-6.0833335,105.250015,32.03344,29.822752
04/03/2024 23:00,0.494025,-6.0833335,105.250015,32.040096,29.811914
05/03/2024 00:00,0.494025,-6.0833335,105.250015,32.043274,29.805262
05/03/2024 01:00,0.494025,-6.0833335,105.250015,32.033226,29.80317
05/03/2024 02:00,0.494025,-6.0833335,105.250015,32.007023,29.795744
05/03/2024 03:00,0.494025,-6.0833335,105.250015,31.995602,29.789227
05/03/2024 04:00,0.494025,-6.0833335,105.250015,32.002037,29.806614
05/03/2024 05:00,0.494025,-6.0833335,105.250015,32.00309,29.828993
05/03/2024 06:00,0.494025,-6.0833335,105.250015,32.006783,29.841028
05/03/2024 07:00,0.494025,-6.0833335,105.250015,32.011303,29.847403
05/03/2024 08:00,0.494025,-6.0833335,105.250015,32.0123,29.845213
05/03/2024 09:00,0.494025,-6.0833335,105.250015,32.013447,29.839422
05/03/2024 10:00,0.494025,-6.0833335,105.250015,32.01444,29.828777
05/03/2024 11:00,0.494025,-6.0833335,105.250015,32.015396,29.813189
05/03/2024 12:00,0.494025,-6.0833335,105.250015,32.016582,29.798233
05/03/2024 13:00,0.494025,-6.0833335,105.250015,32.01821,29.786959
05/03/2024 14:00,0.494025,-6.0833335,105.250015,32.020626,29.778385
05/03/2024 15:00,0.494025,-6.0833335,105.250015,32.024094,29.773455
05/03/2024 16:00,0.494025,-6.0833335,105.250015,32.027767,29.766777
05/03/2024 17:00,0.494025,-6.0833335,105.250015,32.032814,29.75973
05/03/2024 18:00,0.494025,-6.0833335,105.250015,32.039536,29.755083
05/03/2024 19:00,0.494025,-6.0833335,105.250015,32.046154,29.752563
05/03/2024 20:00,0.494025,-6.0833335,105.250015,32.051193,29.747831
05/03/2024 21:00,0.494025,-6.0833335,105.250015,32.054398,29.740118
05/03/2024 22:00,0.494025,-6.0833335,105.250015,32.057438,29.730722
05/03/2024 23:00,0.494025,-6.0833335,105.250015,32.056465,29.720768
06/03/2024 00:00,0.494025,-6.0833335,105.250015,32.05853,29.716984
06/03/2024 01:00,0.494025,-6.0833335,105.250015,32.062874,29.724018
06/03/2024 02:00,0.494025,-6.0833335,105.250015,32.065754,29.746822
06/03/2024 03:00,0.494025,-6.0833335,105.250015,32.068615,29.783773
06/03/2024 04:00,0.494025,-6.0833335,105.250015,32.07127,29.826931
06/03/2024 05:00,0.494025,-6.0833335,105.250015,32.067867,29.870867
06/03/2024 06:00,0.494025,-6.0833335,105.250015,32.064507,29.899567
06/03/2024 07:00,0.494025,-6.0833335,105.250015,32.065956,29.924204
06/03/2024 08:00,0.494025,-6.0833335,105.250015,32.0697,29.919325
06/03/2024 09:00,0.494025,-6.0833335,105.250015,32.07286,29.89441
06/03/2024 10:00,0.494025,-6.0833335,105.250015,32.06959,29.86754
06/03/2024 11:00,0.494025,-6.0833335,105.250015,32.06812,29.842209
06/03/2024 12:00,0.494025,-6.0833335,105.250015,32.075222,29.824741
06/03/2024 13:00,0.494025,-6.0833335,105.250015,32.083885,29.810059
06/03/2024 14:00,0.494025,-6.0833335,105.250015,32.085075,29.795994
06/03/2024 15:00,0.494025,-6.0833335,105.250015,32.082703,29.779741
06/03/2024 16:00,0.494025,-6.0833335,105.250015,32.086594,29.767555
06/03/2024 17:00,0.494025,-6.0833335,105.250015,32.093,29.761827
06/03/2024 18:00,0.494025,-6.0833335,105.250015,32.091095,29.75191
06/03/2024 19:00,0.494025,-6.0833335,105.250015,32.085514,29.735775
06/03/2024 20:00,0.494025,-6.0833335,105.250015,32.089096,29.724277
06/03/2024 21:00,0.494025,-6.0833335,105.250015,32.098137,29.719177
06/03/2024 22:00,0.494025,-6.0833335,105.250015,32.104664,29.713757
06/03/2024 23:00,0.494025,-6.0833335,105.250015,32.103508,29.70806
07/03/2024 00:00,0.494025,-6.0833335,105.250015,32.107082,29.70753
07/03/2024 01:00,0.494025,-6.0833335,105.250015,32.113026,29.722942
07/03/2024 02:00,0.494025,-6.0833335,105.250015,32.110756,29.73834
07/03/2024 03:00,0.494025,-6.0833335,105.250015,32.10695,29.758547
07/03/2024 04:00,0.494025,-6.0833335,105.250015,32.1034,29.77861
07/03/2024 05:00,0.494025,-6.0833335,105.250015,32.100586,29.793438
07/03/2024 06:00,0.494025,-6.0833335,105.250015,32.098145,29.8165
07/03/2024 07:00,0.494025,-6.0833335,105.250015,32.09752,29.832178
07/03/2024 08:00,0.494025,-6.0833335,105.250015,32.099606,29.827185
07/03/2024 09:00,0.494025,-6.0833335,105.250015,32.10163,29.813112
07/03/2024 10:00,0.494025,-6.0833335,105.250015,32.10602,29.79786
07/03/2024 11:00,0.494025,-6.0833335,105.250015,32.11377,29.78543
07/03/2024 12:00,0.494025,-6.0833335,105.250015,32.124332,29.776337
07/03/2024 13:00,0.494025,-6.0833335,105.250015,32.134644,29.76757
07/03/2024 14:00,0.494025,-6.0833335,105.250015,32.140556,29.757198
07/03/2024 15:00,0.494025,-6.0833335,105.250015,32.144592,29.747519
07/03/2024 16:00,0.494025,-6.0833335,105.250015,32.148884,29.739311
07/03/2024 17:00,0.494025,-6.0833335,105.250015,32.154037,29.733742
07/03/2024 18:00,0.494025,-6.0833335,105.250015,32.15607,29.729464
07/03/2024 19:00,0.494025,-6.0833335,105.250015,32.1505,29.723362
07/03/2024 20:00,0.494025,-6.0833335,105.250015,32.153954,29.718523
07/03/2024 21:00,0.494025,-6.0833335,105.250015,32.168175,29.719294
07/03/2024 22:00,0.494025,-6.0833335,105.250015,32.184563,29.721464
07/03/2024 23:00,0.494025,-6.0833335,105.250015,32.203133,29.727688
08/03/2024 00:00,0.494025,-6.0833335,105.250015,32.225136,29.740921
08/03/2024 01:00,0.494025,-6.0833335,105.250015,32.25018,29.763592
08/03/2024 02:00,0.494025,-6.0833335,105.250015,32.275955,29.795692
08/03/2024 03:00,0.494025,-6.0833335,105.250015,32.300915,29.83235
08/03/2024 04:00,0.494025,-6.0833335,105.250015,32.325108,29.86584
08/03/2024 05:00,0.494025,-6.0833335,105.250015,32.35007,29.894684
08/03/2024 06:00,0.494025,-6.0833335,105.250015,32.374115,29.92123
08/03/2024 07:00,0.494025,-6.0833335,105.250015,32.389057,29.937506
08/03/2024 08:00,0.494025,-6.0833335,105.250015,32.412083,29.939062
08/03/2024 09:00,0.494025,-6.0833335,105.250015,32.445293,29.944283
08/03/2024 10:00,0.494025,-6.0833335,105.250015,32.477955,29.953365
08/03/2024 11:00,0.494025,-6.0833335,105.250015,32.51134,29.970911
08/03/2024 12:00,0.494025,-6.0833335,105.250015,32.539402,29.97745
08/03/2024 13:00,0.494025,-6.0833335,105.250015,32.568398,29.980791
08/03/2024 14:00,0.494025,-6.0833335,105.250015,32.60345,29.983671
08/03/2024 15:00,0.494025,-6.0833335,105.250015,32.630135,29.98251
08/03/2024 16:00,0.494025,-6.0833335,105.250015,32.653202,29.979065
08/03/2024 17:00,0.494025,-6.0833335,105.250015,32.68075,29.98778
08/03/2024 18:00,0.494025,-6.0833335,105.250015,32.71937,30.049236
08/03/2024 19:00,0.494025,-6.0833335,105.250015,32.73093,30.057356
08/03/2024 20:00,0.494025,-6.0833335,105.250015,32.7359,30.058706
08/03/2024 21:00,0.494025,-6.0833335,105.250015,32.739853,30.054771
08/03/2024 22:00,0.494025,-6.0833335,105.250015,32.741356,30.043905
08/03/2024 23:00,0.494025,-6.0833335,105.250015,32.73141,30.022892
09/03/2024 00:00,0.494025,-6.0833335,105.250015,32.73544,30.00077
09/03/2024 01:00,0.494025,-6.0833335,105.250015,32.746838,30.002594
09/03/2024 02:00,0.494025,-6.0833335,105.250015,32.752052,29.998625
09/03/2024 03:00,0.494025,-6.0833335,105.250015,32.756695,29.996225
09/03/2024 04:00,0.494025,-6.0833335,105.250015,32.763924,30.008944
09/03/2024 05:00,0.494025,-6.0833335,105.250015,32.775646,30.052704
09/03/2024 06:00,0.494025,-6.0833335,105.250015,32.77718,30.057549
09/03/2024 07:00,0.494025,-6.0833335,105.250015,32.776497,30.053091
09/03/2024 08:00,0.494025,-6.0833335,105.250015,32.773575,30.041327
09/03/2024 09:00,0.494025,-6.0833335,105.250015,32.76866,30.028204
09/03/2024 10:00,0.494025,-6.0833335,105.250015,32.76279,30.01562
09/03/2024 11:00,0.494025,-6.0833335,105.250015,32.75585,30.001945
09/03/2024 12:00,0.494025,-6.0833335,105.250015,32.746197,29.992523
09/03/2024 13:00,0.494025,-6.0833335,105.250015,32.735043,29.984999
09/03/2024 14:00,0.494025,-6.0833335,105.250015,32.722412,29.980764
09/03/2024 15:00,0.494025,-6.0833335,105.250015,32.708897,29.97706
09/03/2024 16:00,0.494025,-6.0833335,105.250015,32.695854,29.966532
09/03/2024 17:00,0.494025,-6.0833335,105.250015,32.683292,29.960875
09/03/2024 18:00,0.494025,-6.0833335,105.250015,32.670105,29.957092
09/03/2024 19:00,0.494025,-6.0833335,105.250015,32.65794,29.950287
09/03/2024 20:00,0.494025,-6.0833335,105.250015,32.648582,29.94173
09/03/2024 21:00,0.494025,-6.0833335,105.250015,32.640385,29.9337
09/03/2024 22:00,0.494025,-6.0833335,105.250015,32.635338,29.932566
09/03/2024 23:00,0.494025,-6.0833335,105.250015,32.631714,29.930386
10/03/2024 00:00,0.494025,-6.0833335,105.250015,32.630283,29.927008
10/03/2024 01:00,0.494025,-6.0833335,105.250015,32.63005,29.94042
10/03/2024 02:00,0.494025,-6.0833335,105.250015,32.630512,29.99208
10/03/2024 03:00,0.494025,-6.0833335,105.250015,32.632404,30.08097
10/03/2024 04:00,0.494025,-6.0833335,105.250015,32.635525,30.189436
10/03/2024 05:00,0.494025,-6.0833335,105.250015,32.640182,30.357435
10/03/2024 06:00,0.494025,-6.0833335,105.250015,32.645893,30.564156
10/03/2024 07:00,0.494025,-6.0833335,105.250015,32.65211,30.750122
10/03/2024 08:00,0.494025,-6.0833335,105.250015,32.659046,30.875513
10/03/2024 09:00,0.494025,-6.0833335,105.250015,32.666134,30.896713
10/03/2024 10:00,0.494025,-6.0833335,105.250015,32.670006,30.81159
10/03/2024 11:00,0.494025,-6.0833335,105.250015,32.674145,30.68494
10/03/2024 12:00,0.494025,-6.0833335,105.250015,32.68152,30.56586
10/03/2024 13:00,0.494025,-6.0833335,105.250015,32.688873,30.45834
10/03/2024 14:00,0.494025,-6.0833335,105.250015,32.697025,30.371996
10/03/2024 15:00,0.494025,-6.0833335,105.250015,32.70468,30.314774
10/03/2024 16:00,0.494025,-6.0833335,105.250015,32.710358,30.263449
10/03/2024 17:00,0.494025,-6.0833335,105.250015,32.713932,30.218847
10/03/2024 18:00,0.494025,-6.0833335,105.250015,32.71474,30.181479
10/03/2024 19:00,0.494025,-6.0833335,105.250015,32.720123,30.151976
10/03/2024 20:00,0.494025,-6.0833335,105.250015,32.726902,30.12983
10/03/2024 21:00,0.494025,-6.0833335,105.250015,32.733707,30.114288
10/03/2024 22:00,0.494025,-6.0833335,105.250015,32.74003,30.101435
10/03/2024 23:00,0.494025,-6.0833335,105.250015,32.746037,30.093616
11/03/2024 00:00,0.494025,-6.0833335,105.250015,32.751335,30.09408
11/03/2024 01:00,0.494025,-6.0833335,105.250015,32.754967,30.106337
11/03/2024 02:00,0.494025,-6.0833335,105.250015,32.75673,30.146402
11/03/2024 03:00,0.494025,-6.0833335,105.250015,32.755283,30.184902
11/03/2024 04:00,0.494025,-6.0833335,105.250015,32.754234,30.196175
11/03/2024 05:00,0.494025,-6.0833335,105.250015,32.75505,30.279968
11/03/2024 06:00,0.494025,-6.0833335,105.250015,32.75605,30.490131
11/03/2024 07:00,0.494025,-6.0833335,105.250015,32.75706,30.678415
11/03/2024 08:00,0.494025,-6.0833335,105.250015,32.756535,30.64697
11/03/2024 09:00,0.494025,-6.0833335,105.250015,32.75476,30.482029
11/03/2024 10:00,0.494025,-6.0833335,105.250015,32.752247,30.370644
11/03/2024 11:00,0.494025,-6.0833335,105.250015,32.747116,30.281515
11/03/2024 12:00,0.494025,-6.0833335,105.250015,32.74434,30.23117
11/03/2024 13:00,0.494025,-6.0833335,105.250015,32.74318,30.196154
11/03/2024 14:00,0.494025,-6.0833335,105.250015,32.742474,30.16197
11/03/2024 15:00,0.494025,-6.0833335,105.250015,32.74542,30.14098
11/03/2024 16:00,0.494025,-6.0833335,105.250015,32.749683,30.12893
11/03/2024 17:00,0.494025,-6.0833335,105.250015,32.75365,30.121334
11/03/2024 18:00,0.494025,-6.0833335,105.250015,32.757854,30.113941
11/03/2024 19:00,0.494025,-6.0833335,105.250015,32.762558,30.106863
11/03/2024 20:00,0.494025,-6.0833335,105.250015,32.767174,30.100485
11/03/2024 21:00,0.494025,-6.0833335,105.250015,32.77194,30.09532
11/03/2024 22:00,0.494025,-6.0833335,105.250015,32.775692,30.089579
11/03/2024 23:00,0.494025,-6.0833335,105.250015,32.778767,30.08435
12/03/2024 00:00,0.494025,-6.0833335,105.250015,32.783115,30.085243
12/03/2024 01:00,0.494025,-6.0833335,105.250015,32.78772,30.088156
12/03/2024 02:00,0.494025,-6.0833335,105.250015,32.791996,30.090548
12/03/2024 03:00,0.494025,-6.0833335,105.250015,32.79585,30.104103
12/03/2024 04:00,0.494025,-6.0833335,105.250015,32.798737,30.116768
12/03/2024 05:00,0.494025,-6.0833335,105.250015,32.801716,30.130518
12/03/2024 06:00,0.494025,-6.0833335,105.250015,32.80414,30.146357
12/03/2024 07:00,0.494025,-6.0833335,105.250015,32.805607,30.1657
12/03/2024 08:00,0.494025,-6.0833335,105.250015,32.805683,30.17281
12/03/2024 09:00,0.494025,-6.0833335,105.250015,32.803757,30.146873
12/03/2024 10:00,0.494025,-6.0833335,105.250015,32.801132,30.10976
12/03/2024 11:00,0.494025,-6.0833335,105.250015,32.798836,30.078882
12/03/2024 12:00,0.494025,-6.0833335,105.250015,32.797173,30.055655
12/03/2024 13:00,0.494025,-6.0833335,105.250015,32.796864,30.037098
12/03/2024 14:00,0.494025,-6.0833335,105.250015,32.79878,30.023039
12/03/2024 15:00,0.494025,-6.0833335,105.250015,32.80366,30.01864
12/03/2024 16:00,0.494025,-6.0833335,105.250015,32.80693,30.013636
12/03/2024 17:00,0.494025,-6.0833335,105.250015,32.807217,30.003586
12/03/2024 18:00,0.494025,-6.0833335,105.250015,32.805542,29.997414
12/03/2024 19:00,0.494025,-6.0833335,105.250015,32.802742,29.99744
12/03/2024 20:00,0.494025,-6.0833335,105.250015,32.798523,29.996788
12/03/2024 21:00,0.494025,-6.0833335,105.250015,32.79316,29.992912
12/03/2024 22:00,0.494025,-6.0833335,105.250015,32.787846,29.988426
12/03/2024 23:00,0.494025,-6.0833335,105.250015,32.78281,29.982357
13/03/2024 00:00,0.494025,-6.0833335,105.250015,32.778637,29.980577
13/03/2024 01:00,0.494025,-6.0833335,105.250015,32.772263,30.013014
13/03/2024 02:00,0.494025,-6.0833335,105.250015,32.761745,30.023638
13/03/2024 03:00,0.494025,-6.0833335,105.250015,32.751057,30.038197
13/03/2024 04:00,0.494025,-6.0833335,105.250015,32.744247,30.057026
13/03/2024 05:00,0.494025,-6.0833335,105.250015,32.740593,30.126444
13/03/2024 06:00,0.494025,-6.0833335,105.250015,32.737663,30.236383
13/03/2024 07:00,0.494025,-6.0833335,105.250015,32.733433,30.235397
13/03/2024 08:00,0.494025,-6.0833335,105.250015,32.72896,30.160576
13/03/2024 09:00,0.494025,-6.0833335,105.250015,32.725815,30.102556
13/03/2024 10:00,0.494025,-6.0833335,105.250015,32.723583,30.063503
13/03/2024 11:00,0.494025,-6.0833335,105.250015,32.721844,30.033894
13/03/2024 12:00,0.494025,-6.0833335,105.250015,32.71865,30.009731
13/03/2024 13:00,0.494025,-6.0833335,105.250015,32.71059,29.989464
13/03/2024 14:00,0.494025,-6.0833335,105.250015,32.69863,29.969538
13/03/2024 15:00,0.494025,-6.0833335,105.250015,32.697422,29.949623
13/03/2024 16:00,0.494025,-6.0833335,105.250015,32.699352,29.940048
13/03/2024 17:00,0.494025,-6.0833335,105.250015,32.690834,29.927372
13/03/2024 18:00,0.494025,-6.0833335,105.250015,32.682964,29.909437
13/03/2024 19:00,0.494025,-6.0833335,105.250015,32.684673,29.89512
13/03/2024 20:00,0.494025,-6.0833335,105.250015,32.687515,29.885551
13/03/2024 21:00,0.494025,-6.0833335,105.250015,32.68757,29.875307
13/03/2024 22:00,0.494025,-6.0833335,105.250015,32.687847,29.86474
13/03/2024 23:00,0.494025,-6.0833335,105.250015,32.68578,29.853794
14/03/2024 00:00,0.494025,-6.0833335,105.250015,32.68273,29.845303
14/03/2024 01:00,0.494025,-6.0833335,105.250015,32.675148,29.841917
14/03/2024 02:00,0.494025,-6.0833335,105.250015,32.66386,29.836555
14/03/2024 03:00,0.494025,-6.0833335,105.250015,32.665966,29.838137
14/03/2024 04:00,0.494025,-6.0833335,105.250015,32.67058,29.852816
14/03/2024 05:00,0.494025,-6.0833335,105.250015,32.671673,29.873781
14/03/2024 06:00,0.494025,-6.0833335,105.250015,32.67132,29.89439
14/03/2024 07:00,0.494025,-6.0833335,105.250015,32.67097,29.892822
14/03/2024 08:00,0.494025,-6.0833335,105.250015,32.671337,29.88334
14/03/2024 09:00,0.494025,-6.0833335,105.250015,32.671936,29.872927
14/03/2024 10:00,0.494025,-6.0833335,105.250015,32.672794,29.859978
14/03/2024 11:00,0.494025,-6.0833335,105.250015,32.673923,29.847351
14/03/2024 12:00,0.494025,-6.0833335,105.250015,32.67603,29.83745
14/03/2024 13:00,0.494025,-6.0833335,105.250015,32.678623,29.831352
14/03/2024 14:00,0.494025,-6.0833335,105.250015,32.680977,29.825941
14/03/2024 15:00,0.494025,-6.0833335,105.250015,32.683907,29.819641
14/03/2024 16:00,0.494025,-6.0833335,105.250015,32.687935,29.812641
14/03/2024 17:00,0.494025,-6.0833335,105.250015,32.695602,29.811285
14/03/2024 18:00,0.494025,-6.0833335,105.250015,32.707977,29.823423
14/03/2024 19:00,0.494025,-6.0833335,105.250015,32.712914,29.826897
14/03/2024 20:00,0.494025,-6.0833335,105.250015,32.715477,29.817327
14/03/2024 21:00,0.494025,-6.0833335,105.250015,32.71976,29.806072
14/03/2024 22:00,0.494025,-6.0833335,105.250015,32.723896,29.797054
14/03/2024 23:00,0.494025,-6.0833335,105.250015,32.7269,29.791294
15/03/2024 00:00,0.494025,-6.0833335,105.250015,32.732376,29.790525
15/03/2024 01:00,0.494025,-6.0833335,105.250015,32.73858,29.795141
15/03/2024 02:00,0.494025,-6.0833335,105.250015,32.743088,29.804504
15/03/2024 03:00,0.494025,-6.0833335,105.250015,32.747887,29.823156
15/03/2024 04:00,0.494025,-6.0833335,105.250015,32.752975,29.846045
15/03/2024 05:00,0.494025,-6.0833335,105.250015,32.75799,29.872257
15/03/2024 06:00,0.494025,-6.0833335,105.250015,32.763073,29.889116
15/03/2024 07:00,0.494025,-6.0833335,105.250015,32.7684,29.89295
15/03/2024 08:00,0.494025,-6.0833335,105.250015,32.773373,29.891705
15/03/2024 09:00,0.494025,-6.0833335,105.250015,32.7784,29.886896
15/03/2024 10:00,0.494025,-6.0833335,105.250015,32.78319,29.881012
15/03/2024 11:00,0.494025,-6.0833335,105.250015,32.78676,29.874056
15/03/2024 12:00,0.494025,-6.0833335,105.250015,32.79013,29.86988
15/03/2024 13:00,0.494025,-6.0833335,105.250015,32.79341,29.869452
15/03/2024 14:00,0.494025,-6.0833335,105.250015,32.794476,29.87233
15/03/2024 15:00,0.494025,-6.0833335,105.250015,32.79306,29.877352
15/03/2024 16:00,0.494025,-6.0833335,105.250015,32.794685,29.887342
15/03/2024 17:00,0.494025,-6.0833335,105.250015,32.796413,29.91539
15/03/2024 18:00,0.494025,-6.0833335,105.250015,32.79982,29.936289
15/03/2024 19:00,0.494025,-6.0833335,105.250015,32.79855,29.963974
15/03/2024 20:00,0.494025,-6.0833335,105.250015,32.788918,29.986319
15/03/2024 21:00,0.494025,-6.0833335,105.250015,32.783978,29.997122
15/03/2024 22:00,0.494025,-6.0833335,105.250015,32.780846,29.997221
15/03/2024 23:00,0.494025,-6.0833335,105.250015,32.77715,29.99668
16/03/2024 00:00,0.494025,-6.0833335,105.250015,32.768673,30.000683
16/03/2024 01:00,0.494025,-6.0833335,105.250015,32.764767,30.009104
16/03/2024 02:00,0.494025,-6.0833335,105.250015,32.762524,30.01727
16/03/2024 03:00,0.494025,-6.0833335,105.250015,32.759357,30.026663
16/03/2024 04:00,0.494025,-6.0833335,105.250015,32.754284,30.03495
16/03/2024 05:00,0.494025,-6.0833335,105.250015,32.7509,30.045938
16/03/2024 06:00,0.494025,-6.0833335,105.250015,32.743095,30.047152
16/03/2024 07:00,0.494025,-6.0833335,105.250015,32.738968,30.044142
16/03/2024 08:00,0.494025,-6.0833335,105.250015,32.735947,30.03195
16/03/2024 09:00,0.494025,-6.0833335,105.250015,32.72978,30.012445
16/03/2024 10:00,0.494025,-6.0833335,105.250015,32.72768,29.990028
16/03/2024 11:00,0.494025,-6.0833335,105.250015,32.726128,29.968893
16/03/2024 12:00,0.494025,-6.0833335,105.250015,32.723896,29.951132
16/03/2024 13:00,0.494025,-6.0833335,105.250015,32.722,29.93684
16/03/2024 14:00,0.494025,-6.0833335,105.250015,32.72,29.923634
16/03/2024 15:00,0.494025,-6.0833335,105.250015,32.71741,29.908789
16/03/2024 16:00,0.494025,-6.0833335,105.250015,32.714684,29.89274
16/03/2024 17:00,0.494025,-6.0833335,105.250015,32.712536,29.877842
16/03/2024 18:00,0.494025,-6.0833335,105.250015,32.70988,29.86301
16/03/2024 19:00,0.494025,-6.0833335,105.250015,32.705917,29.847065
16/03/2024 20:00,0.494025,-6.0833335,105.250015,32.700634,29.830788
16/03/2024 21:00,0.494025,-6.0833335,105.250015,32.697968,29.815315
16/03/2024 22:00,0.494025,-6.0833335,105.250015,32.696312,29.800802
16/03/2024 23:00,0.494025,-6.0833335,105.250015,32.69534,29.788174
17/03/2024 00:00,0.494025,-6.0833335,105.250015,32.694866,29.78225
17/03/2024 01:00,0.494025,-6.0833335,105.250015,32.68891,29.784393
17/03/2024 02:00,0.494025,-6.0833335,105.250015,32.687687,29.78357
17/03/2024 03:00,0.494025,-6.0833335,105.250015,32.687874,29.791725
17/03/2024 04:00,0.494025,-6.0833335,105.250015,32.68708,29.803526
17/03/2024 05:00,0.494025,-6.0833335,105.250015,32.687325,29.821962
17/03/2024 06:00,0.494025,-6.0833335,105.250015,32.68756,29.840284
17/03/2024 07:00,0.494025,-6.0833335,105.250015,32.68788,29.846598
17/03/2024 08:00,0.494025,-6.0833335,105.250015,32.68806,29.842333
17/03/2024 09:00,0.494025,-6.0833335,105.250015,32.688023,29.828087
17/03/2024 10:00,0.494025,-6.0833335,105.250015,32.687717,29.806026
17/03/2024 11:00,0.494025,-6.0833335,105.250015,32.68662,29.781263
17/03/2024 12:00,0.494025,-6.0833335,105.250015,32.685986,29.76008
17/03/2024 13:00,0.494025,-6.0833335,105.250015,32.68571,29.742945
17/03/2024 14:00,0.494025,-6.0833335,105.250015,32.68584,29.729574
17/03/2024 15:00,0.494025,-6.0833335,105.250015,32.685814,29.722057
17/03/2024 16:00,0.494025,-6.0833335,105.250015,32.68639,29.716078
17/03/2024 17:00,0.494025,-6.0833335,105.250015,32.687195,29.710045
17/03/2024 18:00,0.494025,-6.0833335,105.250015,32.68775,29.70427
17/03/2024 19:00,0.494025,-6.0833335,105.250015,32.687057,29.698454
17/03/2024 20:00,0.494025,-6.0833335,105.250015,32.68751,29.691925
17/03/2024 21:00,0.494025,-6.0833335,105.250015,32.688866,29.686384
17/03/2024 22:00,0.494025,-6.0833335,105.250015,32.68983,29.68102
17/03/2024 23:00,0.494025,-6.0833335,105.250015,32.690483,29.676397
18/03/2024 00:00,0.494025,-6.0833335,105.250015,32.691162,29.679283
18/03/2024 01:00,0.494025,-6.0833335,105.250015,32.691994,29.692486
18/03/2024 02:00,0.494025,-6.0833335,105.250015,32.693253,29.71566
18/03/2024 03:00,0.494025,-6.0833335,105.250015,32.69497,29.75673
18/03/2024 04:00,0.494025,-6.0833335,105.250015,32.696953,29.817457
18/03/2024 05:00,0.494025,-6.0833335,105.250015,32.69867,29.87418
18/03/2024 06:00,0.494025,-6.0833335,105.250015,32.700535,29.913004
18/03/2024 07:00,0.494025,-6.0833335,105.250015,32.702576,29.934238
18/03/2024 08:00,0.494025,-6.0833335,105.250015,32.704258,29.932962
18/03/2024 09:00,0.494025,-6.0833335,105.250015,32.704224,29.90254
18/03/2024 10:00,0.494025,-6.0833335,105.250015,32.702168,29.861145
18/03/2024 11:00,0.494025,-6.0833335,105.250015,32.69573,29.831697
18/03/2024 12:00,0.494025,-6.0833335,105.250015,32.692745,29.83052
18/03/2024 13:00,0.494025,-6.0833335,105.250015,32.69292,29.83176
18/03/2024 14:00,0.494025,-6.0833335,105.250015,32.693607,29.830524
18/03/2024 15:00,0.494025,-6.0833335,105.250015,32.694344,29.82755
18/03/2024 16:00,0.494025,-6.0833335,105.250015,32.695038,29.823803
18/03/2024 17:00,0.494025,-6.0833335,105.250015,32.695236,29.81918
18/03/2024 18:00,0.494025,-6.0833335,105.250015,32.695797,29.8136
18/03/2024 19:00,0.494025,-6.0833335,105.250015,32.69661,29.808413
18/03/2024 20:00,0.494025,-6.0833335,105.250015,32.697678,29.80126
18/03/2024 21:00,0.494025,-6.0833335,105.250015,32.69856,29.793785
18/03/2024 22:00,0.494025,-6.0833335,105.250015,32.69835,29.786825
18/03/2024 23:00,0.494025,-6.0833335,105.250015,32.699825,29.782799
19/03/2024 00:00,0.494025,-6.0833335,105.250015,32.70037,29.787569
19/03/2024 01:00,0.494025,-6.0833335,105.250015,32.70084,29.802761
19/03/2024 02:00,0.494025,-6.0833335,105.250015,32.702026,29.837572
19/03/2024 03:00,0.494025,-6.0833335,105.250015,32.70313,29.887218
19/03/2024 04:00,0.494025,-6.0833335,105.250015,32.70402,29.942772
19/03/2024 05:00,0.494025,-6.0833335,105.250015,32.704876,29.995203
19/03/2024 06:00,0.494025,-6.0833335,105.250015,32.705235,30.038242
19/03/2024 07:00,0.494025,-6.0833335,105.250015,32.70531,30.062904
19/03/2024 08:00,0.494025,-6.0833335,105.250015,32.70478,30.061634
19/03/2024 09:00,0.494025,-6.0833335,105.250015,32.70337,30.037146
19/03/2024 10:00,0.494025,-6.0833335,105.250015,32.700947,29.997759
19/03/2024 11:00,0.494025,-6.0833335,105.250015,32.697723,29.955803
19/03/2024 12:00,0.494025,-6.0833335,105.250015,32.694126,29.920435
19/03/2024 13:00,0.494025,-6.0833335,105.250015,32.690117,29.89187
19/03/2024 14:00,0.494025,-6.0833335,105.250015,32.68599,29.867401
19/03/2024 15:00,0.494025,-6.0833335,105.250015,32.68211,29.846498
19/03/2024 16:00,0.494025,-6.0833335,105.250015,32.678745,29.829311
19/03/2024 17:00,0.494025,-6.0833335,105.250015,32.67614,29.814215
19/03/2024 18:00,0.494025,-6.0833335,105.250015,32.674183,29.800142
19/03/2024 19:00,0.494025,-6.0833335,105.250015,32.672436,29.787296
19/03/2024 20:00,0.494025,-6.0833335,105.250015,32.670635,29.775906
19/03/2024 21:00,0.494025,-6.0833335,105.250015,32.66821,29.765268
19/03/2024 22:00,0.494025,-6.0833335,105.250015,32.66401,29.75365
19/03/2024 23:00,0.494025,-6.0833335,105.250015,32.660133,29.744246
20/03/2024 00:00,0.494025,-6.0833335,105.250015,32.656586,29.74738
20/03/2024 01:00,0.494025,-6.0833335,105.250015,32.653015,29.764853
20/03/2024 02:00,0.494025,-6.0833335,105.250015,32.650608,29.799673
20/03/2024 03:00,0.494025,-6.0833335,105.250015,32.648487,29.859533
20/03/2024 04:00,0.494025,-6.0833335,105.250015,32.64653,29.946447
20/03/2024 05:00,0.494025,-6.0833335,105.250015,32.644505,30.034601
20/03/2024 06:00,0.494025,-6.0833335,105.250015,32.64186,30.096367
20/03/2024 07:00,0.494025,-6.0833335,105.250015,32.63809,30.115932
20/03/2024 08:00,0.494025,-6.0833335,105.250015,32.63357,30.092258
20/03/2024 09:00,0.494025,-6.0833335,105.250015,32.62922,30.052185
20/03/2024 10:00,0.494025,-6.0833335,105.250015,32.62517,30.00397
20/03/2024 11:00,0.494025,-6.0833335,105.250015,32.621487,29.95647
20/03/2024 12:00,0.494025,-6.0833335,105.250015,32.617764,29.912632
20/03/2024 13:00,0.494025,-6.0833335,105.250015,32.6142,29.87198
20/03/2024 14:00,0.494025,-6.0833335,105.250015,32.610756,29.835318
20/03/2024 15:00,0.494025,-6.0833335,105.250015,32.607346,29.802603
20/03/2024 16:00,0.494025,-6.0833335,105.250015,32.604023,29.774225
20/03/2024 17:00,0.494025,-6.0833335,105.250015,32.60099,29.751692
20/03/2024 18:00,0.494025,-6.0833335,105.250015,32.59853,29.733551
20/03/2024 19:00,0.494025,-6.0833335,105.250015,32.596836,29.718256
20/03/2024 20:00,0.494025,-6.0833335,105.250015,32.59584,29.705246
20/03/2024 21:00,0.494025,-6.0833335,105.250015,32.594875,29.69416
20/03/2024 22:00,0.494025,-6.0833335,105.250015,32.593704,29.68383
20/03/2024 23:00,0.494025,-6.0833335,105.250015,32.591583,29.675072
21/03/2024 00:00,0.494025,-6.0833335,105.250015,32.59175,29.678286
21/03/2024 01:00,0.494025,-6.0833335,105.250015,32.59206,29.696558
21/03/2024 02:00,0.494025,-6.0833335,105.250015,32.59144,29.734983
21/03/2024 03:00,0.494025,-6.0833335,105.250015,32.591286,29.811975
21/03/2024 04:00,0.494025,-6.0833335,105.250015,32.59173,29.958282
21/03/2024 05:00,0.494025,-6.0833335,105.250015,32.592846,30.188786
21/03/2024 06:00,0.494025,-6.0833335,105.250015,32.59408,30.422829
21/03/2024 07:00,0.494025,-6.0833335,105.250015,32.59529,30.610806
21/03/2024 08:00,0.494025,-6.0833335,105.250015,32.59658,30.722734
21/03/2024 09:00,0.494025,-6.0833335,105.250015,32.598446,30.730576
21/03/2024 10:00,0.494025,-6.0833335,105.250015,32.600124,30.625736
21/03/2024 11:00,0.494025,-6.0833335,105.250015,32.598625,30.426802
21/03/2024 12:00,0.494025,-6.0833335,105.250015,32.59596,30.29735
21/03/2024 13:00,0.494025,-6.0833335,105.250015,32.594135,30.180975
21/03/2024 14:00,0.494025,-6.0833335,105.250015,32.592922,30.095846
21/03/2024 15:00,0.494025,-6.0833335,105.250015,32.59211,30.028515
21/03/2024 16:00,0.494025,-6.0833335,105.250015,32.589817,29.964529
21/03/2024 17:00,0.494025,-6.0833335,105.250015,32.587315,29.911768
21/03/2024 18:00,0.494025,-6.0833335,105.250015,32.58403,29.861137
21/03/2024 19:00,0.494025,-6.0833335,105.250015,32.581135,29.82029
21/03/2024 20:00,0.494025,-6.0833335,105.250015,32.578617,29.791641
21/03/2024 21:00,0.494025,-6.0833335,105.250015,32.57614,29.769587
21/03/2024 22:00,0.494025,-6.0833335,105.250015,32.573975,29.753235
21/03/2024 23:00,0.494025,-6.0833335,105.250015,32.572002,29.730494
22/03/2024 00:00,0.494025,-6.0833335,105.250015,32.570034,29.724846
22/03/2024 01:00,0.494025,-6.0833335,105.250015,32.56904,29.756073
22/03/2024 02:00,0.494025,-6.0833335,105.250015,32.568382,29.82721
22/03/2024 03:00,0.494025,-6.0833335,105.250015,32.567234,29.905125
22/03/2024 04:00,0.494025,-6.0833335,105.250015,32.566757,29.985302
22/03/2024 05:00,0.494025,-6.0833335,105.250015,32.56754,30.081352
22/03/2024 06:00,0.494025,-6.0833335,105.250015,32.56868,30.192423
22/03/2024 07:00,0.494025,-6.0833335,105.250015,32.569477,30.258892
22/03/2024 08:00,0.494025,-6.0833335,105.250015,32.569897,30.295889
22/03/2024 09:00,0.494025,-6.0833335,105.250015,32.570793,30.293756
22/03/2024 10:00,0.494025,-6.0833335,105.250015,32.57187,30.237701
22/03/2024 11:00,0.494025,-6.0833335,105.250015,32.571888,30.151785
22/03/2024 12:00,0.494025,-6.0833335,105.250015,32.57115,30.094248
22/03/2024 13:00,0.494025,-6.0833335,105.250015,32.5709,30.052717
22/03/2024 14:00,0.494025,-6.0833335,105.250015,32.570652,29.999132
22/03/2024 15:00,0.494025,-6.0833335,105.250015,32.570557,29.949184
22/03/2024 16:00,0.494025,-6.0833335,105.250015,32.5698,29.905235
22/03/2024 17:00,0.494025,-6.0833335,105.250015,32.56871,29.870138
22/03/2024 18:00,0.494025,-6.0833335,105.250015,32.56795,29.840395
22/03/2024 19:00,0.494025,-6.0833335,105.250015,32.56791,29.817492
22/03/2024 20:00,0.494025,-6.0833335,105.250015,32.56844,29.798626
22/03/2024 21:00,0.494025,-6.0833335,105.250015,32.568924,29.78362
22/03/2024 22:00,0.494025,-6.0833335,105.250015,32.570366,29.770597
22/03/2024 23:00,0.494025,-6.0833335,105.250015,32.57244,29.759151
23/03/2024 00:00,0.494025,-6.0833335,105.250015,32.574738,29.761627
23/03/2024 01:00,0.494025,-6.0833335,105.250015,32.577213,29.78665
23/03/2024 02:00,0.494025,-6.0833335,105.250015,32.580135,29.84722
23/03/2024 03:00,0.494025,-6.0833335,105.250015,32.584595,29.96153
23/03/2024 04:00,0.494025,-6.0833335,105.250015,32.591614,30.13146
23/03/2024 05:00,0.494025,-6.0833335,105.250015,32.599804,30.373106
23/03/2024 06:00,0.494025,-6.0833335,105.250015,32.608246,30.62684
23/03/2024 07:00,0.494025,-6.0833335,105.250015,32.61661,30.816229
23/03/2024 08:00,0.494025,-6.0833335,105.250015,32.623688,30.897429
23/03/2024 09:00,0.494025,-6.0833335,105.250015,32.628365,30.861202
23/03/2024 10:00,0.494025,-6.0833335,105.250015,32.630135,30.700937
23/03/2024 11:00,0.494025,-6.0833335,105.250015,32.631866,30.559793
23/03/2024 12:00,0.494025,-6.0833335,105.250015,32.632668,30.404606
23/03/2024 13:00,0.494025,-6.0833335,105.250015,32.634193,30.300005
23/03/2024 14:00,0.494025,-6.0833335,105.250015,32.63615,30.225334
23/03/2024 15:00,0.494025,-6.0833335,105.250015,32.638573,30.17313
23/03/2024 16:00,0.494025,-6.0833335,105.250015,32.640945,30.133453
23/03/2024 17:00,0.494025,-6.0833335,105.250015,32.64329,30.10213
23/03/2024 18:00,0.494025,-6.0833335,105.250015,32.645527,30.076334
23/03/2024 19:00,0.494025,-6.0833335,105.250015,32.64535,30.05296
23/03/2024 20:00,0.494025,-6.0833335,105.250015,32.645493,30.030485
23/03/2024 21:00,0.494025,-6.0833335,105.250015,32.64814,30.01157
23/03/2024 22:00,0.494025,-6.0833335,105.250015,32.6506,29.993364
23/03/2024 23:00,0.494025,-6.0833335,105.250015,32.651318,29.979574
24/03/2024 00:00,0.494025,-6.0833335,105.250015,32.650528,29.980476
24/03/2024 01:00,0.494025,-6.0833335,105.250015,32.6509,30.008303
24/03/2024 02:00,0.494025,-6.0833335,105.250015,32.65326,30.07925
24/03/2024 03:00,0.494025,-6.0833335,105.250015,32.655224,30.222254
24/03/2024 04:00,0.494025,-6.0833335,105.250015,32.6571,30.445185
24/03/2024 05:00,0.494025,-6.0833335,105.250015,32.65998,30.703178
24/03/2024 06:00,0.494025,-6.0833335,105.250015,32.662342,30.956139
24/03/2024 07:00,0.494025,-6.0833335,105.250015,32.6643,31.15638
24/03/2024 08:00,0.494025,-6.0833335,105.250015,32.6633,31.253569
24/03/2024 09:00,0.494025,-6.0833335,105.250015,32.664124,31.183842
24/03/2024 10:00,0.494025,-6.0833335,105.250015,32.67053,30.898197
24/03/2024 11:00,0.494025,-6.0833335,105.250015,32.67394,30.693726
24/03/2024 12:00,0.494025,-6.0833335,105.250015,32.675396,30.568579
24/03/2024 13:00,0.494025,-6.0833335,105.250015,32.6766,30.471333
24/03/2024 14:00,0.494025,-6.0833335,105.250015,32.670662,30.376358
24/03/2024 15:00,0.494025,-6.0833335,105.250015,32.66658,30.300175
24/03/2024 16:00,0.494025,-6.0833335,105.250015,32.6684,30.249313
24/03/2024 17:00,0.494025,-6.0833335,105.250015,32.67036,30.202888
24/03/2024 18:00,0.494025,-6.0833335,105.250015,32.6712,30.157345
24/03/2024 19:00,0.494025,-6.0833335,105.250015,32.670853,30.120274
24/03/2024 20:00,0.494025,-6.0833335,105.250015,32.67002,30.090889
24/03/2024 21:00,0.494025,-6.0833335,105.250015,32.66878,30.06823
24/03/2024 22:00,0.494025,-6.0833335,105.250015,32.666386,30.049358
24/03/2024 23:00,0.494025,-6.0833335,105.250015,32.66321,30.030174
25/03/2024 00:00,0.494025,-6.0833335,105.250015,32.661106,30.021458
25/03/2024 01:00,0.494025,-6.0833335,105.250015,32.660183,30.027987
25/03/2024 02:00,0.494025,-6.0833335,105.250015,32.658897,30.058504
25/03/2024 03:00,0.494025,-6.0833335,105.250015,32.6571,30.120083
25/03/2024 04:00,0.494025,-6.0833335,105.250015,32.6541,30.194517
25/03/2024 05:00,0.494025,-6.0833335,105.250015,32.651337,30.254982
25/03/2024 06:00,0.494025,-6.0833335,105.250015,32.649517,30.309708
25/03/2024 07:00,0.494025,-6.0833335,105.250015,32.64765,30.360674
25/03/2024 08:00,0.494025,-6.0833335,105.250015,32.64568,30.376802
25/03/2024 09:00,0.494025,-6.0833335,105.250015,32.640923,30.347115
25/03/2024 10:00,0.494025,-6.0833335,105.250015,32.6374,30.272161
25/03/2024 11:00,0.494025,-6.0833335,105.250015,32.635315,30.200314
25/03/2024 12:00,0.494025,-6.0833335,105.250015,32.634365,30.145956
25/03/2024 13:00,0.494025,-6.0833335,105.250015,32.63432,30.10095
25/03/2024 14:00,0.494025,-6.0833335,105.250015,32.634037,30.061163
25/03/2024 15:00,0.494025,-6.0833335,105.250015,32.633724,30.02705
25/03/2024 16:00,0.494025,-6.0833335,105.250015,32.633354,29.996368
25/03/2024 17:00,0.494025,-6.0833335,105.250015,32.63253,29.968792
25/03/2024 18:00,0.494025,-6.0833335,105.250015,32.62928,29.941654
25/03/2024 19:00,0.494025,-6.0833335,105.250015,32.62798,29.92185
25/03/2024 20:00,0.494025,-6.0833335,105.250015,32.62784,29.909191
25/03/2024 21:00,0.494025,-6.0833335,105.250015,32.622986,29.889847
25/03/2024 22:00,0.494025,-6.0833335,105.250015,32.622284,29.870901
25/03/2024 23:00,0.494025,-6.0833335,105.250015,32.623486,29.868023
26/03/2024 00:00,0.494025,-6.0833335,105.250015,32.623062,29.87465
26/03/2024 01:00,0.494025,-6.0833335,105.250015,32.622696,29.905952
26/03/2024 02:00,0.494025,-6.0833335,105.250015,32.621082,29.987326
26/03/2024 03:00,0.494025,-6.0833335,105.250015,32.618942,30.09242
26/03/2024 04:00,0.494025,-6.0833335,105.250015,32.618782,30.178577
26/03/2024 05:00,0.494025,-6.0833335,105.250015,32.61725,30.247091
26/03/2024 06:00,0.494025,-6.0833335,105.250015,32.615826,30.288303
26/03/2024 07:00,0.494025,-6.0833335,105.250015,32.615562,30.332287
26/03/2024 08:00,0.494025,-6.0833335,105.250015,32.614437,30.36463
26/03/2024 09:00,0.494025,-6.0833335,105.250015,32.612373,30.363995
26/03/2024 10:00,0.494025,-6.0833335,105.250015,32.608685,30.32291
26/03/2024 11:00,0.494025,-6.0833335,105.250015,32.602955,30.260674
26/03/2024 12:00,0.494025,-6.0833335,105.250015,32.59363,30.20157
26/03/2024 13:00,0.494025,-6.0833335,105.250015,32.581337,30.160091
26/03/2024 14:00,0.494025,-6.0833335,105.250015,32.574814,30.130653
26/03/2024 15:00,0.494025,-6.0833335,105.250015,32.570465,30.101858
26/03/2024 16:00,0.494025,-6.0833335,105.250015,32.56394,30.065065
26/03/2024 17:00,0.494025,-6.0833335,105.250015,32.556114,30.02933
26/03/2024 18:00,0.494025,-6.0833335,105.250015,32.54887,30.001917
26/03/2024 19:00,0.494025,-6.0833335,105.250015,32.541378,29.981997
26/03/2024 20:00,0.494025,-6.0833335,105.250015,32.532192,29.96585
26/03/2024 21:00,0.494025,-6.0833335,105.250015,32.521427,29.952244
26/03/2024 22:00,0.494025,-6.0833335,105.250015,32.512478,29.938854
26/03/2024 23:00,0.494025,-6.0833335,105.250015,32.50721,29.933308
27/03/2024 00:00,0.494025,-6.0833335,105.250015,32.500458,29.940233
27/03/2024 01:00,0.494025,-6.0833335,105.250015,32.48294,29.963902
27/03/2024 02:00,0.494025,-6.0833335,105.250015,32.464645,30.010153
27/03/2024 03:00,0.494025,-6.0833335,105.250015,32.447468,30.104553
27/03/2024 04:00,0.494025,-6.0833335,105.250015,32.424862,30.198381
27/03/2024 05:00,0.494025,-6.0833335,105.250015,32.404087,30.311989
27/03/2024 06:00,0.494025,-6.0833335,105.250015,32.381657,30.511274
27/03/2024 07:00,0.494025,-6.0833335,105.250015,32.35718,30.664408
27/03/2024 08:00,0.494025,-6.0833335,105.250015,32.335506,30.619684
27/03/2024 09:00,0.494025,-6.0833335,105.250015,32.306355,30.570366
27/03/2024 10:00,0.494025,-6.0833335,105.250015,32.271515,30.527155
27/03/2024 11:00,0.494025,-6.0833335,105.250015,32.24416,30.4496
27/03/2024 12:00,0.494025,-6.0833335,105.250015,32.214535,30.379208
27/03/2024 13:00,0.494025,-6.0833335,105.250015,32.150543,30.304178
27/03/2024 14:00,0.494025,-6.0833335,105.250015,32.080933,30.2102
27/03/2024 15:00,0.494025,-6.0833335,105.250015,32.09021,30.211695
27/03/2024 16:00,0.494025,-6.0833335,105.250015,32.07622,30.182873
27/03/2024 17:00,0.494025,-6.0833335,105.250015,32.058422,30.147865
27/03/2024 18:00,0.494025,-6.0833335,105.250015,32.041245,30.112255
27/03/2024 19:00,0.494025,-6.0833335,105.250015,32.025368,30.089195
27/03/2024 20:00,0.494025,-6.0833335,105.250015,32.009228,30.077253
27/03/2024 21:00,0.494025,-6.0833335,105.250015,31.991644,30.063002
27/03/2024 22:00,0.494025,-6.0833335,105.250015,31.97351,30.048552
27/03/2024 23:00,0.494025,-6.0833335,105.250015,31.949015,30.03792
28/03/2024 00:00,0.494025,-6.0833335,105.250015,31.924305,30.062773
28/03/2024 01:00,0.494025,-6.0833335,105.250015,31.910873,30.147018
28/03/2024 02:00,0.494025,-6.0833335,105.250015,31.904972,30.310575
28/03/2024 03:00,0.494025,-6.0833335,105.250015,31.899824,30.532402
28/03/2024 04:00,0.494025,-6.0833335,105.250015,31.895493,30.780102
28/03/2024 05:00,0.494025,-6.0833335,105.250015,31.892263,31.022404
28/03/2024 06:00,0.494025,-6.0833335,105.250015,31.888954,31.221584
28/03/2024 07:00,0.494025,-6.0833335,105.250015,31.884912,31.341446
28/03/2024 08:00,0.494025,-6.0833335,105.250015,31.88205,31.360859
28/03/2024 09:00,0.494025,-6.0833335,105.250015,31.880556,31.212032
28/03/2024 10:00,0.494025,-6.0833335,105.250015,31.876083,30.96355
28/03/2024 11:00,0.494025,-6.0833335,105.250015,31.870394,30.794363
28/03/2024 12:00,0.494025,-6.0833335,105.250015,31.86974,30.606798
28/03/2024 13:00,0.494025,-6.0833335,105.250015,31.796707,30.495518
28/03/2024 14:00,0.494025,-6.0833335,105.250015,31.722572,30.383133
28/03/2024 15:00,0.494025,-6.0833335,105.250015,31.77437,30.340357
28/03/2024 16:00,0.494025,-6.0833335,105.250015,31.777424,30.267378
28/03/2024 17:00,0.494025,-6.0833335,105.250015,31.784412,30.201176
28/03/2024 18:00,0.494025,-6.0833335,105.250015,31.79234,30.142714
28/03/2024 19:00,0.494025,-6.0833335,105.250015,31.795301,30.099592
28/03/2024 20:00,0.494025,-6.0833335,105.250015,31.803339,30.06082
28/03/2024 21:00,0.494025,-6.0833335,105.250015,31.837053,30.071362
28/03/2024 22:00,0.494025,-6.0833335,105.250015,31.84827,30.05411
28/03/2024 23:00,0.494025,-6.0833335,105.250015,31.855442,30.039232
29/03/2024 00:00,0.494025,-6.0833335,105.250015,31.864899,30.06216
29/03/2024 01:00,0.494025,-6.0833335,105.250015,31.871687,30.119265
29/03/2024 02:00,0.494025,-6.0833335,105.250015,31.870544,30.192091
29/03/2024 03:00,0.494025,-6.0833335,105.250015,31.866602,30.293835
29/03/2024 04:00,0.494025,-6.0833335,105.250015,31.860916,30.456005
29/03/2024 05:00,0.494025,-6.0833335,105.250015,31.854996,30.693455
29/03/2024 06:00,0.494025,-6.0833335,105.250015,31.849245,30.94563
29/03/2024 07:00,0.494025,-6.0833335,105.250015,31.843647,31.157982
29/03/2024 08:00,0.494025,-6.0833335,105.250015,31.839037,31.292269
29/03/2024 09:00,0.494025,-6.0833335,105.250015,31.836674,31.316359
29/03/2024 10:00,0.494025,-6.0833335,105.250015,31.8361,31.218231
29/03/2024 11:00,0.494025,-6.0833335,105.250015,31.837692,30.902227
29/03/2024 12:00,0.494025,-6.0833335,105.250015,31.840288,30.733452
29/03/2024 13:00,0.494025,-6.0833335,105.250015,31.850246,30.588572
29/03/2024 14:00,0.494025,-6.0833335,105.250015,31.854576,30.51813
29/03/2024 15:00,0.494025,-6.0833335,105.250015,31.86245,30.458418
29/03/2024 16:00,0.494025,-6.0833335,105.250015,31.867674,30.42069
29/03/2024 17:00,0.494025,-6.0833335,105.250015,31.868116,30.39759
29/03/2024 18:00,0.494025,-6.0833335,105.250015,31.867409,30.373665
29/03/2024 19:00,0.494025,-6.0833335,105.250015,31.867336,30.352032
29/03/2024 20:00,0.494025,-6.0833335,105.250015,31.8679,30.335226
29/03/2024 21:00,0.494025,-6.0833335,105.250015,31.866493,30.321522
29/03/2024 22:00,0.494025,-6.0833335,105.250015,31.86417,30.306221
29/03/2024 23:00,0.494025,-6.0833335,105.250015,31.861532,30.29758
30/03/2024 00:00,0.494025,-6.0833335,105.250015,31.857357,30.31141
30/03/2024 01:00,0.494025,-6.0833335,105.250015,31.85187,30.355963
30/03/2024 02:00,0.494025,-6.0833335,105.250015,31.846384,30.44154
30/03/2024 03:00,0.494025,-6.0833335,105.250015,31.843758,30.573797
30/03/2024 04:00,0.494025,-6.0833335,105.250015,31.843918,30.734959
30/03/2024 05:00,0.494025,-6.0833335,105.250015,31.844402,30.935585
30/03/2024 06:00,0.494025,-6.0833335,105.250015,31.844727,31.166004
30/03/2024 07:00,0.494025,-6.0833335,105.250015,31.84575,31.298693
30/03/2024 08:00,0.494025,-6.0833335,105.250015,31.847033,31.189098
30/03/2024 09:00,0.494025,-6.0833335,105.250015,31.848291,31.062754
30/03/2024 10:00,0.494025,-6.0833335,105.250015,31.848793,30.878958
30/03/2024 11:00,0.494025,-6.0833335,105.250015,31.849669,30.780039
30/03/2024 12:00,0.494025,-6.0833335,105.250015,31.842701,30.680603
30/03/2024 13:00,0.494025,-6.0833335,105.250015,31.83983,30.601229
30/03/2024 14:00,0.494025,-6.0833335,105.250015,31.842657,30.532492
30/03/2024 15:00,0.494025,-6.0833335,105.250015,31.804218,30.466946
30/03/2024 16:00,0.494025,-6.0833335,105.250015,31.756714,30.3767
30/03/2024 17:00,0.494025,-6.0833335,105.250015,31.736774,30.347998
30/03/2024 18:00,0.494025,-6.0833335,105.250015,31.677822,30.243864
30/03/2024 19:00,0.494025,-6.0833335,105.250015,31.687017,30.190783
30/03/2024 20:00,0.494025,-6.0833335,105.250015,31.69454,30.204062
30/03/2024 21:00,0.494025,-6.0833335,105.250015,31.746054,30.266523
30/03/2024 22:00,0.494025,-6.0833335,105.250015,31.79812,30.310946
30/03/2024 23:00,0.494025,-6.0833335,105.250015,31.819872,30.312412
31/03/2024 00:00,0.494025,-6.0833335,105.250015,31.82038,30.307642
31/03/2024 01:00,0.494025,-6.0833335,105.250015,31.799728,30.29755
31/03/2024 02:00,0.494025,-6.0833335,105.250015,31.785622,30.335648
31/03/2024 03:00,0.494025,-6.0833335,105.250015,31.795254,30.458529
31/03/2024 04:00,0.494025,-6.0833335,105.250015,31.808233,30.639349
31/03/2024 05:00,0.494025,-6.0833335,105.250015,31.824305,30.789911
31/03/2024 06:00,0.494025,-6.0833335,105.250015,31.837357,30.929497
31/03/2024 07:00,0.494025,-6.0833335,105.250015,31.848164,31.041689
31/03/2024 08:00,0.494025,-6.0833335,105.250015,31.860254,31.003576
31/03/2024 09:00,0.494025,-6.0833335,105.250015,31.873058,30.84786
31/03/2024 10:00,0.494025,-6.0833335,105.250015,31.883081,30.703972
31/03/2024 11:00,0.494025,-6.0833335,105.250015,31.889845,30.610107
31/03/2024 12:00,0.494025,-6.0833335,105.250015,31.895884,30.550064
31/03/2024 13:00,0.494025,-6.0833335,105.250015,31.901937,30.498901
31/03/2024 14:00,0.494025,-6.0833335,105.250015,31.908127,30.455982
31/03/2024 15:00,0.494025,-6.0833335,105.250015,31.913605,30.419987
31/03/2024 16:00,0.494025,-6.0833335,105.250015,31.917353,30.391386
31/03/2024 17:00,0.494025,-6.0833335,105.250015,31.921131,30.369982
31/03/2024 18:00,0.494025,-6.0833335,105.250015,31.925438,30.352022
31/03/2024 19:00,0.494025,-6.0833335,105.250015,31.929707,30.335924
31/03/2024 20:00,0.494025,-6.0833335,105.250015,31.930605,30.320848
31/03/2024 21:00,0.494025,-6.0833335,105.250015,31.927835,30.302645
31/03/2024 22:00,0.494025,-6.0833335,105.250015,31.924192,30.283018
31/03/2024 23:00,0.494025,-6.0833335,105.250015,31.91739,30.268295
01/04/2024 00:00,0.494025,-6.0833335,105.250015,31.918764,30.271246
01/04/2024 01:00,0.494025,-6.0833335,105.250015,31.92223,30.295427
01/04/2024 02:00,0.494025,-6.0833335,105.250015,31.92201,30.333523
01/04/2024 03:00,0.494025,-6.0833335,105.250015,31.920979,30.401337
01/04/2024 04:00,0.494025,-6.0833335,105.250015,31.919065,30.503445
01/04/2024 05:00,0.494025,-6.0833335,105.250015,31.915482,30.610643
01/04/2024 06:00,0.494025,-6.0833335,105.250015,31.911718,30.681654
01/04/2024 07:00,0.494025,-6.0833335,105.250015,31.908396,30.700405
01/04/2024 08:00,0.494025,-6.0833335,105.250015,31.904125,30.666126
01/04/2024 09:00,0.494025,-6.0833335,105.250015,31.897518,30.618156
01/04/2024 10:00,0.494025,-6.0833335,105.250015,31.890528,30.573502
01/04/2024 11:00,0.494025,-6.0833335,105.250015,31.883505,30.525658
01/04/2024 12:00,0.494025,-6.0833335,105.250015,31.876509,30.486559
01/04/2024 13:00,0.494025,-6.0833335,105.250015,31.870543,30.456745
01/04/2024 14:00,0.494025,-6.0833335,105.250015,31.865211,30.433556
01/04/2024 15:00,0.494025,-6.0833335,105.250015,31.859833,30.414822
01/04/2024 16:00,0.494025,-6.0833335,105.250015,31.851868,30.398088
01/04/2024 17:00,0.494025,-6.0833335,105.250015,31.84109,30.383892
01/04/2024 18:00,0.494025,-6.0833335,105.250015,31.8318,30.37068
01/04/2024 19:00,0.494025,-6.0833335,105.250015,31.823645,30.357607
01/04/2024 20:00,0.494025,-6.0833335,105.250015,31.816511,30.346676
01/04/2024 21:00,0.494025,-6.0833335,105.250015,31.810291,30.341171
01/04/2024 22:00,0.494025,-6.0833335,105.250015,31.80507,30.338427
01/04/2024 23:00,0.494025,-6.0833335,105.250015,31.80042,30.34015
02/04/2024 00:00,0.494025,-6.0833335,105.250015,31.793846,30.356365
02/04/2024 01:00,0.494025,-6.0833335,105.250015,31.788206,30.378775
02/04/2024 02:00,0.494025,-6.0833335,105.250015,31.78406,30.394293
02/04/2024 03:00,0.494025,-6.0833335,105.250015,31.780521,30.43233
02/04/2024 04:00,0.494025,-6.0833335,105.250015,31.78054,30.495031
02/04/2024 05:00,0.494025,-6.0833335,105.250015,31.780844,30.566936
02/04/2024 06:00,0.494025,-6.0833335,105.250015,31.780746,30.67757
02/04/2024 07:00,0.494025,-6.0833335,105.250015,31.779734,30.81618
02/04/2024 08:00,0.494025,-6.0833335,105.250015,31.778372,30.913729
02/04/2024 09:00,0.494025,-6.0833335,105.250015,31.77643,30.89756
02/04/2024 10:00,0.494025,-6.0833335,105.250015,31.772182,30.758867
02/04/2024 11:00,0.494025,-6.0833335,105.250015,31.767925,30.650082
02/04/2024 12:00,0.494025,-6.0833335,105.250015,31.764294,30.574413
02/04/2024 13:00,0.494025,-6.0833335,105.250015,31.763517,30.521734
02/04/2024 14:00,0.494025,-6.0833335,105.250015,31.763624,30.484003
02/04/2024 15:00,0.494025,-6.0833335,105.250015,31.764084,30.45535
02/04/2024 16:00,0.494025,-6.0833335,105.250015,31.76475,30.430645
02/04/2024 17:00,0.494025,-6.0833335,105.250015,31.765438,30.407473
02/04/2024 18:00,0.494025,-6.0833335,105.250015,31.76548,30.388037
02/04/2024 19:00,0.494025,-6.0833335,105.250015,31.765736,30.371288
02/04/2024 20:00,0.494025,-6.0833335,105.250015,31.767267,30.355288
02/04/2024 21:00,0.494025,-6.0833335,105.250015,31.768713,30.339264
02/04/2024 22:00,0.494025,-6.0833335,105.250015,31.762209,30.319603
02/04/2024 23:00,0.494025,-6.0833335,105.250015,31.75827,30.30415
03/04/2024 00:00,0.494025,-6.0833335,105.250015,31.762453,30.31129
03/04/2024 01:00,0.494025,-6.0833335,105.250015,31.764807,30.333986
03/04/2024 02:00,0.494025,-6.0833335,105.250015,31.766258,30.384235
03/04/2024 03:00,0.494025,-6.0833335,105.250015,31.767311,30.450298
03/04/2024 04:00,0.494025,-6.0833335,105.250015,31.76857,30.584028
03/04/2024 05:00,0.494025,-6.0833335,105.250015,31.769718,30.780596
03/04/2024 06:00,0.494025,-6.0833335,105.250015,31.771145,30.949556
03/04/2024 07:00,0.494025,-6.0833335,105.250015,31.7732,31.022789
03/04/2024 08:00,0.494025,-6.0833335,105.250015,31.77325,30.910114
03/04/2024 09:00,0.494025,-6.0833335,105.250015,31.773655,30.817139
03/04/2024 10:00,0.494025,-6.0833335,105.250015,31.773777,30.72729
03/04/2024 11:00,0.494025,-6.0833335,105.250015,31.772432,30.64759
03/04/2024 12:00,0.494025,-6.0833335,105.250015,31.770796,30.587175
03/04/2024 13:00,0.494025,-6.0833335,105.250015,31.7725,30.54599
03/04/2024 14:00,0.494025,-6.0833335,105.250015,31.775461,30.516727
03/04/2024 15:00,0.494025,-6.0833335,105.250015,31.776976,30.491314
03/04/2024 16:00,0.494025,-6.0833335,105.250015,31.71281,30.447731
03/04/2024 17:00,0.494025,-6.0833335,105.250015,31.526531,30.345625
03/04/2024 18:00,0.494025,-6.0833335,105.250015,31.386852,30.241367
03/04/2024 19:00,0.494025,-6.0833335,105.250015,31.377657,30.162832
03/04/2024 20:00,0.494025,-6.0833335,105.250015,31.490278,30.172766
03/04/2024 21:00,0.494025,-6.0833335,105.250015,31.595488,30.252367
03/04/2024 22:00,0.494025,-6.0833335,105.250015,31.626566,30.264868
03/04/2024 23:00,0.494025,-6.0833335,105.250015,31.675556,30.319454
04/04/2024 00:00,0.494025,-6.0833335,105.250015,31.72158,30.410692
04/04/2024 01:00,0.494025,-6.0833335,105.250015,31.73145,30.470865
04/04/2024 02:00,0.494025,-6.0833335,105.250015,31.734787,30.549133
04/04/2024 03:00,0.494025,-6.0833335,105.250015,31.742605,30.691711
04/04/2024 04:00,0.494025,-6.0833335,105.250015,31.750633,30.901724
04/04/2024 05:00,0.494025,-6.0833335,105.250015,31.757404,31.143124
04/04/2024 06:00,0.494025,-6.0833335,105.250015,31.761896,31.353329
04/04/2024 07:00,0.494025,-6.0833335,105.250015,31.767178,31.488808
04/04/2024 08:00,0.494025,-6.0833335,105.250015,31.771173,31.541927
04/04/2024 09:00,0.494025,-6.0833335,105.250015,31.746672,31.510988
04/04/2024 10:00,0.494025,-6.0833335,105.250015,31.719625,31.398067
04/04/2024 11:00,0.494025,-6.0833335,105.250015,31.724436,31.241234
04/04/2024 12:00,0.494025,-6.0833335,105.250015,31.731375,31.069221
04/04/2024 13:00,0.494025,-6.0833335,105.250015,31.740564,30.901289
04/04/2024 14:00,0.494025,-6.0833335,105.250015,31.747536,30.799356
04/04/2024 15:00,0.494025,-6.0833335,105.250015,31.749104,30.721441
04/04/2024 16:00,0.494025,-6.0833335,105.250015,31.747366,30.653893
04/04/2024 17:00,0.494025,-6.0833335,105.250015,31.747993,30.60767
04/04/2024 18:00,0.494025,-6.0833335,105.250015,31.750744,30.574512
04/04/2024 19:00,0.494025,-6.0833335,105.250015,31.754406,30.547077
04/04/2024 20:00,0.494025,-6.0833335,105.250015,31.758783,30.52344
04/04/2024 21:00,0.494025,-6.0833335,105.250015,31.763084,30.50923
04/04/2024 22:00,0.494025,-6.0833335,105.250015,31.763538,30.48968
04/04/2024 23:00,0.494025,-6.0833335,105.250015,31.73572,30.440853
05/04/2024 00:00,0.494025,-6.0833335,105.250015,31.715342,30.41318
05/04/2024 01:00,0.494025,-6.0833335,105.250015,31.743128,30.481466
05/04/2024 02:00,0.494025,-6.0833335,105.250015,31.75143,30.585636
05/04/2024 03:00,0.494025,-6.0833335,105.250015,31.756317,30.711313
05/04/2024 04:00,0.494025,-6.0833335,105.250015,31.757889,30.794588
05/04/2024 05:00,0.494025,-6.0833335,105.250015,31.754276,30.930696
05/04/2024 06:00,0.494025,-6.0833335,105.250015,31.759813,31.03098
05/04/2024 07:00,0.494025,-6.0833335,105.250015,31.77206,31.021788
05/04/2024 08:00,0.494025,-6.0833335,105.250015,31.778418,31.003016
05/04/2024 09:00,0.494025,-6.0833335,105.250015,31.776552,30.965715
05/04/2024 10:00,0.494025,-6.0833335,105.250015,31.775393,30.907986
05/04/2024 11:00,0.494025,-6.0833335,105.250015,31.784798,30.79914
05/04/2024 12:00,0.494025,-6.0833335,105.250015,31.79397,30.689293
05/04/2024 13:00,0.494025,-6.0833335,105.250015,31.797369,30.625523
05/04/2024 14:00,0.494025,-6.0833335,105.250015,31.794884,30.588703
05/04/2024 15:00,0.494025,-6.0833335,105.250015,31.795301,30.566107
05/04/2024 16:00,0.494025,-6.0833335,105.250015,31.796177,30.546803
05/04/2024 17:00,0.494025,-6.0833335,105.250015,31.797958,30.527887
05/04/2024 18:00,0.494025,-6.0833335,105.250015,31.79346,30.507294
05/04/2024 19:00,0.494025,-6.0833335,105.250015,31.793917,30.487251
05/04/2024 20:00,0.494025,-6.0833335,105.250015,31.798395,30.472176
05/04/2024 21:00,0.494025,-6.0833335,105.250015,31.797052,30.45457
05/04/2024 22:00,0.494025,-6.0833335,105.250015,31.798628,30.438047
05/04/2024 23:00,0.494025,-6.0833335,105.250015,31.801043,30.424765
06/04/2024 00:00,0.494025,-6.0833335,105.250015,31.803535,30.421997
06/04/2024 01:00,0.494025,-6.0833335,105.250015,31.805984,30.434174
06/04/2024 02:00,0.494025,-6.0833335,105.250015,31.804817,30.454384
06/04/2024 03:00,0.494025,-6.0833335,105.250015,31.804115,30.490236
06/04/2024 04:00,0.494025,-6.0833335,105.250015,31.805489,30.543259
06/04/2024 05:00,0.494025,-6.0833335,105.250015,31.806158,30.600504
06/04/2024 06:00,0.494025,-6.0833335,105.250015,31.806238,30.649776
06/04/2024 07:00,0.494025,-6.0833335,105.250015,31.80575,30.673914
06/04/2024 08:00,0.494025,-6.0833335,105.250015,31.80496,30.663696
06/04/2024 09:00,0.494025,-6.0833335,105.250015,31.804436,30.625944
06/04/2024 10:00,0.494025,-6.0833335,105.250015,31.804161,30.58408
06/04/2024 11:00,0.494025,-6.0833335,105.250015,31.804241,30.55012
06/04/2024 12:00,0.494025,-6.0833335,105.250015,31.804672,30.525923
06/04/2024 13:00,0.494025,-6.0833335,105.250015,31.805258,30.506155
06/04/2024 14:00,0.494025,-6.0833335,105.250015,31.805445,30.49094
06/04/2024 15:00,0.494025,-6.0833335,105.250015,31.805536,30.476017
06/04/2024 16:00,0.494025,-6.0833335,105.250015,31.806553,30.459234
06/04/2024 17:00,0.494025,-6.0833335,105.250015,31.80772,30.442875
06/04/2024 18:00,0.494025,-6.0833335,105.250015,31.808243,30.426414
06/04/2024 19:00,0.494025,-6.0833335,105.250015,31.809132,30.409693
06/04/2024 20:00,0.494025,-6.0833335,105.250015,31.811028,30.392233
06/04/2024 21:00,0.494025,-6.0833335,105.250015,31.812384,30.374912
06/04/2024 22:00,0.494025,-6.0833335,105.250015,31.812866,30.35763
06/04/2024 23:00,0.494025,-6.0833335,105.250015,31.813147,30.341389
07/04/2024 00:00,0.494025,-6.0833335,105.250015,31.812912,30.340776
07/04/2024 01:00,0.494025,-6.0833335,105.250015,31.812376,30.363565
07/04/2024 02:00,0.494025,-6.0833335,105.250015,31.811989,30.411945
07/04/2024 03:00,0.494025,-6.0833335,105.250015,31.8121,30.508852
07/04/2024 04:00,0.494025,-6.0833335,105.250015,31.812767,30.66249
07/04/2024 05:00,0.494025,-6.0833335,105.250015,31.81326,30.78167
07/04/2024 06:00,0.494025,-6.0833335,105.250015,31.813744,30.86534
07/04/2024 07:00,0.494025,-6.0833335,105.250015,31.81424,30.909058
07/04/2024 08:00,0.494025,-6.0833335,105.250015,31.814463,30.904442
07/04/2024 09:00,0.494025,-6.0833335,105.250015,31.814539,30.871225
07/04/2024 10:00,0.494025,-6.0833335,105.250015,31.814724,30.805212
07/04/2024 11:00,0.494025,-6.0833335,105.250015,31.814371,30.714201
07/04/2024 12:00,0.494025,-6.0833335,105.250015,31.814627,30.649288
07/04/2024 13:00,0.494025,-6.0833335,105.250015,31.814888,30.58678
07/04/2024 14:00,0.494025,-6.0833335,105.250015,31.81601,30.536156
07/04/2024 15:00,0.494025,-6.0833335,105.250015,31.818232,30.493366
07/04/2024 16:00,0.494025,-6.0833335,105.250015,31.821518,30.457008
07/04/2024 17:00,0.494025,-6.0833335,105.250015,31.825352,30.424711
07/04/2024 18:00,0.494025,-6.0833335,105.250015,31.829353,30.396618
07/04/2024 19:00,0.494025,-6.0833335,105.250015,31.833506,30.37
07/04/2024 20:00,0.494025,-6.0833335,105.250015,31.837532,30.345419
07/04/2024 21:00,0.494025,-6.0833335,105.250015,31.841005,30.323355
07/04/2024 22:00,0.494025,-6.0833335,105.250015,31.843916,30.30458
07/04/2024 23:00,0.494025,-6.0833335,105.250015,31.846273,30.29087
08/04/2024 00:00,0.494025,-6.0833335,105.250015,31.848198,30.291285
08/04/2024 01:00,0.494025,-6.0833335,105.250015,31.849371,30.31521
08/04/2024 02:00,0.494025,-6.0833335,105.250015,31.849808,30.379616
08/04/2024 03:00,0.494025,-6.0833335,105.250015,31.850039,30.502094
08/04/2024 04:00,0.494025,-6.0833335,105.250015,31.85034,30.679008
08/04/2024 05:00,0.494025,-6.0833335,105.250015,31.85071,30.866829
08/04/2024 06:00,0.494025,-6.0833335,105.250015,31.850489,30.964666
08/04/2024 07:00,0.494025,-6.0833335,105.250015,31.850073,30.976164
08/04/2024 08:00,0.494025,-6.0833335,105.250015,31.849104,30.871971
08/04/2024 09:00,0.494025,-6.0833335,105.250015,31.848421,30.765005
08/04/2024 10:00,0.494025,-6.0833335,105.250015,31.8483,30.677683
08/04/2024 11:00,0.494025,-6.0833335,105.250015,31.848732,30.614569
08/04/2024 12:00,0.494025,-6.0833335,105.250015,31.849628,30.569767
08/04/2024 13:00,0.494025,-6.0833335,105.250015,31.851057,30.535448
08/04/2024 14:00,0.494025,-6.0833335,105.250015,31.85242,30.507925
08/04/2024 15:00,0.494025,-6.0833335,105.250015,31.854359,30.485012
08/04/2024 16:00,0.494025,-6.0833335,105.250015,31.856575,30.467756
08/04/2024 17:00,0.494025,-6.0833335,105.250015,31.858892,30.451328
08/04/2024 18:00,0.494025,-6.0833335,105.250015,31.861536,30.435844
08/04/2024 19:00,0.494025,-6.0833335,105.250015,31.864483,30.421894
08/04/2024 20:00,0.494025,-6.0833335,105.250015,31.86737,30.406744
08/04/2024 21:00,0.494025,-6.0833335,105.250015,31.869051,30.39019
08/04/2024 22:00,0.494025,-6.0833335,105.250015,31.870922,30.37558
08/04/2024 23:00,0.494025,-6.0833335,105.250015,31.87241,30.363426
09/04/2024 00:00,0.494025,-6.0833335,105.250015,31.874792,30.356005
09/04/2024 01:00,0.494025,-6.0833335,105.250015,31.877317,30.363909
09/04/2024 02:00,0.494025,-6.0833335,105.250015,31.879707,30.388264
09/04/2024 03:00,0.494025,-6.0833335,105.250015,31.881275,30.420761
09/04/2024 04:00,0.494025,-6.0833335,105.250015,31.88036,30.470785
09/04/2024 05:00,0.494025,-6.0833335,105.250015,31.880728,30.53488
09/04/2024 06:00,0.494025,-6.0833335,105.250015,31.883345,30.607656
09/04/2024 07:00,0.494025,-6.0833335,105.250015,31.887228,30.648968
09/04/2024 08:00,0.494025,-6.0833335,105.250015,31.891047,30.65158
09/04/2024 09:00,0.494025,-6.0833335,105.250015,31.892208,30.623295
09/04/2024 10:00,0.494025,-6.0833335,105.250015,31.894873,30.579132
09/04/2024 11:00,0.494025,-6.0833335,105.250015,31.900724,30.53321
09/04/2024 12:00,0.494025,-6.0833335,105.250015,31.906296,30.49599
09/04/2024 13:00,0.494025,-6.0833335,105.250015,31.912083,30.467323
09/04/2024 14:00,0.494025,-6.0833335,105.250015,31.918222,30.441587
09/04/2024 15:00,0.494025,-6.0833335,105.250015,31.924957,30.415697
09/04/2024 16:00,0.494025,-6.0833335,105.250015,31.932144,30.390673
09/04/2024 17:00,0.494025,-6.0833335,105.250015,31.938696,30.367517
09/04/2024 18:00,0.494025,-6.0833335,105.250015,31.944832,30.344852
09/04/2024 19:00,0.494025,-6.0833335,105.250015,31.951054,30.321098
09/04/2024 20:00,0.494025,-6.0833335,105.250015,31.957357,30.296968
09/04/2024 21:00,0.494025,-6.0833335,105.250015,31.963514,30.272694
09/04/2024 22:00,0.494025,-6.0833335,105.250015,31.96942,30.247759
09/04/2024 23:00,0.494025,-6.0833335,105.250015,31.974874,30.226004
10/04/2024 00:00,0.494025,-6.0833335,105.250015,31.98017,30.221077
10/04/2024 01:00,0.494025,-6.0833335,105.250015,31.984163,30.245268
10/04/2024 02:00,0.494025,-6.0833335,105.250015,31.986992,30.292461
10/04/2024 03:00,0.494025,-6.0833335,105.250015,31.989006,30.345625
10/04/2024 04:00,0.494025,-6.0833335,105.250015,31.989182,30.4081
10/04/2024 05:00,0.494025,-6.0833335,105.250015,31.990192,30.484653
10/04/2024 06:00,0.494025,-6.0833335,105.250015,31.992699,30.558912
10/04/2024 07:00,0.494025,-6.0833335,105.250015,31.995234,30.592806
10/04/2024 08:00,0.494025,-6.0833335,105.250015,31.999378,30.56896
10/04/2024 09:00,0.494025,-6.0833335,105.250015,32.004192,30.532572
10/04/2024 10:00,0.494025,-6.0833335,105.250015,32.000427,30.497375
10/04/2024 11:00,0.494025,-6.0833335,105.250015,31.989622,30.45333
10/04/2024 12:00,0.494025,-6.0833335,105.250015,31.993822,30.415298
10/04/2024 13:00,0.494025,-6.0833335,105.250015,32.006367,30.37436
10/04/2024 14:00,0.494025,-6.0833335,105.250015,32.017677,30.333239
10/04/2024 15:00,0.494025,-6.0833335,105.250015,32.027927,30.294624
10/04/2024 16:00,0.494025,-6.0833335,105.250015,32.03474,30.262283
10/04/2024 17:00,0.494025,-6.0833335,105.250015,32.03892,30.23758
10/04/2024 18:00,0.494025,-6.0833335,105.250015,32.04183,30.218487
10/04/2024 19:00,0.494025,-6.0833335,105.250015,32.043438,30.202871
10/04/2024 20:00,0.494025,-6.0833335,105.250015,32.043934,30.192709
10/04/2024 21:00,0.494025,-6.0833335,105.250015,32.04138,30.192423
10/04/2024 22:00,0.494025,-6.0833335,105.250015,32.036236,30.201324
10/04/2024 23:00,0.494025,-6.0833335,105.250015,32.0307,30.202173
11/04/2024 00:00,0.494025,-6.0833335,105.250015,32.02589,30.215197
11/04/2024 01:00,0.494025,-6.0833335,105.250015,32.021805,30.25384
11/04/2024 02:00,0.494025,-6.0833335,105.250015,32.018345,30.314777
11/04/2024 03:00,0.494025,-6.0833335,105.250015,32.015236,30.394203
11/04/2024 04:00,0.494025,-6.0833335,105.250015,32.01226,30.487705
11/04/2024 05:00,0.494025,-6.0833335,105.250015,32.009647,30.603409
11/04/2024 06:00,0.494025,-6.0833335,105.250015,32.007732,30.753315
11/04/2024 07:00,0.494025,-6.0833335,105.250015,32.00678,30.91198
11/04/2024 08:00,0.494025,-6.0833335,105.250015,32.006626,31.019552
11/04/2024 09:00,0.494025,-6.0833335,105.250015,32.007084,31.046616
11/04/2024 10:00,0.494025,-6.0833335,105.250015,32.006634,30.960161
11/04/2024 11:00,0.494025,-6.0833335,105.250015,32.00643,30.866964
11/04/2024 12:00,0.494025,-6.0833335,105.250015,32.00872,30.790533
11/04/2024 13:00,0.494025,-6.0833335,105.250015,32.009453,30.703691
11/04/2024 14:00,0.494025,-6.0833335,105.250015,32.007687,30.633726
11/04/2024 15:00,0.494025,-6.0833335,105.250015,31.996883,30.577293
11/04/2024 16:00,0.494025,-6.0833335,105.250015,31.977894,30.526049
11/04/2024 17:00,0.494025,-6.0833335,105.250015,31.981234,30.496914
11/04/2024 18:00,0.494025,-6.0833335,105.250015,31.956816,30.4686
11/04/2024 19:00,0.494025,-6.0833335,105.250015,31.891043,30.382057
11/04/2024 20:00,0.494025,-6.0833335,105.250015,31.901148,30.34377
11/04/2024 21:00,0.494025,-6.0833335,105.250015,31.922455,30.331808
11/04/2024 22:00,0.494025,-6.0833335,105.250015,31.942219,30.34159
11/04/2024 23:00,0.494025,-6.0833335,105.250015,31.957664,30.337702
12/04/2024 00:00,0.494025,-6.0833335,105.250015,31.96751,30.333624
12/04/2024 01:00,0.494025,-6.0833335,105.250015,31.969585,30.33002
12/04/2024 02:00,0.494025,-6.0833335,105.250015,31.970442,30.333838
12/04/2024 03:00,0.494025,-6.0833335,105.250015,31.9689,30.373352
12/04/2024 04:00,0.494025,-6.0833335,105.250015,31.964668,30.463448
12/04/2024 05:00,0.494025,-6.0833335,105.250015,31.961536,30.565456
12/04/2024 06:00,0.494025,-6.0833335,105.250015,31.95847,30.674946
12/04/2024 07:00,0.494025,-6.0833335,105.250015,31.958815,30.775473
12/04/2024 08:00,0.494025,-6.0833335,105.250015,31.966204,30.770245
12/04/2024 09:00,0.494025,-6.0833335,105.250015,31.98481,30.678406
12/04/2024 10:00,0.494025,-6.0833335,105.250015,31.994934,30.625965
12/04/2024 11:00,0.494025,-6.0833335,105.250015,32.015198,30.563955
12/04/2024 12:00,0.494025,-6.0833335,105.250015,32.03208,30.517265
12/04/2024 13:00,0.494025,-6.0833335,105.250015,32.052402,30.480036
12/04/2024 14:00,0.494025,-6.0833335,105.250015,32.06715,30.452042
12/04/2024 15:00,0.494025,-6.0833335,105.250015,32.080875,30.429773
12/04/2024 16:00,0.494025,-6.0833335,105.250015,32.091393,30.410313
12/04/2024 17:00,0.494025,-6.0833335,105.250015,32.07348,30.377356
12/04/2024 18:00,0.494025,-6.0833335,105.250015,31.9979,30.289927
12/04/2024 19:00,0.494025,-6.0833335,105.250015,31.963915,30.197369
12/04/2024 20:00,0.494025,-6.0833335,105.250015,32.04629,30.274654
12/04/2024 21:00,0.494025,-6.0833335,105.250015,32.08142,30.317327
12/04/2024 22:00,0.494025,-6.0833335,105.250015,32.093327,30.318855
12/04/2024 23:00,0.494025,-6.0833335,105.250015,32.103725,30.319735
13/04/2024 00:00,0.494025,-6.0833335,105.250015,32.110596,30.330093
13/04/2024 01:00,0.494025,-6.0833335,105.250015,32.114613,30.371712
13/04/2024 02:00,0.494025,-6.0833335,105.250015,32.118084,30.443415
13/04/2024 03:00,0.494025,-6.0833335,105.250015,32.12263,30.540098
13/04/2024 04:00,0.494025,-6.0833335,105.250015,32.127724,30.66505
13/04/2024 05:00,0.494025,-6.0833335,105.250015,32.13296,30.799696
13/04/2024 06:00,0.494025,-6.0833335,105.250015,32.13811,30.923363
13/04/2024 07:00,0.494025,-6.0833335,105.250015,32.142757,31.013145
13/04/2024 08:00,0.494025,-6.0833335,105.250015,32.14666,31.03328
13/04/2024 09:00,0.494025,-6.0833335,105.250015,32.150387,31.011549
13/04/2024 10:00,0.494025,-6.0833335,105.250015,32.153976,30.936367
13/04/2024 11:00,0.494025,-6.0833335,105.250015,32.158073,30.808847
13/04/2024 12:00,0.494025,-6.0833335,105.250015,32.16097,30.708422
13/04/2024 13:00,0.494025,-6.0833335,105.250015,32.16059,30.631836
13/04/2024 14:00,0.494025,-6.0833335,105.250015,32.153606,30.570545
13/04/2024 15:00,0.494025,-6.0833335,105.250015,32.149784,30.537193
13/04/2024 16:00,0.494025,-6.0833335,105.250015,32.14614,30.511166
13/04/2024 17:00,0.494025,-6.0833335,105.250015,32.144093,30.486525
13/04/2024 18:00,0.494025,-6.0833335,105.250015,32.139965,30.466236
13/04/2024 19:00,0.494025,-6.0833335,105.250015,32.140198,30.450869
13/04/2024 20:00,0.494025,-6.0833335,105.250015,32.142567,30.435692
13/04/2024 21:00,0.494025,-6.0833335,105.250015,32.143806,30.417158
13/04/2024 22:00,0.494025,-6.0833335,105.250015,32.14294,30.396221
13/04/2024 23:00,0.494025,-6.0833335,105.250015,32.14006,30.376415
14/04/2024 00:00,0.494025,-6.0833335,105.250015,32.14023,30.371082
14/04/2024 01:00,0.494025,-6.0833335,105.250015,32.142765,30.38724
14/04/2024 02:00,0.494025,-6.0833335,105.250015,32.14454,30.416256
14/04/2024 03:00,0.494025,-6.0833335,105.250015,32.145805,30.467241
14/04/2024 04:00,0.494025,-6.0833335,105.250015,32.147198,30.565012
14/04/2024 05:00,0.494025,-6.0833335,105.250015,32.148766,30.705214
14/04/2024 06:00,0.494025,-6.0833335,105.250015,32.150196,30.844362
14/04/2024 07:00,0.494025,-6.0833335,105.250015,32.15147,30.947672
14/04/2024 08:00,0.494025,-6.0833335,105.250015,32.151627,30.958702
14/04/2024 09:00,0.494025,-6.0833335,105.250015,32.151325,30.899437
14/04/2024 10:00,0.494025,-6.0833335,105.250015,32.150833,30.807209
14/04/2024 11:00,0.494025,-6.0833335,105.250015,32.150402,30.738962
14/04/2024 12:00,0.494025,-6.0833335,105.250015,32.149326,30.669905
14/04/2024 13:00,0.494025,-6.0833335,105.250015,32.14965,30.602634
14/04/2024 14:00,0.494025,-6.0833335,105.250015,32.150963,30.54743
14/04/2024 15:00,0.494025,-6.0833335,105.250015,32.152126,30.508722
14/04/2024 16:00,0.494025,-6.0833335,105.250015,32.147713,30.481245
14/04/2024 17:00,0.494025,-6.0833335,105.250015,32.135742,30.454523
14/04/2024 18:00,0.494025,-6.0833335,105.250015,32.13837,30.44209
14/04/2024 19:00,0.494025,-6.0833335,105.250015,32.141457,30.43167
14/04/2024 20:00,0.494025,-6.0833335,105.250015,32.11183,30.395836
14/04/2024 21:00,0.494025,-6.0833335,105.250015,32.10589,30.365822
14/04/2024 22:00,0.494025,-6.0833335,105.250015,32.136436,30.398298
14/04/2024 23:00,0.494025,-6.0833335,105.250015,32.152153,30.427275
15/04/2024 00:00,0.494025,-6.0833335,105.250015,32.154037,30.429403
15/04/2024 01:00,0.494025,-6.0833335,105.250015,32.15546,30.444115
15/04/2024 02:00,0.494025,-6.0833335,105.250015,32.157047,30.470982
15/04/2024 03:00,0.494025,-6.0833335,105.250015,32.15826,30.511915
15/04/2024 04:00,0.494025,-6.0833335,105.250015,32.159485,30.561026
15/04/2024 05:00,0.494025,-6.0833335,105.250015,32.16073,30.609962
15/04/2024 06:00,0.494025,-6.0833335,105.250015,32.16217,30.666355
15/04/2024 07:00,0.494025,-6.0833335,105.250015,32.16375,30.727974
15/04/2024 08:00,0.494025,-6.0833335,105.250015,32.16499,30.760477
15/04/2024 09:00,0.494025,-6.0833335,105.250015,32.165024,30.732773
15/04/2024 10:00,0.494025,-6.0833335,105.250015,32.16412,30.673574
15/04/2024 11:00,0.494025,-6.0833335,105.250015,32.16407,30.615366
15/04/2024 12:00,0.494025,-6.0833335,105.250015,32.164906,30.57924
15/04/2024 13:00,0.494025,-6.0833335,105.250015,32.166016,30.552977
15/04/2024 14:00,0.494025,-6.0833335,105.250015,32.167698,30.526997
15/04/2024 15:00,0.494025,-6.0833335,105.250015,32.169075,30.503305
15/04/2024 16:00,0.494025,-6.0833335,105.250015,32.169846,30.482258
15/04/2024 17:00,0.494025,-6.0833335,105.250015,32.169773,30.46348
15/04/2024 18:00,0.494025,-6.0833335,105.250015,32.17093,30.4431
15/04/2024 19:00,0.494025,-6.0833335,105.250015,32.173218,30.419718
15/04/2024 20:00,0.494025,-6.0833335,105.250015,32.17388,30.396458
15/04/2024 21:00,0.494025,-6.0833335,105.250015,32.168682,30.375156
15/04/2024 22:00,0.494025,-6.0833335,105.250015,32.16274,30.353153
15/04/2024 23:00,0.494025,-6.0833335,105.250015,32.160217,30.33695
16/04/2024 00:00,0.494025,-6.0833335,105.250015,32.159134,30.342676
16/04/2024 01:00,0.494025,-6.0833335,105.250015,32.15713,30.374285
16/04/2024 02:00,0.494025,-6.0833335,105.250015,32.153996,30.433676
16/04/2024 03:00,0.494025,-6.0833335,105.250015,32.152363,30.505247
16/04/2024 04:00,0.494025,-6.0833335,105.250015,32.15349,30.589685
16/04/2024 05:00,0.494025,-6.0833335,105.250015,32.15512,30.705317
16/04/2024 06:00,0.494025,-6.0833335,105.250015,32.15627,30.85375
16/04/2024 07:00,0.494025,-6.0833335,105.250015,32.157352,30.951052
16/04/2024 08:00,0.494025,-6.0833335,105.250015,32.158154,30.934984
16/04/2024 09:00,0.494025,-6.0833335,105.250015,32.158432,30.879906
16/04/2024 10:00,0.494025,-6.0833335,105.250015,32.15382,30.801092
16/04/2024 11:00,0.494025,-6.0833335,105.250015,32.150772,30.716372
16/04/2024 12:00,0.494025,-6.0833335,105.250015,32.148926,30.642887
16/04/2024 13:00,0.494025,-6.0833335,105.250015,32.139297,30.593056
16/04/2024 14:00,0.494025,-6.0833335,105.250015,32.122757,30.549608
16/04/2024 15:00,0.494025,-6.0833335,105.250015,32.11893,30.51505
16/04/2024 16:00,0.494025,-6.0833335,105.250015,32.126366,30.506298
16/04/2024 17:00,0.494025,-6.0833335,105.250015,32.120056,30.480104
16/04/2024 18:00,0.494025,-6.0833335,105.250015,32.11331,30.455204
16/04/2024 19:00,0.494025,-6.0833335,105.250015,32.11398,30.436876
16/04/2024 20:00,0.494025,-6.0833335,105.250015,32.117245,30.424862
16/04/2024 21:00,0.494025,-6.0833335,105.250015,32.118954,30.41729
16/04/2024 22:00,0.494025,-6.0833335,105.250015,32.11972,30.410442
16/04/2024 23:00,0.494025,-6.0833335,105.250015,32.11908,30.408827
17/04/2024 00:00,0.494025,-6.0833335,105.250015,32.1172,30.424591
17/04/2024 01:00,0.494025,-6.0833335,105.250015,32.113342,30.460835
17/04/2024 02:00,0.494025,-6.0833335,105.250015,32.108204,30.55109
17/04/2024 03:00,0.494025,-6.0833335,105.250015,32.102173,30.717937
17/04/2024 04:00,0.494025,-6.0833335,105.250015,32.09483,30.94649
17/04/2024 05:00,0.494025,-6.0833335,105.250015,32.086414,31.169493
17/04/2024 06:00,0.494025,-6.0833335,105.250015,32.0781,31.346247
17/04/2024 07:00,0.494025,-6.0833335,105.250015,32.07092,31.466455
17/04/2024 08:00,0.494025,-6.0833335,105.250015,32.063667,31.52343
17/04/2024 09:00,0.494025,-6.0833335,105.250015,32.055485,31.513514
17/04/2024 10:00,0.494025,-6.0833335,105.250015,32.032825,31.372854
17/04/2024 11:00,0.494025,-6.0833335,105.250015,32.022724,30.998854
17/04/2024 12:00,0.494025,-6.0833335,105.250015,32.02768,30.83499
17/04/2024 13:00,0.494025,-6.0833335,105.250015,32.031616,30.744795
17/04/2024 14:00,0.494025,-6.0833335,105.250015,32.034756,30.67892
17/04/2024 15:00,0.494025,-6.0833335,105.250015,32.035557,30.63821
17/04/2024 16:00,0.494025,-6.0833335,105.250015,32.03453,30.602161
17/04/2024 17:00,0.494025,-6.0833335,105.250015,32.033535,30.574022
17/04/2024 18:00,0.494025,-6.0833335,105.250015,32.033806,30.554634
17/04/2024 19:00,0.494025,-6.0833335,105.250015,32.03362,30.536802
17/04/2024 20:00,0.494025,-6.0833335,105.250015,32.03453,30.51387
17/04/2024 21:00,0.494025,-6.0833335,105.250015,32.037304,30.493748
17/04/2024 22:00,0.494025,-6.0833335,105.250015,32.040783,30.472973
17/04/2024 23:00,0.494025,-6.0833335,105.250015,32.045376,30.457623
18/04/2024 00:00,0.494025,-6.0833335,105.250015,32.051758,30.456675
18/04/2024 01:00,0.494025,-6.0833335,105.250015,32.0596,30.471037
18/04/2024 02:00,0.494025,-6.0833335,105.250015,32.066563,30.501137
18/04/2024 03:00,0.494025,-6.0833335,105.250015,32.071033,30.545174
18/04/2024 04:00,0.494025,-6.0833335,105.250015,32.073784,30.608786
18/04/2024 05:00,0.494025,-6.0833335,105.250015,32.07537,30.703672
18/04/2024 06:00,0.494025,-6.0833335,105.250015,32.0769,30.78977
18/04/2024 07:00,0.494025,-6.0833335,105.250015,32.078663,30.85137
18/04/2024 08:00,0.494025,-6.0833335,105.250015,32.078606,30.881895
18/04/2024 09:00,0.494025,-6.0833335,105.250015,32.070442,30.841532
18/04/2024 10:00,0.494025,-6.0833335,105.250015,32.0681,30.768925
18/04/2024 11:00,0.494025,-6.0833335,105.250015,32.07463,30.698452
18/04/2024 12:00,0.494025,-6.0833335,105.250015,32.078533,30.650135
18/04/2024 13:00,0.494025,-6.0833335,105.250015,32.081615,30.617315
18/04/2024 14:00,0.494025,-6.0833335,105.250015,32.079594,30.585672
18/04/2024 15:00,0.494025,-6.0833335,105.250015,32.079483,30.553585
18/04/2024 16:00,0.494025,-6.0833335,105.250015,32.08275,30.52787
18/04/2024 17:00,0.494025,-6.0833335,105.250015,32.085358,30.50414
18/04/2024 18:00,0.494025,-6.0833335,105.250015,32.085842,30.48625
18/04/2024 19:00,0.494025,-6.0833335,105.250015,32.08362,30.47772
18/04/2024 20:00,0.494025,-6.0833335,105.250015,32.078808,30.472368
18/04/2024 21:00,0.494025,-6.0833335,105.250015,32.07398,30.474998
18/04/2024 22:00,0.494025,-6.0833335,105.250015,32.069843,30.47746
18/04/2024 23:00,0.494025,-6.0833335,105.250015,32.06533,30.483795
19/04/2024 00:00,0.494025,-6.0833335,105.250015,32.060158,30.507336
19/04/2024 01:00,0.494025,-6.0833335,105.250015,32.055264,30.549572
19/04/2024 02:00,0.494025,-6.0833335,105.250015,32.04951,30.614601
19/04/2024 03:00,0.494025,-6.0833335,105.250015,32.040337,30.703918
19/04/2024 04:00,0.494025,-6.0833335,105.250015,32.029297,30.84289
19/04/2024 05:00,0.494025,-6.0833335,105.250015,32.019997,31.06507
19/04/2024 06:00,0.494025,-6.0833335,105.250015,32.013676,31.26617
19/04/2024 07:00,0.494025,-6.0833335,105.250015,32.008133,31.358774
19/04/2024 08:00,0.494025,-6.0833335,105.250015,32.00487,31.403336
19/04/2024 09:00,0.494025,-6.0833335,105.250015,32.00409,31.399368
19/04/2024 10:00,0.494025,-6.0833335,105.250015,32.003372,31.287252
19/04/2024 11:00,0.494025,-6.0833335,105.250015,32.00181,31.172613
19/04/2024 12:00,0.494025,-6.0833335,105.250015,32.00175,31.056208
19/04/2024 13:00,0.494025,-6.0833335,105.250015,32.001213,30.978615
19/04/2024 14:00,0.494025,-6.0833335,105.250015,31.999847,30.925138
19/04/2024 15:00,0.494025,-6.0833335,105.250015,31.99675,30.891499
19/04/2024 16:00,0.494025,-6.0833335,105.250015,31.9949,30.88072
19/04/2024 17:00,0.494025,-6.0833335,105.250015,31.995186,30.866673
19/04/2024 18:00,0.494025,-6.0833335,105.250015,31.996622,30.84962
19/04/2024 19:00,0.494025,-6.0833335,105.250015,31.998043,30.833439
19/04/2024 20:00,0.494025,-6.0833335,105.250015,31.99951,30.817617
19/04/2024 21:00,0.494025,-6.0833335,105.250015,31.9993,30.799946
19/04/2024 22:00,0.494025,-6.0833335,105.250015,31.967226,30.751366
19/04/2024 23:00,0.494025,-6.0833335,105.250015,31.961634,30.714674
20/04/2024 00:00,0.494025,-6.0833335,105.250015,31.98297,30.731497
20/04/2024 01:00,0.494025,-6.0833335,105.250015,31.989916,30.749432
20/04/2024 02:00,0.494025,-6.0833335,105.250015,31.994038,30.776758
20/04/2024 03:00,0.494025,-6.0833335,105.250015,31.997692,30.822617
20/04/2024 04:00,0.494025,-6.0833335,105.250015,32.00165,30.872438
20/04/2024 05:00,0.494025,-6.0833335,105.250015,32.00554,30.928892
20/04/2024 06:00,0.494025,-6.0833335,105.250015,32.00951,30.979656
20/04/2024 07:00,0.494025,-6.0833335,105.250015,32.01052,30.987202
20/04/2024 08:00,0.494025,-6.0833335,105.250015,32.010693,30.967678
20/04/2024 09:00,0.494025,-6.0833335,105.250015,32.011765,30.93446
20/04/2024 10:00,0.494025,-6.0833335,105.250015,32.012917,30.895868
20/04/2024 11:00,0.494025,-6.0833335,105.250015,32.00869,30.859526
20/04/2024 12:00,0.494025,-6.0833335,105.250015,31.992043,30.825777
20/04/2024 13:00,0.494025,-6.0833335,105.250015,31.987656,30.794767
20/04/2024 14:00,0.494025,-6.0833335,105.250015,31.99042,30.769686
20/04/2024 15:00,0.494025,-6.0833335,105.250015,31.969095,30.746521
20/04/2024 16:00,0.494025,-6.0833335,105.250015,31.932837,30.701431
20/04/2024 17:00,0.494025,-6.0833335,105.250015,31.948235,30.723528
20/04/2024 18:00,0.494025,-6.0833335,105.250015,31.952528,30.735033
20/04/2024 19:00,0.494025,-6.0833335,105.250015,31.92487,30.71496
20/04/2024 20:00,0.494025,-6.0833335,105.250015,31.895967,30.68934
20/04/2024 21:00,0.494025,-6.0833335,105.250015,31.893288,30.694963
20/04/2024 22:00,0.494025,-6.0833335,105.250015,31.890965,30.695845
20/04/2024 23:00,0.494025,-6.0833335,105.250015,31.885971,30.68974
21/04/2024 00:00,0.494025,-6.0833335,105.250015,31.84111,30.681189
21/04/2024 01:00,0.494025,-6.0833335,105.250015,31.771534,30.654943
21/04/2024 02:00,0.494025,-6.0833335,105.250015,31.768166,30.683481
21/04/2024 03:00,0.494025,-6.0833335,105.250015,31.786919,30.759783
21/04/2024 04:00,0.494025,-6.0833335,105.250015,31.784924,30.848192
21/04/2024 05:00,0.494025,-6.0833335,105.250015,31.776077,30.970585
21/04/2024 06:00,0.494025,-6.0833335,105.250015,31.7777,31.102026
21/04/2024 07:00,0.494025,-6.0833335,105.250015,31.780985,31.202879
21/04/2024 08:00,0.494025,-6.0833335,105.250015,31.784332,31.255592
21/04/2024 09:00,0.494025,-6.0833335,105.250015,31.783691,31.239077
21/04/2024 10:00,0.494025,-6.0833335,105.250015,31.782637,31.158379
21/04/2024 11:00,0.494025,-6.0833335,105.250015,31.78498,31.038485
21/04/2024 12:00,0.494025,-6.0833335,105.250015,31.795094,30.955336
21/04/2024 13:00,0.494025,-6.0833335,105.250015,31.79074,30.898745
21/04/2024 14:00,0.494025,-6.0833335,105.250015,31.79489,30.84287
21/04/2024 15:00,0.494025,-6.0833335,105.250015,31.817282,30.815351
21/04/2024 16:00,0.494025,-6.0833335,105.250015,31.821728,30.78345
21/04/2024 17:00,0.494025,-6.0833335,105.250015,31.822048,30.760042
21/04/2024 18:00,0.494025,-6.0833335,105.250015,31.823057,30.745201
21/04/2024 19:00,0.494025,-6.0833335,105.250015,31.82245,30.730797
21/04/2024 20:00,0.494025,-6.0833335,105.250015,31.819695,30.714563
21/04/2024 21:00,0.494025,-6.0833335,105.250015,31.820478,30.699234
21/04/2024 22:00,0.494025,-6.0833335,105.250015,31.82631,30.684088
21/04/2024 23:00,0.494025,-6.0833335,105.250015,31.834253,30.676596
22/04/2024 00:00,0.494025,-6.0833335,105.250015,31.838427,30.685072
22/04/2024 01:00,0.494025,-6.0833335,105.250015,31.838629,30.724064
22/04/2024 02:00,0.494025,-6.0833335,105.250015,31.83725,30.7944
22/04/2024 03:00,0.494025,-6.0833335,105.250015,31.835695,30.884714
22/04/2024 04:00,0.494025,-6.0833335,105.250015,31.834229,30.993475
22/04/2024 05:00,0.494025,-6.0833335,105.250015,31.832907,31.136852
22/04/2024 06:00,0.494025,-6.0833335,105.250015,31.831972,31.292074
22/04/2024 07:00,0.494025,-6.0833335,105.250015,31.83132,31.408617
22/04/2024 08:00,0.494025,-6.0833335,105.250015,31.830313,31.464687
22/04/2024 09:00,0.494025,-6.0833335,105.250015,31.829248,31.426277
22/04/2024 10:00,0.494025,-6.0833335,105.250015,31.828716,31.32235
22/04/2024 11:00,0.494025,-6.0833335,105.250015,31.828804,31.197294
22/04/2024 12:00,0.494025,-6.0833335,105.250015,31.826382,31.091673
22/04/2024 13:00,0.494025,-6.0833335,105.250015,31.824482,30.995333
22/04/2024 14:00,0.494025,-6.0833335,105.250015,31.825449,30.923622
22/04/2024 15:00,0.494025,-6.0833335,105.250015,31.826439,30.89292
22/04/2024 16:00,0.494025,-6.0833335,105.250015,31.799221,30.827194
22/04/2024 17:00,0.494025,-6.0833335,105.250015,31.774101,30.774933
22/04/2024 18:00,0.494025,-6.0833335,105.250015,31.788818,30.780005
22/04/2024 19:00,0.494025,-6.0833335,105.250015,31.794403,30.758398
22/04/2024 20:00,0.494025,-6.0833335,105.250015,31.799387,30.736536
22/04/2024 21:00,0.494025,-6.0833335,105.250015,31.802614,30.709642
22/04/2024 22:00,0.494025,-6.0833335,105.250015,31.792023,30.681263
22/04/2024 23:00,0.494025,-6.0833335,105.250015,31.786417,30.659857
23/04/2024 00:00,0.494025,-6.0833335,105.250015,31.791399,30.651552
23/04/2024 01:00,0.494025,-6.0833335,105.250015,31.796825,30.669638
23/04/2024 02:00,0.494025,-6.0833335,105.250015,31.800026,30.738335
23/04/2024 03:00,0.494025,-6.0833335,105.250015,31.801794,30.8701
23/04/2024 04:00,0.494025,-6.0833335,105.250015,31.801104,31.020254
23/04/2024 05:00,0.494025,-6.0833335,105.250015,31.800388,31.105566
23/04/2024 06:00,0.494025,-6.0833335,105.250015,31.801922,31.116398
23/04/2024 07:00,0.494025,-6.0833335,105.250015,31.795563,31.112831
23/04/2024 08:00,0.494025,-6.0833335,105.250015,31.785889,31.080805
23/04/2024 09:00,0.494025,-6.0833335,105.250015,31.78942,31.004164
23/04/2024 10:00,0.494025,-6.0833335,105.250015,31.793081,30.941898
23/04/2024 11:00,0.494025,-6.0833335,105.250015,31.79935,30.87797
23/04/2024 12:00,0.494025,-6.0833335,105.250015,31.801838,30.82568
23/04/2024 13:00,0.494025,-6.0833335,105.250015,31.784332,30.773867
23/04/2024 14:00,0.494025,-6.0833335,105.250015,31.761267,30.722982
23/04/2024 15:00,0.494025,-6.0833335,105.250015,31.774069,30.720928
23/04/2024 16:00,0.494025,-6.0833335,105.250015,31.780602,30.701853
23/04/2024 17:00,0.494025,-6.0833335,105.250015,31.794113,30.692097
23/04/2024 18:00,0.494025,-6.0833335,105.250015,31.804249,30.66611
23/04/2024 19:00,0.494025,-6.0833335,105.250015,31.812761,30.641123
23/04/2024 20:00,0.494025,-6.0833335,105.250015,31.82181,30.621803
23/04/2024 21:00,0.494025,-6.0833335,105.250015,31.831371,30.606325
23/04/2024 22:00,0.494025,-6.0833335,105.250015,31.840517,30.586842
23/04/2024 23:00,0.494025,-6.0833335,105.250015,31.849327,30.57401
24/04/2024 00:00,0.494025,-6.0833335,105.250015,31.8581,30.569593
24/04/2024 01:00,0.494025,-6.0833335,105.250015,31.863749,30.606115
24/04/2024 02:00,0.494025,-6.0833335,105.250015,31.867466,30.717405
24/04/2024 03:00,0.494025,-6.0833335,105.250015,31.871511,30.906815
24/04/2024 04:00,0.494025,-6.0833335,105.250015,31.87618,31.117908
24/04/2024 05:00,0.494025,-6.0833335,105.250015,31.881413,31.318296
24/04/2024 06:00,0.494025,-6.0833335,105.250015,31.8868,31.512262
24/04/2024 07:00,0.494025,-6.0833335,105.250015,31.892473,31.662535
24/04/2024 08:00,0.494025,-6.0833335,105.250015,31.898664,31.721437
24/04/2024 09:00,0.494025,-6.0833335,105.250015,31.903952,31.688225
24/04/2024 10:00,0.494025,-6.0833335,105.250015,31.90788,31.575123
24/04/2024 11:00,0.494025,-6.0833335,105.250015,31.912092,31.413174
24/04/2024 12:00,0.494025,-6.0833335,105.250015,31.902098,31.232685
24/04/2024 13:00,0.494025,-6.0833335,105.250015,31.87652,31.08767
24/04/2024 14:00,0.494025,-6.0833335,105.250015,31.849142,31.004177
24/04/2024 15:00,0.494025,-6.0833335,105.250015,31.861172,30.966206
24/04/2024 16:00,0.494025,-6.0833335,105.250015,31.865396,30.914518
24/04/2024 17:00,0.494025,-6.0833335,105.250015,31.86929,30.86607
24/04/2024 18:00,0.494025,-6.0833335,105.250015,31.870497,30.82299
24/04/2024 19:00,0.494025,-6.0833335,105.250015,31.873798,30.783207
24/04/2024 20:00,0.494025,-6.0833335,105.250015,31.88501,30.76056
24/04/2024 21:00,0.494025,-6.0833335,105.250015,31.890593,30.735943
24/04/2024 22:00,0.494025,-6.0833335,105.250015,31.890694,30.708252
24/04/2024 23:00,0.494025,-6.0833335,105.250015,31.893877,30.687334
25/04/2024 00:00,0.494025,-6.0833335,105.250015,31.8982,30.68005
25/04/2024 01:00,0.494025,-6.0833335,105.250015,31.902342,30.716694
25/04/2024 02:00,0.494025,-6.0833335,105.250015,31.903446,30.82456
25/04/2024 03:00,0.494025,-6.0833335,105.250015,31.903603,30.990932
25/04/2024 04:00,0.494025,-6.0833335,105.250015,31.90538,31.13644
25/04/2024 05:00,0.494025,-6.0833335,105.250015,31.908037,31.252342
25/04/2024 06:00,0.494025,-6.0833335,105.250015,31.911173,31.381613
25/04/2024 07:00,0.494025,-6.0833335,105.250015,31.914715,31.492014
25/04/2024 08:00,0.494025,-6.0833335,105.250015,31.918682,31.529453
25/04/2024 09:00,0.494025,-6.0833335,105.250015,31.923723,31.481535
25/04/2024 10:00,0.494025,-6.0833335,105.250015,31.92899,31.300798
25/04/2024 11:00,0.494025,-6.0833335,105.250015,31.924969,31.07637
25/04/2024 12:00,0.494025,-6.0833335,105.250015,31.922827,30.957664
25/04/2024 13:00,0.494025,-6.0833335,105.250015,31.925306,30.876955
25/04/2024 14:00,0.494025,-6.0833335,105.250015,31.924072,30.810814
25/04/2024 15:00,0.494025,-6.0833335,105.250015,31.922688,30.748693
25/04/2024 16:00,0.494025,-6.0833335,105.250015,31.925041,30.702042
25/04/2024 17:00,0.494025,-6.0833335,105.250015,31.92838,30.660564
25/04/2024 18:00,0.494025,-6.0833335,105.250015,31.935238,30.622263
25/04/2024 19:00,0.494025,-6.0833335,105.250015,31.944038,30.591232
25/04/2024 20:00,0.494025,-6.0833335,105.250015,31.95465,30.566685
25/04/2024 21:00,0.494025,-6.0833335,105.250015,31.966887,30.544432
25/04/2024 22:00,0.494025,-6.0833335,105.250015,31.978802,30.523504
25/04/2024 23:00,0.494025,-6.0833335,105.250015,31.99003,30.50704
26/04/2024 00:00,0.494025,-6.0833335,105.250015,32.000443,30.508795
26/04/2024 01:00,0.494025,-6.0833335,105.250015,32.008972,30.533113
26/04/2024 02:00,0.494025,-6.0833335,105.250015,32.016026,30.584084
26/04/2024 03:00,0.494025,-6.0833335,105.250015,32.022934,30.669277
26/04/2024 04:00,0.494025,-6.0833335,105.250015,32.030216,30.77767
26/04/2024 05:00,0.494025,-6.0833335,105.250015,32.038105,30.915237
26/04/2024 06:00,0.494025,-6.0833335,105.250015,32.0466,31.083136
26/04/2024 07:00,0.494025,-6.0833335,105.250015,32.051113,31.228214
26/04/2024 08:00,0.494025,-6.0833335,105.250015,32.051598,31.260994
26/04/2024 09:00,0.494025,-6.0833335,105.250015,32.05555,31.104593
26/04/2024 10:00,0.494025,-6.0833335,105.250015,32.057816,30.944107
26/04/2024 11:00,0.494025,-6.0833335,105.250015,32.06079,30.83491
26/04/2024 12:00,0.494025,-6.0833335,105.250015,32.05054,30.745829
26/04/2024 13:00,0.494025,-6.0833335,105.250015,32.04761,30.6779
26/04/2024 14:00,0.494025,-6.0833335,105.250015,32.05551,30.628231
26/04/2024 15:00,0.494025,-6.0833335,105.250015,32.062244,30.586298
26/04/2024 16:00,0.494025,-6.0833335,105.250015,32.06774,30.551298
26/04/2024 17:00,0.494025,-6.0833335,105.250015,32.07185,30.52057
26/04/2024 18:00,0.494025,-6.0833335,105.250015,32.0756,30.49619
26/04/2024 19:00,0.494025,-6.0833335,105.250015,32.079254,30.474405
26/04/2024 20:00,0.494025,-6.0833335,105.250015,32.08224,30.4525
26/04/2024 21:00,0.494025,-6.0833335,105.250015,32.08391,30.431736
26/04/2024 22:00,0.494025,-6.0833335,105.250015,32.0847,30.411871
26/04/2024 23:00,0.494025,-6.0833335,105.250015,32.08382,30.39388
27/04/2024 00:00,0.494025,-6.0833335,105.250015,32.071247,30.381723
27/04/2024 01:00,0.494025,-6.0833335,105.250015,32.06703,30.37143
27/04/2024 02:00,0.494025,-6.0833335,105.250015,32.071083,30.389204
27/04/2024 03:00,0.494025,-6.0833335,105.250015,32.071823,30.419384
27/04/2024 04:00,0.494025,-6.0833335,105.250015,32.06011,30.464607
27/04/2024 05:00,0.494025,-6.0833335,105.250015,32.05225,30.507172
27/04/2024 06:00,0.494025,-6.0833335,105.250015,32.055496,30.555151
27/04/2024 07:00,0.494025,-6.0833335,105.250015,32.036922,30.583202
27/04/2024 08:00,0.494025,-6.0833335,105.250015,31.975842,30.561531
27/04/2024 09:00,0.494025,-6.0833335,105.250015,31.959253,30.503521
27/04/2024 10:00,0.494025,-6.0833335,105.250015,31.987381,30.467375
27/04/2024 11:00,0.494025,-6.0833335,105.250015,32.003826,30.436293
27/04/2024 12:00,0.494025,-6.0833335,105.250015,32.01316,30.404757
27/04/2024 13:00,0.494025,-6.0833335,105.250015,32.024494,30.387472
27/04/2024 14:00,0.494025,-6.0833335,105.250015,32.027016,30.36665
27/04/2024 15:00,0.494025,-6.0833335,105.250015,32.012905,30.33851
27/04/2024 16:00,0.494025,-6.0833335,105.250015,31.960482,30.279966
27/04/2024 17:00,0.494025,-6.0833335,105.250015,31.944063,30.233198
27/04/2024 18:00,0.494025,-6.0833335,105.250015,31.976725,30.234234
27/04/2024 19:00,0.494025,-6.0833335,105.250015,31.995754,30.239658
27/04/2024 20:00,0.494025,-6.0833335,105.250015,32.005943,30.233461
27/04/2024 21:00,0.494025,-6.0833335,105.250015,32.013794,30.22269
27/04/2024 22:00,0.494025,-6.0833335,105.250015,32.02065,30.20601
27/04/2024 23:00,0.494025,-6.0833335,105.250015,32.01941,30.193577
28/04/2024 00:00,0.494025,-6.0833335,105.250015,32.013485,30.192152
28/04/2024 01:00,0.494025,-6.0833335,105.250015,32.014664,30.20391
28/04/2024 02:00,0.494025,-6.0833335,105.250015,32.01699,30.23641
28/04/2024 03:00,0.494025,-6.0833335,105.250015,32.01763,30.302605
28/04/2024 04:00,0.494025,-6.0833335,105.250015,32.0197,30.392492
28/04/2024 05:00,0.494025,-6.0833335,105.250015,32.021774,30.545645
28/04/2024 06:00,0.494025,-6.0833335,105.250015,32.023727,30.72567
28/04/2024 07:00,0.494025,-6.0833335,105.250015,32.025177,30.869623
28/04/2024 08:00,0.494025,-6.0833335,105.250015,32.026062,30.95559
28/04/2024 09:00,0.494025,-6.0833335,105.250015,32.02628,30.94203
28/04/2024 10:00,0.494025,-6.0833335,105.250015,32.025215,30.834343
28/04/2024 11:00,0.494025,-6.0833335,105.250015,32.021667,30.711027
28/04/2024 12:00,0.494025,-6.0833335,105.250015,32.019753,30.627932
28/04/2024 13:00,0.494025,-6.0833335,105.250015,32.01673,30.524548
28/04/2024 14:00,0.494025,-6.0833335,105.250015,32.012672,30.450712
28/04/2024 15:00,0.494025,-6.0833335,105.250015,32.005886,30.396114
28/04/2024 16:00,0.494025,-6.0833335,105.250015,32.000137,30.371908
28/04/2024 17:00,0.494025,-6.0833335,105.250015,31.996414,30.360722
28/04/2024 18:00,0.494025,-6.0833335,105.250015,31.99406,30.354177
28/04/2024 19:00,0.494025,-6.0833335,105.250015,31.993921,30.350977
28/04/2024 20:00,0.494025,-6.0833335,105.250015,31.99397,30.347967
28/04/2024 21:00,0.494025,-6.0833335,105.250015,31.993553,30.344498
28/04/2024 22:00,0.494025,-6.0833335,105.250015,31.992456,30.342445
28/04/2024 23:00,0.494025,-6.0833335,105.250015,31.991056,30.34191
29/04/2024 00:00,0.494025,-6.0833335,105.250015,31.98932,30.351377
29/04/2024 01:00,0.494025,-6.0833335,105.250015,31.98753,30.37004
29/04/2024 02:00,0.494025,-6.0833335,105.250015,31.985548,30.3983
29/04/2024 03:00,0.494025,-6.0833335,105.250015,31.98337,30.43801
29/04/2024 04:00,0.494025,-6.0833335,105.250015,31.981234,30.523975
29/04/2024 05:00,0.494025,-6.0833335,105.250015,31.979391,30.675888
29/04/2024 06:00,0.494025,-6.0833335,105.250015,31.977785,30.840443
29/04/2024 07:00,0.494025,-6.0833335,105.250015,31.975616,30.907135
29/04/2024 08:00,0.494025,-6.0833335,105.250015,31.972801,30.885376
29/04/2024 09:00,0.494025,-6.0833335,105.250015,31.96816,30.82414
29/04/2024 10:00,0.494025,-6.0833335,105.250015,31.957266,30.72654
29/04/2024 11:00,0.494025,-6.0833335,105.250015,31.946873,30.656082
29/04/2024 12:00,0.494025,-6.0833335,105.250015,31.94555,30.611912
29/04/2024 13:00,0.494025,-6.0833335,105.250015,31.946535,30.579357
29/04/2024 14:00,0.494025,-6.0833335,105.250015,31.946623,30.553926
29/04/2024 15:00,0.494025,-6.0833335,105.250015,31.947554,30.531767
29/04/2024 16:00,0.494025,-6.0833335,105.250015,31.951302,30.51261
29/04/2024 17:00,0.494025,-6.0833335,105.250015,31.95707,30.491693
29/04/2024 18:00,0.494025,-6.0833335,105.250015,31.9638,30.469276
29/04/2024 19:00,0.494025,-6.0833335,105.250015,31.970856,30.447926
29/04/2024 20:00,0.494025,-6.0833335,105.250015,31.976107,30.430573
29/04/2024 21:00,0.494025,-6.0833335,105.250015,31.97875,30.414087
29/04/2024 22:00,0.494025,-6.0833335,105.250015,31.979542,30.399734
29/04/2024 23:00,0.494025,-6.0833335,105.250015,31.979069,30.39243
30/04/2024 00:00,0.494025,-6.0833335,105.250015,31.976927,30.400303
30/04/2024 01:00,0.494025,-6.0833335,105.250015,31.973654,30.426847
30/04/2024 02:00,0.494025,-6.0833335,105.250015,31.970604,30.464128
30/04/2024 03:00,0.494025,-6.0833335,105.250015,31.967766,30.51201
30/04/2024 04:00,0.494025,-6.0833335,105.250015,31.965137,30.579874
30/04/2024 05:00,0.494025,-6.0833335,105.250015,31.96322,30.68892
30/04/2024 06:00,0.494025,-6.0833335,105.250015,31.962427,30.85328
30/04/2024 07:00,0.494025,-6.0833335,105.250015,31.962643,31.021872
30/04/2024 08:00,0.494025,-6.0833335,105.250015,31.963467,31.123512
30/04/2024 09:00,0.494025,-6.0833335,105.250015,31.962757,31.039946
30/04/2024 10:00,0.494025,-6.0833335,105.250015,31.959768,30.8843
30/04/2024 11:00,0.494025,-6.0833335,105.250015,31.958483,30.777739
30/04/2024 12:00,0.494025,-6.0833335,105.250015,31.959383,30.712627
30/04/2024 13:00,0.494025,-6.0833335,105.250015,31.960566,30.663383
30/04/2024 14:00,0.494025,-6.0833335,105.250015,31.962461,30.628155
30/04/2024 15:00,0.494025,-6.0833335,105.250015,31.965277,30.602776
30/04/2024 16:00,0.494025,-6.0833335,105.250015,31.968462,30.57941
30/04/2024 17:00,0.494025,-6.0833335,105.250015,31.972786,30.559454
30/04/2024 18:00,0.494025,-6.0833335,105.250015,31.976984,30.542793
30/04/2024 19:00,0.494025,-6.0833335,105.250015,31.978178,30.52475
30/04/2024 20:00,0.494025,-6.0833335,105.250015,31.978783,30.505945
30/04/2024 21:00,0.494025,-6.0833335,105.250015,31.982286,30.492168
30/04/2024 22:00,0.494025,-6.0833335,105.250015,31.9706,30.472317
30/04/2024 23:00,0.494025,-6.0833335,105.250015,31.966366,30.450703
01/05/2024 00:00,0.494025,-6.0833335,105.250015,31.982912,30.464333
01/05/2024 01:00,0.494025,-6.0833335,105.250015,31.986547,30.485062
01/05/2024 02:00,0.494025,-6.0833335,105.250015,31.989046,30.522497
01/05/2024 03:00,0.494025,-6.0833335,105.250015,31.9909,30.568235
01/05/2024 04:00,0.494025,-6.0833335,105.250015,31.992037,30.600805
01/05/2024 05:00,0.494025,-6.0833335,105.250015,31.99299,30.633993
01/05/2024 06:00,0.494025,-6.0833335,105.250015,31.993637,30.670397
01/05/2024 07:00,0.494025,-6.0833335,105.250015,31.99357,30.691593
01/05/2024 08:00,0.494025,-6.0833335,105.250015,31.99244,30.685228
01/05/2024 09:00,0.494025,-6.0833335,105.250015,31.990297,30.666374
01/05/2024 10:00,0.494025,-6.0833335,105.250015,31.987701,30.642128
01/05/2024 11:00,0.494025,-6.0833335,105.250015,31.98529,30.614685
01/05/2024 12:00,0.494025,-6.0833335,105.250015,31.980995,30.58698
01/05/2024 13:00,0.494025,-6.0833335,105.250015,31.974865,30.562023
01/05/2024 14:00,0.494025,-6.0833335,105.250015,31.968761,30.539463
01/05/2024 15:00,0.494025,-6.0833335,105.250015,31.954638,30.519375
01/05/2024 16:00,0.494025,-6.0833335,105.250015,31.91868,30.486443
01/05/2024 17:00,0.494025,-6.0833335,105.250015,31.870708,30.431404
01/05/2024 18:00,0.494025,-6.0833335,105.250015,31.859716,30.405884
01/05/2024 19:00,0.494025,-6.0833335,105.250015,31.875868,30.429111
01/05/2024 20:00,0.494025,-6.0833335,105.250015,31.889927,30.452658
01/05/2024 21:00,0.494025,-6.0833335,105.250015,31.897945,30.466549
01/05/2024 22:00,0.494025,-6.0833335,105.250015,31.89922,30.468948
01/05/2024 23:00,0.494025,-6.0833335,105.250015,31.900106,30.479609
02/05/2024 00:00,0.494025,-6.0833335,105.250015,31.8983,30.49783
02/05/2024 01:00,0.494025,-6.0833335,105.250015,31.890001,30.51333
02/05/2024 02:00,0.494025,-6.0833335,105.250015,31.886019,30.540506
02/05/2024 03:00,0.494025,-6.0833335,105.250015,31.884394,30.57217
02/05/2024 04:00,0.494025,-6.0833335,105.250015,31.881275,30.631826
02/05/2024 05:00,0.494025,-6.0833335,105.250015,31.878145,30.743568
02/05/2024 06:00,0.494025,-6.0833335,105.250015,31.87464,30.912025
02/05/2024 07:00,0.494025,-6.0833335,105.250015,31.870743,31.075407
02/05/2024 08:00,0.494025,-6.0833335,105.250015,31.867184,31.171324
02/05/2024 09:00,0.494025,-6.0833335,105.250015,31.864464,31.172792
02/05/2024 10:00,0.494025,-6.0833335,105.250015,31.861357,31.060532
02/05/2024 11:00,0.494025,-6.0833335,105.250015,31.856415,30.93194
02/05/2024 12:00,0.494025,-6.0833335,105.250015,31.846977,30.853401
02/05/2024 13:00,0.494025,-6.0833335,105.250015,31.829527,30.785465
02/05/2024 14:00,0.494025,-6.0833335,105.250015,31.821978,30.753246
02/05/2024 15:00,0.494025,-6.0833335,105.250015,31.826256,30.737282
02/05/2024 16:00,0.494025,-6.0833335,105.250015,31.828218,30.713602
02/05/2024 17:00,0.494025,-6.0833335,105.250015,31.82794,30.687584
02/05/2024 18:00,0.494025,-6.0833335,105.250015,31.827274,30.662947
02/05/2024 19:00,0.494025,-6.0833335,105.250015,31.827206,30.645016
02/05/2024 20:00,0.494025,-6.0833335,105.250015,31.82851,30.626568
02/05/2024 21:00,0.494025,-6.0833335,105.250015,31.830915,30.609346
02/05/2024 22:00,0.494025,-6.0833335,105.250015,31.833277,30.595217
02/05/2024 23:00,0.494025,-6.0833335,105.250015,31.835356,30.585148
03/05/2024 00:00,0.494025,-6.0833335,105.250015,31.836792,30.591608
03/05/2024 01:00,0.494025,-6.0833335,105.250015,31.837444,30.634747
03/05/2024 02:00,0.494025,-6.0833335,105.250015,31.837456,30.73699
03/05/2024 03:00,0.494025,-6.0833335,105.250015,31.83725,30.89279
03/05/2024 04:00,0.494025,-6.0833335,105.250015,31.837574,31.057526
03/05/2024 05:00,0.494025,-6.0833335,105.250015,31.838373,31.222864
03/05/2024 06:00,0.494025,-6.0833335,105.250015,31.83961,31.378687
03/05/2024 07:00,0.494025,-6.0833335,105.250015,31.840994,31.503979
03/05/2024 08:00,0.494025,-6.0833335,105.250015,31.842161,31.575903
03/05/2024 09:00,0.494025,-6.0833335,105.250015,31.840588,31.564936
03/05/2024 10:00,0.494025,-6.0833335,105.250015,31.839079,31.402922
03/05/2024 11:00,0.494025,-6.0833335,105.250015,31.838562,31.194794
03/05/2024 12:00,0.494025,-6.0833335,105.250015,31.839148,31.08903
03/05/2024 13:00,0.494025,-6.0833335,105.250015,31.83909,30.997103
03/05/2024 14:00,0.494025,-6.0833335,105.250015,31.834566,30.921997
03/05/2024 15:00,0.494025,-6.0833335,105.250015,31.82556,30.871439
03/05/2024 16:00,0.494025,-6.0833335,105.250015,31.821033,30.823732
03/05/2024 17:00,0.494025,-6.0833335,105.250015,31.82138,30.809046
03/05/2024 18:00,0.494025,-6.0833335,105.250015,31.823217,30.793728
03/05/2024 19:00,0.494025,-6.0833335,105.250015,31.825155,30.770536
03/05/2024 20:00,0.494025,-6.0833335,105.250015,31.82825,30.749882
03/05/2024 21:00,0.494025,-6.0833335,105.250015,31.832047,30.734983
03/05/2024 22:00,0.494025,-6.0833335,105.250015,31.836178,30.725525
03/05/2024 23:00,0.494025,-6.0833335,105.250015,31.83852,30.718845
04/05/2024 00:00,0.494025,-6.0833335,105.250015,31.840792,30.731205
04/05/2024 01:00,0.494025,-6.0833335,105.250015,31.842312,30.778584
04/05/2024 02:00,0.494025,-6.0833335,105.250015,31.843449,30.875961
04/05/2024 03:00,0.494025,-6.0833335,105.250015,31.844006,31.03124
04/05/2024 04:00,0.494025,-6.0833335,105.250015,31.844631,31.235918
04/05/2024 05:00,0.494025,-6.0833335,105.250015,31.846033,31.448582
04/05/2024 06:00,0.494025,-6.0833335,105.250015,31.84835,31.614735
04/05/2024 07:00,0.494025,-6.0833335,105.250015,31.851913,31.698326
04/05/2024 08:00,0.494025,-6.0833335,105.250015,31.85442,31.59751
04/05/2024 09:00,0.494025,-6.0833335,105.250015,31.854654,31.39999
04/05/2024 10:00,0.494025,-6.0833335,105.250015,31.856026,31.2671
04/05/2024 11:00,0.494025,-6.0833335,105.250015,31.85634,31.136513
04/05/2024 12:00,0.494025,-6.0833335,105.250015,31.856878,31.047997
04/05/2024 13:00,0.494025,-6.0833335,105.250015,31.85584,30.977732
04/05/2024 14:00,0.494025,-6.0833335,105.250015,31.856098,30.935036
04/05/2024 15:00,0.494025,-6.0833335,105.250015,31.858103,30.8869
04/05/2024 16:00,0.494025,-6.0833335,105.250015,31.860653,30.843283
04/05/2024 17:00,0.494025,-6.0833335,105.250015,31.863003,30.811602
04/05/2024 18:00,0.494025,-6.0833335,105.250015,31.865223,30.794443
04/05/2024 19:00,0.494025,-6.0833335,105.250015,31.867678,30.7741
04/05/2024 20:00,0.494025,-6.0833335,105.250015,31.870289,30.750368
04/05/2024 21:00,0.494025,-6.0833335,105.250015,31.873245,30.723392
04/05/2024 22:00,0.494025,-6.0833335,105.250015,31.87653,30.697382
04/05/2024 23:00,0.494025,-6.0833335,105.250015,31.88075,30.676212
05/05/2024 00:00,0.494025,-6.0833335,105.250015,31.886839,30.665064
05/05/2024 01:00,0.494025,-6.0833335,105.250015,31.89488,30.663269
05/05/2024 02:00,0.494025,-6.0833335,105.250015,31.902042,30.681124
05/05/2024 03:00,0.494025,-6.0833335,105.250015,31.905493,30.73893
05/05/2024 04:00,0.494025,-6.0833335,105.250015,31.907116,30.839796
05/05/2024 05:00,0.494025,-6.0833335,105.250015,31.908611,30.966202
05/05/2024 06:00,0.494025,-6.0833335,105.250015,31.910295,31.0883
05/05/2024 07:00,0.494025,-6.0833335,105.250015,31.911827,31.153774
05/05/2024 08:00,0.494025,-6.0833335,105.250015,31.913206,31.145693
05/05/2024 09:00,0.494025,-6.0833335,105.250015,31.91446,31.097115
05/05/2024 10:00,0.494025,-6.0833335,105.250015,31.91638,31.041513
05/05/2024 11:00,0.494025,-6.0833335,105.250015,31.918901,30.96633
05/05/2024 12:00,0.494025,-6.0833335,105.250015,31.924381,30.899324
05/05/2024 13:00,0.494025,-6.0833335,105.250015,31.93268,30.844677
05/05/2024 14:00,0.494025,-6.0833335,105.250015,31.942692,30.80169
05/05/2024 15:00,0.494025,-6.0833335,105.250015,31.948534,30.769833
05/05/2024 16:00,0.494025,-6.0833335,105.250015,31.953087,30.744322
05/05/2024 17:00,0.494025,-6.0833335,105.250015,31.959747,30.718584
05/05/2024 18:00,0.494025,-6.0833335,105.250015,31.967918,30.692026
05/05/2024 19:00,0.494025,-6.0833335,105.250015,31.976778,30.666302
05/05/2024 20:00,0.494025,-6.0833335,105.250015,31.986073,30.644173
05/05/2024 21:00,0.494025,-6.0833335,105.250015,31.998547,30.62368
05/05/2024 22:00,0.494025,-6.0833335,105.250015,32.012638,30.597563
05/05/2024 23:00,0.494025,-6.0833335,105.250015,32.021667,30.57623
06/05/2024 00:00,0.494025,-6.0833335,105.250015,32.02493,30.569096
06/05/2024 01:00,0.494025,-6.0833335,105.250015,32.025787,30.578356
06/05/2024 02:00,0.494025,-6.0833335,105.250015,32.02574,30.600355
06/05/2024 03:00,0.494025,-6.0833335,105.250015,32.02443,30.634993
06/05/2024 04:00,0.494025,-6.0833335,105.250015,32.02127,30.686369
06/05/2024 05:00,0.494025,-6.0833335,105.250015,32.01695,30.748814
06/05/2024 06:00,0.494025,-6.0833335,105.250015,32.012447,30.812609
06/05/2024 07:00,0.494025,-6.0833335,105.250015,32.00823,30.860775
06/05/2024 08:00,0.494025,-6.0833335,105.250015,32.00438,30.88645
06/05/2024 09:00,0.494025,-6.0833335,105.250015,32.001236,30.881758
06/05/2024 10:00,0.494025,-6.0833335,105.250015,31.99884,30.855667
06/05/2024 11:00,0.494025,-6.0833335,105.250015,31.997627,30.825184
06/05/2024 12:00,0.494025,-6.0833335,105.250015,31.998955,30.796886
06/05/2024 13:00,0.494025,-6.0833335,105.250015,32.00026,30.773256
06/05/2024 14:00,0.494025,-6.0833335,105.250015,32.001846,30.763071
06/05/2024 15:00,0.494025,-6.0833335,105.250015,32.003086,30.761787
06/05/2024 16:00,0.494025,-6.0833335,105.250015,32.004166,30.750523
06/05/2024 17:00,0.494025,-6.0833335,105.250015,32.005344,30.740082
06/05/2024 18:00,0.494025,-6.0833335,105.250015,32.00651,30.730486
06/05/2024 19:00,0.494025,-6.0833335,105.250015,32.00777,30.721691
06/05/2024 20:00,0.494025,-6.0833335,105.250015,32.00931,30.711315
06/05/2024 21:00,0.494025,-6.0833335,105.250015,32.01097,30.69446
06/05/2024 22:00,0.494025,-6.0833335,105.250015,32.01183,30.669897
06/05/2024 23:00,0.494025,-6.0833335,105.250015,32.01272,30.654203
07/05/2024 00:00,0.494025,-6.0833335,105.250015,32.015114,30.650675
07/05/2024 01:00,0.494025,-6.0833335,105.250015,32.017544,30.678099
07/05/2024 02:00,0.494025,-6.0833335,105.250015,32.01912,30.746813
07/05/2024 03:00,0.494025,-6.0833335,105.250015,32.021137,30.869392
07/05/2024 04:00,0.494025,-6.0833335,105.250015,32.023327,31.02908
07/05/2024 05:00,0.494025,-6.0833335,105.250015,32.024864,31.129452
07/05/2024 06:00,0.494025,-6.0833335,105.250015,32.025852,31.17865
07/05/2024 07:00,0.494025,-6.0833335,105.250015,32.026474,31.18077
07/05/2024 08:00,0.494025,-6.0833335,105.250015,32.026947,31.16144
07/05/2024 09:00,0.494025,-6.0833335,105.250015,32.028545,31.09571
07/05/2024 10:00,0.494025,-6.0833335,105.250015,32.032917,31.021122
07/05/2024 11:00,0.494025,-6.0833335,105.250015,32.040043,30.95212
07/05/2024 12:00,0.494025,-6.0833335,105.250015,32.044678,30.904531
07/05/2024 13:00,0.494025,-6.0833335,105.250015,32.045433,30.874788
07/05/2024 14:00,0.494025,-6.0833335,105.250015,32.045128,30.855305
07/05/2024 15:00,0.494025,-6.0833335,105.250015,32.04597,30.83803
07/05/2024 16:00,0.494025,-6.0833335,105.250015,32.04583,30.829288
07/05/2024 17:00,0.494025,-6.0833335,105.250015,32.045364,30.820192
07/05/2024 18:00,0.494025,-6.0833335,105.250015,32.045086,30.807053
07/05/2024 19:00,0.494025,-6.0833335,105.250015,32.045013,30.796104
07/05/2024 20:00,0.494025,-6.0833335,105.250015,32.04433,30.776726
07/05/2024 21:00,0.494025,-6.0833335,105.250015,32.044197,30.745926
07/05/2024 22:00,0.494025,-6.0833335,105.250015,32.047436,30.720453
07/05/2024 23:00,0.494025,-6.0833335,105.250015,32.053337,30.688353
08/05/2024 00:00,0.494025,-6.0833335,105.250015,32.058327,30.677467
08/05/2024 01:00,0.494025,-6.0833335,105.250015,32.06244,30.695522
08/05/2024 02:00,0.494025,-6.0833335,105.250015,32.065956,30.734104
08/05/2024 03:00,0.494025,-6.0833335,105.250015,32.06941,30.798594
08/05/2024 04:00,0.494025,-6.0833335,105.250015,32.072933,30.856024
08/05/2024 05:00,0.494025,-6.0833335,105.250015,32.07748,30.952595
08/05/2024 06:00,0.494025,-6.0833335,105.250015,32.083504,31.102192
08/05/2024 07:00,0.494025,-6.0833335,105.250015,32.090656,31.234814
08/05/2024 08:00,0.494025,-6.0833335,105.250015,32.09699,31.276628
08/05/2024 09:00,0.494025,-6.0833335,105.250015,32.09805,31.208664
08/05/2024 10:00,0.494025,-6.0833335,105.250015,32.09929,31.132006
08/05/2024 11:00,0.494025,-6.0833335,105.250015,32.09741,31.038374
08/05/2024 12:00,0.494025,-6.0833335,105.250015,32.096123,30.96538
08/05/2024 13:00,0.494025,-6.0833335,105.250015,32.09767,30.912031
08/05/2024 14:00,0.494025,-6.0833335,105.250015,32.099743,30.875044
08/05/2024 15:00,0.494025,-6.0833335,105.250015,32.101925,30.844975
08/05/2024 16:00,0.494025,-6.0833335,105.250015,32.10353,30.820349
08/05/2024 17:00,0.494025,-6.0833335,105.250015,32.105072,30.801638
08/05/2024 18:00,0.494025,-6.0833335,105.250015,32.10607,30.783371
08/05/2024 19:00,0.494025,-6.0833335,105.250015,32.102276,30.761604
08/05/2024 20:00,0.494025,-6.0833335,105.250015,32.099365,30.74172
08/05/2024 21:00,0.494025,-6.0833335,105.250015,32.100235,30.732098
08/05/2024 22:00,0.494025,-6.0833335,105.250015,32.101036,30.723927
08/05/2024 23:00,0.494025,-6.0833335,105.250015,32.101585,30.70879
09/05/2024 00:00,0.494025,-6.0833335,105.250015,32.102016,30.711103
09/05/2024 01:00,0.494025,-6.0833335,105.250015,32.101547,30.737984
09/05/2024 02:00,0.494025,-6.0833335,105.250015,32.101074,30.786974
09/05/2024 03:00,0.494025,-6.0833335,105.250015,32.10131,30.862247
09/05/2024 04:00,0.494025,-6.0833335,105.250015,32.10195,30.97152
09/05/2024 05:00,0.494025,-6.0833335,105.250015,32.102562,31.091085
09/05/2024 06:00,0.494025,-6.0833335,105.250015,32.102806,31.182606
09/05/2024 07:00,0.494025,-6.0833335,105.250015,32.10266,31.223791
09/05/2024 08:00,0.494025,-6.0833335,105.250015,32.102055,31.211634
09/05/2024 09:00,0.494025,-6.0833335,105.250015,32.101124,31.14873
09/05/2024 10:00,0.494025,-6.0833335,105.250015,32.10052,31.071365
09/05/2024 11:00,0.494025,-6.0833335,105.250015,32.099754,31.008705
09/05/2024 12:00,0.494025,-6.0833335,105.250015,32.10243,30.944721
09/05/2024 13:00,0.494025,-6.0833335,105.250015,32.10749,30.89623
09/05/2024 14:00,0.494025,-6.0833335,105.250015,32.11242,30.857677
09/05/2024 15:00,0.494025,-6.0833335,105.250015,32.11755,30.822495
09/05/2024 16:00,0.494025,-6.0833335,105.250015,32.12327,30.78588
09/05/2024 17:00,0.494025,-6.0833335,105.250015,32.13024,30.752546
09/05/2024 18:00,0.494025,-6.0833335,105.250015,32.137367,30.724726
09/05/2024 19:00,0.494025,-6.0833335,105.250015,32.142963,30.696583
09/05/2024 20:00,0.494025,-6.0833335,105.250015,32.14721,30.67138
09/05/2024 21:00,0.494025,-6.0833335,105.250015,32.151,30.650137
09/05/2024 22:00,0.494025,-6.0833335,105.250015,32.153194,30.631088
09/05/2024 23:00,0.494025,-6.0833335,105.250015,32.156593,30.614342
10/05/2024 00:00,0.494025,-6.0833335,105.250015,32.161568,30.61442
10/05/2024 01:00,0.494025,-6.0833335,105.250015,32.16642,30.63698
10/05/2024 02:00,0.494025,-6.0833335,105.250015,32.171375,30.677948
10/05/2024 03:00,0.494025,-6.0833335,105.250015,32.176285,30.731398
10/05/2024 04:00,0.494025,-6.0833335,105.250015,32.18113,30.790325
10/05/2024 05:00,0.494025,-6.0833335,105.250015,32.185284,30.855976
10/05/2024 06:00,0.494025,-6.0833335,105.250015,32.18785,30.932312
10/05/2024 07:00,0.494025,-6.0833335,105.250015,32.189407,31.01163
10/05/2024 08:00,0.494025,-6.0833335,105.250015,32.19041,31.066156
10/05/2024 09:00,0.494025,-6.0833335,105.250015,32.190926,31.06817
10/05/2024 10:00,0.494025,-6.0833335,105.250015,32.190994,31.016163
10/05/2024 11:00,0.494025,-6.0833335,105.250015,32.190937,30.944508
10/05/2024 12:00,0.494025,-6.0833335,105.250015,32.191525,30.891977
10/05/2024 13:00,0.494025,-6.0833335,105.250015,32.194473,30.842373
10/05/2024 14:00,0.494025,-6.0833335,105.250015,32.19866,30.79652
10/05/2024 15:00,0.494025,-6.0833335,105.250015,32.19984,30.761606
10/05/2024 16:00,0.494025,-6.0833335,105.250015,32.201702,30.730045
10/05/2024 17:00,0.494025,-6.0833335,105.250015,32.202343,30.700357
10/05/2024 18:00,0.494025,-6.0833335,105.250015,32.199562,30.678633
10/05/2024 19:00,0.494025,-6.0833335,105.250015,32.199883,30.658924
10/05/2024 20:00,0.494025,-6.0833335,105.250015,32.200706,30.655495
10/05/2024 21:00,0.494025,-6.0833335,105.250015,32.200863,30.642311
10/05/2024 22:00,0.494025,-6.0833335,105.250015,32.201878,30.628773
10/05/2024 23:00,0.494025,-6.0833335,105.250015,32.201508,30.612011
11/05/2024 00:00,0.494025,-6.0833335,105.250015,32.201878,30.616642
11/05/2024 01:00,0.494025,-6.0833335,105.250015,32.20255,30.657434
11/05/2024 02:00,0.494025,-6.0833335,105.250015,32.203457,30.769548
11/05/2024 03:00,0.494025,-6.0833335,105.250015,32.204304,30.939314
11/05/2024 04:00,0.494025,-6.0833335,105.250015,32.2052,31.139725
11/05/2024 05:00,0.494025,-6.0833335,105.250015,32.206066,31.344017
11/05/2024 06:00,0.494025,-6.0833335,105.250015,32.206696,31.525381
11/05/2024 07:00,0.494025,-6.0833335,105.250015,32.20606,31.663872
11/05/2024 08:00,0.494025,-6.0833335,105.250015,32.203533,31.725897
11/05/2024 09:00,0.494025,-6.0833335,105.250015,32.200138,31.561491
11/05/2024 10:00,0.494025,-6.0833335,105.250015,32.194675,31.293613
11/05/2024 11:00,0.494025,-6.0833335,105.250015,32.19033,31.14412
11/05/2024 12:00,0.494025,-6.0833335,105.250015,32.186863,31.037859
11/05/2024 13:00,0.494025,-6.0833335,105.250015,32.17827,30.981031
11/05/2024 14:00,0.494025,-6.0833335,105.250015,32.173824,30.91907
11/05/2024 15:00,0.494025,-6.0833335,105.250015,32.176197,30.854378
11/05/2024 16:00,0.494025,-6.0833335,105.250015,32.17796,30.79701
11/05/2024 17:00,0.494025,-6.0833335,105.250015,32.179787,30.751593
11/05/2024 18:00,0.494025,-6.0833335,105.250015,32.18166,30.71682
11/05/2024 19:00,0.494025,-6.0833335,105.250015,32.184093,30.68694
11/05/2024 20:00,0.494025,-6.0833335,105.250015,32.18446,30.661133
11/05/2024 21:00,0.494025,-6.0833335,105.250015,32.18631,30.640945
11/05/2024 22:00,0.494025,-6.0833335,105.250015,32.18972,30.62558
11/05/2024 23:00,0.494025,-6.0833335,105.250015,32.19222,30.610598
12/05/2024 00:00,0.494025,-6.0833335,105.250015,32.193623,30.60995
12/05/2024 01:00,0.494025,-6.0833335,105.250015,32.194046,30.633848
12/05/2024 02:00,0.494025,-6.0833335,105.250015,32.19265,30.687275
12/05/2024 03:00,0.494025,-6.0833335,105.250015,32.192234,30.756535
12/05/2024 04:00,0.494025,-6.0833335,105.250015,32.193573,30.836021
12/05/2024 05:00,0.494025,-6.0833335,105.250015,32.19506,30.925278
12/05/2024 06:00,0.494025,-6.0833335,105.250015,32.196575,31.004633
12/05/2024 07:00,0.494025,-6.0833335,105.250015,32.19808,31.075153
12/05/2024 08:00,0.494025,-6.0833335,105.250015,32.199146,31.090296
12/05/2024 09:00,0.494025,-6.0833335,105.250015,32.19507,31.038357
12/05/2024 10:00,0.494025,-6.0833335,105.250015,32.19248,30.945236
12/05/2024 11:00,0.494025,-6.0833335,105.250015,32.193413,30.85683
12/05/2024 12:00,0.494025,-6.0833335,105.250015,32.193947,30.79082
12/05/2024 13:00,0.494025,-6.0833335,105.250015,32.1951,30.73977
12/05/2024 14:00,0.494025,-6.0833335,105.250015,32.054344,30.671116
12/05/2024 15:00,0.494025,-6.0833335,105.250015,31.91877,30.572416
12/05/2024 16:00,0.494025,-6.0833335,105.250015,31.976213,30.528841
12/05/2024 17:00,0.494025,-6.0833335,105.250015,32.047028,30.528252
12/05/2024 18:00,0.494025,-6.0833335,105.250015,32.103107,30.540058
12/05/2024 19:00,0.494025,-6.0833335,105.250015,32.12115,30.524004
12/05/2024 20:00,0.494025,-6.0833335,105.250015,32.131382,30.503391
12/05/2024 21:00,0.494025,-6.0833335,105.250015,32.14361,30.491589
12/05/2024 22:00,0.494025,-6.0833335,105.250015,32.15506,30.485098
12/05/2024 23:00,0.494025,-6.0833335,105.250015,32.163857,30.482664
13/05/2024 00:00,0.494025,-6.0833335,105.250015,32.170544,30.495201
13/05/2024 01:00,0.494025,-6.0833335,105.250015,32.172764,30.52204
13/05/2024 02:00,0.494025,-6.0833335,105.250015,32.172737,30.575424
13/05/2024 03:00,0.494025,-6.0833335,105.250015,32.170044,30.658455
13/05/2024 04:00,0.494025,-6.0833335,105.250015,32.1665,30.811266
13/05/2024 05:00,0.494025,-6.0833335,105.250015,32.16525,31.01551
13/05/2024 06:00,0.494025,-6.0833335,105.250015,32.162415,31.191761
13/05/2024 07:00,0.494025,-6.0833335,105.250015,32.159264,31.293533
13/05/2024 08:00,0.494025,-6.0833335,105.250015,32.1589,31.32405
13/05/2024 09:00,0.494025,-6.0833335,105.250015,32.1461,31.278168
13/05/2024 10:00,0.494025,-6.0833335,105.250015,32.130318,31.153437
13/05/2024 11:00,0.494025,-6.0833335,105.250015,32.131443,31.002785
13/05/2024 12:00,0.494025,-6.0833335,105.250015,32.13303,30.898407
13/05/2024 13:00,0.494025,-6.0833335,105.250015,32.12247,30.827541
13/05/2024 14:00,0.494025,-6.0833335,105.250015,32.11179,30.748919
13/05/2024 15:00,0.494025,-6.0833335,105.250015,32.106762,30.681538
13/05/2024 16:00,0.494025,-6.0833335,105.250015,32.105312,30.633587
13/05/2024 17:00,0.494025,-6.0833335,105.250015,32.100388,30.5972
13/05/2024 18:00,0.494025,-6.0833335,105.250015,32.099033,30.57169
13/05/2024 19:00,0.494025,-6.0833335,105.250015,32.096977,30.550741
13/05/2024 20:00,0.494025,-6.0833335,105.250015,32.096622,30.529858
13/05/2024 21:00,0.494025,-6.0833335,105.250015,32.098705,30.513586
13/05/2024 22:00,0.494025,-6.0833335,105.250015,32.088356,30.492426
13/05/2024 23:00,0.494025,-6.0833335,105.250015,32.088097,30.489595
14/05/2024 00:00,0.494025,-6.0833335,105.250015,32.09138,30.498232
14/05/2024 01:00,0.494025,-6.0833335,105.250015,32.084877,30.504038
14/05/2024 02:00,0.494025,-6.0833335,105.250015,32.083218,30.569542
14/05/2024 03:00,0.494025,-6.0833335,105.250015,32.086727,30.706074
14/05/2024 04:00,0.494025,-6.0833335,105.250015,32.09046,30.836128
14/05/2024 05:00,0.494025,-6.0833335,105.250015,32.09525,30.8537
14/05/2024 06:00,0.494025,-6.0833335,105.250015,32.099876,30.820086
14/05/2024 07:00,0.494025,-6.0833335,105.250015,32.104107,30.795427
14/05/2024 08:00,0.494025,-6.0833335,105.250015,32.108517,30.765915
14/05/2024 09:00,0.494025,-6.0833335,105.250015,32.11297,30.720076
14/05/2024 10:00,0.494025,-6.0833335,105.250015,32.11715,30.667604
14/05/2024 11:00,0.494025,-6.0833335,105.250015,32.121212,30.626944
14/05/2024 12:00,0.494025,-6.0833335,105.250015,32.126114,30.593702
14/05/2024 13:00,0.494025,-6.0833335,105.250015,32.131393,30.569439
14/05/2024 14:00,0.494025,-6.0833335,105.250015,32.13658,30.54856
14/05/2024 15:00,0.494025,-6.0833335,105.250015,32.14146,30.52798
14/05/2024 16:00,0.494025,-6.0833335,105.250015,32.1463,30.508152
14/05/2024 17:00,0.494025,-6.0833335,105.250015,32.1406,30.485937
14/05/2024 18:00,0.494025,-6.0833335,105.250015,32.10796,30.451454
14/05/2024 19:00,0.494025,-6.0833335,105.250015,32.07221,30.40078
14/05/2024 20:00,0.494025,-6.0833335,105.250015,32.02669,30.340334
14/05/2024 21:00,0.494025,-6.0833335,105.250015,31.979689,30.28241
14/05/2024 22:00,0.494025,-6.0833335,105.250015,31.969503,30.245861
14/05/2024 23:00,0.494025,-6.0833335,105.250015,31.983053,30.237885
15/05/2024 00:00,0.494025,-6.0833335,105.250015,32.026062,30.287764
15/05/2024 01:00,0.494025,-6.0833335,105.250015,32.066994,30.353224
15/05/2024 02:00,0.494025,-6.0833335,105.250015,32.0864,30.413818
15/05/2024 03:00,0.494025,-6.0833335,105.250015,32.097347,30.493307
15/05/2024 04:00,0.494025,-6.0833335,105.250015,32.105892,30.605236
15/05/2024 05:00,0.494025,-6.0833335,105.250015,32.11383,30.727417
15/05/2024 06:00,0.494025,-6.0833335,105.250015,32.121346,30.84062
15/05/2024 07:00,0.494025,-6.0833335,105.250015,32.128105,30.911465
15/05/2024 08:00,0.494025,-6.0833335,105.250015,32.133804,30.900743
15/05/2024 09:00,0.494025,-6.0833335,105.250015,32.13927,30.838799
15/05/2024 10:00,0.494025,-6.0833335,105.250015,32.144585,30.781096
15/05/2024 11:00,0.494025,-6.0833335,105.250015,32.15065,30.728876
15/05/2024 12:00,0.494025,-6.0833335,105.250015,32.157143,30.677883
15/05/2024 13:00,0.494025,-6.0833335,105.250015,32.16296,30.637579
15/05/2024 14:00,0.494025,-6.0833335,105.250015,32.168427,30.600193
15/05/2024 15:00,0.494025,-6.0833335,105.250015,32.17182,30.568602
15/05/2024 16:00,0.494025,-6.0833335,105.250015,32.173557,30.54304
15/05/2024 17:00,0.494025,-6.0833335,105.250015,32.174484,30.520565
15/05/2024 18:00,0.494025,-6.0833335,105.250015,32.176247,30.499962
15/05/2024 19:00,0.494025,-6.0833335,105.250015,32.179646,30.480452
15/05/2024 20:00,0.494025,-6.0833335,105.250015,32.182114,30.463106
15/05/2024 21:00,0.494025,-6.0833335,105.250015,32.18373,30.44584
15/05/2024 22:00,0.494025,-6.0833335,105.250015,32.184605,30.43024
15/05/2024 23:00,0.494025,-6.0833335,105.250015,32.185123,30.418589
16/05/2024 00:00,0.494025,-6.0833335,105.250015,32.18284,30.419058
16/05/2024 01:00,0.494025,-6.0833335,105.250015,32.175594,30.440424
16/05/2024 02:00,0.494025,-6.0833335,105.250015,32.167168,30.490887
16/05/2024 03:00,0.494025,-6.0833335,105.250015,32.16307,30.564835
16/05/2024 04:00,0.494025,-6.0833335,105.250015,32.15692,30.686401
16/05/2024 05:00,0.494025,-6.0833335,105.250015,32.15097,30.851612
16/05/2024 06:00,0.494025,-6.0833335,105.250015,32.14514,31.045372
16/05/2024 07:00,0.494025,-6.0833335,105.250015,32.13994,31.192322
16/05/2024 08:00,0.494025,-6.0833335,105.250015,32.13655,31.257784
16/05/2024 09:00,0.494025,-6.0833335,105.250015,32.134117,31.217892
16/05/2024 10:00,0.494025,-6.0833335,105.250015,32.12763,31.000835
16/05/2024 11:00,0.494025,-6.0833335,105.250015,32.123352,30.826735
16/05/2024 12:00,0.494025,-6.0833335,105.250015,32.120518,30.707417
16/05/2024 13:00,0.494025,-6.0833335,105.250015,32.118954,30.641062
16/05/2024 14:00,0.494025,-6.0833335,105.250015,32.11789,30.59939
16/05/2024 15:00,0.494025,-6.0833335,105.250015,32.11667,30.572233
16/05/2024 16:00,0.494025,-6.0833335,105.250015,32.117233,30.54792
16/05/2024 17:00,0.494025,-6.0833335,105.250015,32.11955,30.529049
16/05/2024 18:00,0.494025,-6.0833335,105.250015,32.121838,30.518469
16/05/2024 19:00,0.494025,-6.0833335,105.250015,32.12361,30.512154
16/05/2024 20:00,0.494025,-6.0833335,105.250015,32.125935,30.503937
16/05/2024 21:00,0.494025,-6.0833335,105.250015,32.128548,30.487238
16/05/2024 22:00,0.494025,-6.0833335,105.250015,32.131523,30.461464
16/05/2024 23:00,0.494025,-6.0833335,105.250015,32.135708,30.444178
17/05/2024 00:00,0.494025,-6.0833335,105.250015,32.140026,30.44228
17/05/2024 01:00,0.494025,-6.0833335,105.250015,32.139584,30.454494
17/05/2024 02:00,0.494025,-6.0833335,105.250015,32.137764,30.512798
17/05/2024 03:00,0.494025,-6.0833335,105.250015,32.141182,30.633917
17/05/2024 04:00,0.494025,-6.0833335,105.250015,32.144802,30.769794
17/05/2024 05:00,0.494025,-6.0833335,105.250015,32.147938,30.915485
17/05/2024 06:00,0.494025,-6.0833335,105.250015,32.151123,31.045235
17/05/2024 07:00,0.494025,-6.0833335,105.250015,32.15462,31.05116
17/05/2024 08:00,0.494025,-6.0833335,105.250015,32.15695,30.950428
17/05/2024 09:00,0.494025,-6.0833335,105.250015,32.16042,30.858541
17/05/2024 10:00,0.494025,-6.0833335,105.250015,32.164665,30.76236
17/05/2024 11:00,0.494025,-6.0833335,105.250015,32.171,30.684484
17/05/2024 12:00,0.494025,-6.0833335,105.250015,32.17951,30.635206
17/05/2024 13:00,0.494025,-6.0833335,105.250015,32.187943,30.604069
17/05/2024 14:00,0.494025,-6.0833335,105.250015,32.196518,30.576208
17/05/2024 15:00,0.494025,-6.0833335,105.250015,32.203762,30.553402
17/05/2024 16:00,0.494025,-6.0833335,105.250015,32.209885,30.533411
17/05/2024 17:00,0.494025,-6.0833335,105.250015,32.2146,30.521101
17/05/2024 18:00,0.494025,-6.0833335,105.250015,32.216038,30.512665
17/05/2024 19:00,0.494025,-6.0833335,105.250015,32.213417,30.502056
17/05/2024 20:00,0.494025,-6.0833335,105.250015,32.212914,30.489439
17/05/2024 21:00,0.494025,-6.0833335,105.250015,32.20974,30.47828
17/05/2024 22:00,0.494025,-6.0833335,105.250015,32.209194,30.46746
17/05/2024 23:00,0.494025,-6.0833335,105.250015,32.20995,30.460274
18/05/2024 00:00,0.494025,-6.0833335,105.250015,32.208626,30.461445
18/05/2024 01:00,0.494025,-6.0833335,105.250015,32.20651,30.478077
18/05/2024 02:00,0.494025,-6.0833335,105.250015,32.20224,30.517588
18/05/2024 03:00,0.494025,-6.0833335,105.250015,32.198124,30.598755
18/05/2024 04:00,0.494025,-6.0833335,105.250015,32.195095,30.731232
18/05/2024 05:00,0.494025,-6.0833335,105.250015,32.19171,30.918297
18/05/2024 06:00,0.494025,-6.0833335,105.250015,32.189156,31.108429
18/05/2024 07:00,0.494025,-6.0833335,105.250015,32.18667,31.247036
18/05/2024 08:00,0.494025,-6.0833335,105.250015,32.18416,31.30882
18/05/2024 09:00,0.494025,-6.0833335,105.250015,32.178856,31.278076
18/05/2024 10:00,0.494025,-6.0833335,105.250015,32.173393,31.155962
18/05/2024 11:00,0.494025,-6.0833335,105.250015,32.17015,30.962698
18/05/2024 12:00,0.494025,-6.0833335,105.250015,32.164154,30.819036
18/05/2024 13:00,0.494025,-6.0833335,105.250015,32.15805,30.745277
18/05/2024 14:00,0.494025,-6.0833335,105.250015,32.14882,30.684301
18/05/2024 15:00,0.494025,-6.0833335,105.250015,32.140114,30.641193
18/05/2024 16:00,0.494025,-6.0833335,105.250015,32.13571,30.602898
18/05/2024 17:00,0.494025,-6.0833335,105.250015,32.134182,30.56942
18/05/2024 18:00,0.494025,-6.0833335,105.250015,32.13498,30.548042
18/05/2024 19:00,0.494025,-6.0833335,105.250015,32.135838,30.53521
18/05/2024 20:00,0.494025,-6.0833335,105.250015,32.137005,30.522116
18/05/2024 21:00,0.494025,-6.0833335,105.250015,32.13814,30.514994
18/05/2024 22:00,0.494025,-6.0833335,105.250015,32.139217,30.5084
18/05/2024 23:00,0.494025,-6.0833335,105.250015,32.138615,30.505611
19/05/2024 00:00,0.494025,-6.0833335,105.250015,32.13701,30.514746
19/05/2024 01:00,0.494025,-6.0833335,105.250015,32.135056,30.54286
19/05/2024 02:00,0.494025,-6.0833335,105.250015,32.134605,30.588974
19/05/2024 03:00,0.494025,-6.0833335,105.250015,32.135803,30.656658
19/05/2024 04:00,0.494025,-6.0833335,105.250015,32.136555,30.744802
19/05/2024 05:00,0.494025,-6.0833335,105.250015,32.137264,30.851616
19/05/2024 06:00,0.494025,-6.0833335,105.250015,32.13829,30.956167
19/05/2024 07:00,0.494025,-6.0833335,105.250015,32.139534,31.016155
19/05/2024 08:00,0.494025,-6.0833335,105.250015,32.14068,31.011045
19/05/2024 09:00,0.494025,-6.0833335,105.250015,32.14095,30.941328
19/05/2024 10:00,0.494025,-6.0833335,105.250015,32.14085,30.853931
19/05/2024 11:00,0.494025,-6.0833335,105.250015,32.14086,30.775177
19/05/2024 12:00,0.494025,-6.0833335,105.250015,32.143906,30.72036
19/05/2024 13:00,0.494025,-6.0833335,105.250015,32.148666,30.682941
19/05/2024 14:00,0.494025,-6.0833335,105.250015,32.151863,30.65481
19/05/2024 15:00,0.494025,-6.0833335,105.250015,32.151073,30.629948
19/05/2024 16:00,0.494025,-6.0833335,105.250015,32.14981,30.60698
19/05/2024 17:00,0.494025,-6.0833335,105.250015,32.150875,30.587643
19/05/2024 18:00,0.494025,-6.0833335,105.250015,32.1514,30.569834
19/05/2024 19:00,0.494025,-6.0833335,105.250015,32.15016,30.55075
19/05/2024 20:00,0.494025,-6.0833335,105.250015,32.14817,30.533215
19/05/2024 21:00,0.494025,-6.0833335,105.250015,32.146217,30.515493
19/05/2024 22:00,0.494025,-6.0833335,105.250015,32.14379,30.500046
19/05/2024 23:00,0.494025,-6.0833335,105.250015,32.140694,30.489603
20/05/2024 00:00,0.494025,-6.0833335,105.250015,32.132507,30.492294
20/05/2024 01:00,0.494025,-6.0833335,105.250015,32.123722,30.507217
20/05/2024 02:00,0.494025,-6.0833335,105.250015,32.116,30.580456
20/05/2024 03:00,0.494025,-6.0833335,105.250015,32.10631,30.740166
20/05/2024 04:00,0.494025,-6.0833335,105.250015,32.09852,30.94595
20/05/2024 05:00,0.494025,-6.0833335,105.250015,32.092155,31.158518
20/05/2024 06:00,0.494025,-6.0833335,105.250015,32.087063,31.335766
20/05/2024 07:00,0.494025,-6.0833335,105.250015,32.08312,31.442728
20/05/2024 08:00,0.494025,-6.0833335,105.250015,32.079807,31.437002
20/05/2024 09:00,0.494025,-6.0833335,105.250015,32.07308,31.245756
20/05/2024 10:00,0.494025,-6.0833335,105.250015,32.065502,31.074274
20/05/2024 11:00,0.494025,-6.0833335,105.250015,32.058807,30.933105
20/05/2024 12:00,0.494025,-6.0833335,105.250015,32.0518,30.852312
20/05/2024 13:00,0.494025,-6.0833335,105.250015,32.0436,30.80003
20/05/2024 14:00,0.494025,-6.0833335,105.250015,32.037163,30.763111
20/05/2024 15:00,0.494025,-6.0833335,105.250015,32.032528,30.734287
20/05/2024 16:00,0.494025,-6.0833335,105.250015,32.02873,30.71466
20/05/2024 17:00,0.494025,-6.0833335,105.250015,32.030186,30.698357
20/05/2024 18:00,0.494025,-6.0833335,105.250015,32.03134,30.687748
20/05/2024 19:00,0.494025,-6.0833335,105.250015,32.032326,30.677404
20/05/2024 20:00,0.494025,-6.0833335,105.250015,32.033394,30.665445
20/05/2024 21:00,0.494025,-6.0833335,105.250015,32.034378,30.655537
20/05/2024 22:00,0.494025,-6.0833335,105.250015,32.035313,30.644848
20/05/2024 23:00,0.494025,-6.0833335,105.250015,32.03643,30.633738
21/05/2024 00:00,0.494025,-6.0833335,105.250015,32.03751,30.636044
21/05/2024 01:00,0.494025,-6.0833335,105.250015,32.03715,30.657724
21/05/2024 02:00,0.494025,-6.0833335,105.250015,32.037502,30.707584
21/05/2024 03:00,0.494025,-6.0833335,105.250015,32.03956,30.79438
21/05/2024 04:00,0.494025,-6.0833335,105.250015,32.04169,30.898886
21/05/2024 05:00,0.494025,-6.0833335,105.250015,32.043793,31.005371
21/05/2024 06:00,0.494025,-6.0833335,105.250015,32.045776,31.085808
21/05/2024 07:00,0.494025,-6.0833335,105.250015,32.047607,31.12512
21/05/2024 08:00,0.494025,-6.0833335,105.250015,32.048977,31.115112
21/05/2024 09:00,0.494025,-6.0833335,105.250015,32.0499,31.069407
21/05/2024 10:00,0.494025,-6.0833335,105.250015,32.050175,31.007805
21/05/2024 11:00,0.494025,-6.0833335,105.250015,32.050262,30.949476
21/05/2024 12:00,0.494025,-6.0833335,105.250015,32.05028,30.888357
21/05/2024 13:00,0.494025,-6.0833335,105.250015,32.05026,30.833351
21/05/2024 14:00,0.494025,-6.0833335,105.250015,32.050266,30.782194
21/05/2024 15:00,0.494025,-6.0833335,105.250015,32.05131,30.742802
21/05/2024 16:00,0.494025,-6.0833335,105.250015,32.052864,30.714857
21/05/2024 17:00,0.494025,-6.0833335,105.250015,32.055214,30.691353
21/05/2024 18:00,0.494025,-6.0833335,105.250015,32.057766,30.668941
21/05/2024 19:00,0.494025,-6.0833335,105.250015,32.05244,30.64311
21/05/2024 20:00,0.494025,-6.0833335,105.250015,32.05105,30.624788
21/05/2024 21:00,0.494025,-6.0833335,105.250015,32.05448,30.615368
21/05/2024 22:00,0.494025,-6.0833335,105.250015,32.051693,30.601484
21/05/2024 23:00,0.494025,-6.0833335,105.250015,32.048706,30.593206
22/05/2024 00:00,0.494025,-6.0833335,105.250015,32.039337,30.594841
22/05/2024 01:00,0.494025,-6.0833335,105.250015,32.033592,30.6083
22/05/2024 02:00,0.494025,-6.0833335,105.250015,32.038197,30.67578
22/05/2024 03:00,0.494025,-6.0833335,105.250015,32.03938,30.789398
22/05/2024 04:00,0.494025,-6.0833335,105.250015,32.03913,30.883194
22/05/2024 05:00,0.494025,-6.0833335,105.250015,32.039234,30.949593
22/05/2024 06:00,0.494025,-6.0833335,105.250015,32.040493,31.077719
22/05/2024 07:00,0.494025,-6.0833335,105.250015,32.041832,31.227985
22/05/2024 08:00,0.494025,-6.0833335,105.250015,32.043148,31.305683
22/05/2024 09:00,0.494025,-6.0833335,105.250015,32.0377,31.297623
22/05/2024 10:00,0.494025,-6.0833335,105.250015,32.017582,31.208733
22/05/2024 11:00,0.494025,-6.0833335,105.250015,32.008137,31.082508
22/05/2024 12:00,0.494025,-6.0833335,105.250015,32.0095,31.001839
22/05/2024 13:00,0.494025,-6.0833335,105.250015,31.99561,30.936796
22/05/2024 14:00,0.494025,-6.0833335,105.250015,31.99908,30.872847
22/05/2024 15:00,0.494025,-6.0833335,105.250015,32.0006,30.818077
22/05/2024 16:00,0.494025,-6.0833335,105.250015,31.890347,30.735178
22/05/2024 17:00,0.494025,-6.0833335,105.250015,31.666367,30.581799
22/05/2024 18:00,0.494025,-6.0833335,105.250015,31.545618,30.440088
22/05/2024 19:00,0.494025,-6.0833335,105.250015,31.463888,30.322208
22/05/2024 20:00,0.494025,-6.0833335,105.250015,31.407122,30.20964
22/05/2024 21:00,0.494025,-6.0833335,105.250015,31.390932,30.118832
22/05/2024 22:00,0.494025,-6.0833335,105.250015,31.374788,30.03847
22/05/2024 23:00,0.494025,-6.0833335,105.250015,31.35631,29.968655
23/05/2024 00:00,0.494025,-6.0833335,105.250015,31.33027,29.941257
23/05/2024 01:00,0.494025,-6.0833335,105.250015,31.365644,29.975266
23/05/2024 02:00,0.494025,-6.0833335,105.250015,31.419281,30.065308
23/05/2024 03:00,0.494025,-6.0833335,105.250015,31.4894,30.241022
23/05/2024 04:00,0.494025,-6.0833335,105.250015,31.534807,30.40291
23/05/2024 05:00,0.494025,-6.0833335,105.250015,31.588228,30.579247
23/05/2024 06:00,0.494025,-6.0833335,105.250015,31.63315,30.762209
23/05/2024 07:00,0.494025,-6.0833335,105.250015,31.671036,30.871632
23/05/2024 08:00,0.494025,-6.0833335,105.250015,31.706999,30.912502
23/05/2024 09:00,0.494025,-6.0833335,105.250015,31.740461,30.907993
23/05/2024 10:00,0.494025,-6.0833335,105.250015,31.788107,30.844347
23/05/2024 11:00,0.494025,-6.0833335,105.250015,31.858282,30.806442
23/05/2024 12:00,0.494025,-6.0833335,105.250015,31.890692,30.774353
23/05/2024 13:00,0.494025,-6.0833335,105.250015,31.918945,30.73976
23/05/2024 14:00,0.494025,-6.0833335,105.250015,31.953018,30.730715
23/05/2024 15:00,0.494025,-6.0833335,105.250015,31.97361,30.715633
23/05/2024 16:00,0.494025,-6.0833335,105.250015,31.97788,30.685759
23/05/2024 17:00,0.494025,-6.0833335,105.250015,31.980782,30.65438
23/05/2024 18:00,0.494025,-6.0833335,105.250015,31.988422,30.625513
23/05/2024 19:00,0.494025,-6.0833335,105.250015,31.999043,30.596235
23/05/2024 20:00,0.494025,-6.0833335,105.250015,32.004444,30.563562
23/05/2024 21:00,0.494025,-6.0833335,105.250015,32.00598,30.528957
23/05/2024 22:00,0.494025,-6.0833335,105.250015,32.010788,30.503063
23/05/2024 23:00,0.494025,-6.0833335,105.250015,32.00799,30.478092
24/05/2024 00:00,0.494025,-6.0833335,105.250015,32.021152,30.47527
24/05/2024 01:00,0.494025,-6.0833335,105.250015,32.05274,30.488634
24/05/2024 02:00,0.494025,-6.0833335,105.250015,32.07657,30.507746
24/05/2024 03:00,0.494025,-6.0833335,105.250015,32.088703,30.555471
24/05/2024 04:00,0.494025,-6.0833335,105.250015,32.099644,30.625463
24/05/2024 05:00,0.494025,-6.0833335,105.250015,32.128345,30.681782
24/05/2024 06:00,0.494025,-6.0833335,105.250015,32.130978,30.746315
24/05/2024 07:00,0.494025,-6.0833335,105.250015,32.128742,30.802626
24/05/2024 08:00,0.494025,-6.0833335,105.250015,32.12291,30.826424
24/05/2024 09:00,0.494025,-6.0833335,105.250015,32.111275,30.797949
24/05/2024 10:00,0.494025,-6.0833335,105.250015,32.09784,30.74165
24/05/2024 11:00,0.494025,-6.0833335,105.250015,32.07576,30.68624
24/05/2024 12:00,0.494025,-6.0833335,105.250015,32.03251,30.634176
24/05/2024 13:00,0.494025,-6.0833335,105.250015,31.999847,30.582542
24/05/2024 14:00,0.494025,-6.0833335,105.250015,31.992447,30.553427
24/05/2024 15:00,0.494025,-6.0833335,105.250015,31.97679,30.509493
24/05/2024 16:00,0.494025,-6.0833335,105.250015,31.97897,30.485323
24/05/2024 17:00,0.494025,-6.0833335,105.250015,31.985355,30.464514
24/05/2024 18:00,0.494025,-6.0833335,105.250015,32.010754,30.45527
24/05/2024 19:00,0.494025,-6.0833335,105.250015,32.027115,30.439486
24/05/2024 20:00,0.494025,-6.0833335,105.250015,32.037067,30.426115
24/05/2024 21:00,0.494025,-6.0833335,105.250015,32.04698,30.413984
24/05/2024 22:00,0.494025,-6.0833335,105.250015,32.06064,30.406483
24/05/2024 23:00,0.494025,-6.0833335,105.250015,32.07373,30.397438
25/05/2024 00:00,0.494025,-6.0833335,105.250015,32.08236,30.392405
25/05/2024 01:00,0.494025,-6.0833335,105.250015,32.088478,30.392561
25/05/2024 02:00,0.494025,-6.0833335,105.250015,32.094273,30.396496
25/05/2024 03:00,0.494025,-6.0833335,105.250015,32.100246,30.40739
25/05/2024 04:00,0.494025,-6.0833335,105.250015,32.10536,30.41469
25/05/2024 05:00,0.494025,-6.0833335,105.250015,32.111237,30.41951
25/05/2024 06:00,0.494025,-6.0833335,105.250015,32.11842,30.4202
25/05/2024 07:00,0.494025,-6.0833335,105.250015,32.126926,30.417788
25/05/2024 08:00,0.494025,-6.0833335,105.250015,32.136253,30.410353
25/05/2024 09:00,0.494025,-6.0833335,105.250015,32.147385,30.40117
25/05/2024 10:00,0.494025,-6.0833335,105.250015,32.159348,30.392015
25/05/2024 11:00,0.494025,-6.0833335,105.250015,32.17,30.379692
25/05/2024 12:00,0.494025,-6.0833335,105.250015,32.183136,30.375431
25/05/2024 13:00,0.494025,-6.0833335,105.250015,32.197453,30.373962
25/05/2024 14:00,0.494025,-6.0833335,105.250015,32.208355,30.366049
25/05/2024 15:00,0.494025,-6.0833335,105.250015,32.218742,30.357264
25/05/2024 16:00,0.494025,-6.0833335,105.250015,32.228767,30.344965
25/05/2024 17:00,0.494025,-6.0833335,105.250015,32.23595,30.328608
25/05/2024 18:00,0.494025,-6.0833335,105.250015,32.242355,30.31394
25/05/2024 19:00,0.494025,-6.0833335,105.250015,32.2478,30.299955
25/05/2024 20:00,0.494025,-6.0833335,105.250015,32.252956,30.286884
25/05/2024 21:00,0.494025,-6.0833335,105.250015,32.257744,30.27538
25/05/2024 22:00,0.494025,-6.0833335,105.250015,32.262085,30.264605
25/05/2024 23:00,0.494025,-6.0833335,105.250015,32.26622,30.254505
26/05/2024 00:00,0.494025,-6.0833335,105.250015,32.27022,30.249134
26/05/2024 01:00,0.494025,-6.0833335,105.250015,32.27429,30.253965
26/05/2024 02:00,0.494025,-6.0833335,105.250015,32.278324,30.265738
26/05/2024 03:00,0.494025,-6.0833335,105.250015,32.28235,30.286324
26/05/2024 04:00,0.494025,-6.0833335,105.250015,32.286343,30.327335
26/05/2024 05:00,0.494025,-6.0833335,105.250015,32.29021,30.381157
26/05/2024 06:00,0.494025,-6.0833335,105.250015,32.294067,30.433115
26/05/2024 07:00,0.494025,-6.0833335,105.250015,32.298252,30.471756
26/05/2024 08:00,0.494025,-6.0833335,105.250015,32.30278,30.489374
26/05/2024 09:00,0.494025,-6.0833335,105.250015,32.307667,30.47888
26/05/2024 10:00,0.494025,-6.0833335,105.250015,32.31316,30.44322
26/05/2024 11:00,0.494025,-6.0833335,105.250015,32.320038,30.402988
26/05/2024 12:00,0.494025,-6.0833335,105.250015,32.32797,30.374762
26/05/2024 13:00,0.494025,-6.0833335,105.250015,32.336082,30.35616
26/05/2024 14:00,0.494025,-6.0833335,105.250015,32.34328,30.340593
26/05/2024 15:00,0.494025,-6.0833335,105.250015,32.348434,30.32832
26/05/2024 16:00,0.494025,-6.0833335,105.250015,32.351776,30.317377
26/05/2024 17:00,0.494025,-6.0833335,105.250015,32.35404,30.303972
26/05/2024 18:00,0.494025,-6.0833335,105.250015,32.355114,30.289642
26/05/2024 19:00,0.494025,-6.0833335,105.250015,32.355232,30.276451
26/05/2024 20:00,0.494025,-6.0833335,105.250015,32.351906,30.262705
26/05/2024 21:00,0.494025,-6.0833335,105.250015,32.347637,30.249655
26/05/2024 22:00,0.494025,-6.0833335,105.250015,32.344013,30.237268
26/05/2024 23:00,0.494025,-6.0833335,105.250015,32.340786,30.227695
27/05/2024 00:00,0.494025,-6.0833335,105.250015,32.336334,30.228008
27/05/2024 01:00,0.494025,-6.0833335,105.250015,32.331318,30.246517
27/05/2024 02:00,0.494025,-6.0833335,105.250015,32.325577,30.286882
27/05/2024 03:00,0.494025,-6.0833335,105.250015,32.31956,30.34822
27/05/2024 04:00,0.494025,-6.0833335,105.250015,32.314674,30.439533
27/05/2024 05:00,0.494025,-6.0833335,105.250015,32.311356,30.557024
27/05/2024 06:00,0.494025,-6.0833335,105.250015,32.30867,30.692682
27/05/2024 07:00,0.494025,-6.0833335,105.250015,32.305923,30.798283
27/05/2024 08:00,0.494025,-6.0833335,105.250015,32.303062,30.80367
27/05/2024 09:00,0.494025,-6.0833335,105.250015,32.300545,30.739012
27/05/2024 10:00,0.494025,-6.0833335,105.250015,32.298214,30.660885
27/05/2024 11:00,0.494025,-6.0833335,105.250015,32.295387,30.590094
27/05/2024 12:00,0.494025,-6.0833335,105.250015,32.293156,30.54902
27/05/2024 13:00,0.494025,-6.0833335,105.250015,32.290985,30.507874
27/05/2024 14:00,0.494025,-6.0833335,105.250015,32.289433,30.465723
27/05/2024 15:00,0.494025,-6.0833335,105.250015,32.287605,30.426754
27/05/2024 16:00,0.494025,-6.0833335,105.250015,32.285946,30.399168
27/05/2024 17:00,0.494025,-6.0833335,105.250015,32.283474,30.38017
27/05/2024 18:00,0.494025,-6.0833335,105.250015,32.26211,30.354454
27/05/2024 19:00,0.494025,-6.0833335,105.250015,32.20863,30.279442
27/05/2024 20:00,0.494025,-6.0833335,105.250015,32.204456,30.246363
27/05/2024 21:00,0.494025,-6.0833335,105.250015,32.25478,30.339241
27/05/2024 22:00,0.494025,-6.0833335,105.250015,32.260742,30.344627
27/05/2024 23:00,0.494025,-6.0833335,105.250015,32.260677,30.33917
28/05/2024 00:00,0.494025,-6.0833335,105.250015,32.259754,30.342028
28/05/2024 01:00,0.494025,-6.0833335,105.250015,32.258698,30.377625
28/05/2024 02:00,0.494025,-6.0833335,105.250015,32.25811,30.474237
28/05/2024 03:00,0.494025,-6.0833335,105.250015,32.257027,30.61962
28/05/2024 04:00,0.494025,-6.0833335,105.250015,32.254795,30.776663
28/05/2024 05:00,0.494025,-6.0833335,105.250015,32.250813,30.910614
28/05/2024 06:00,0.494025,-6.0833335,105.250015,32.245087,31.02944
28/05/2024 07:00,0.494025,-6.0833335,105.250015,32.236965,31.112309
28/05/2024 08:00,0.494025,-6.0833335,105.250015,32.225674,31.130882
28/05/2024 09:00,0.494025,-6.0833335,105.250015,32.21047,31.029099
28/05/2024 10:00,0.494025,-6.0833335,105.250015,32.192017,30.940636
28/05/2024 11:00,0.494025,-6.0833335,105.250015,32.17712,30.806948
28/05/2024 12:00,0.494025,-6.0833335,105.250015,32.158844,30.724531
28/05/2024 13:00,0.494025,-6.0833335,105.250015,32.139095,30.658524
28/05/2024 14:00,0.494025,-6.0833335,105.250015,32.1248,30.606443
28/05/2024 15:00,0.494025,-6.0833335,105.250015,32.120014,30.550957
28/05/2024 16:00,0.494025,-6.0833335,105.250015,32.112957,30.50515
28/05/2024 17:00,0.494025,-6.0833335,105.250015,32.109047,30.465965
28/05/2024 18:00,0.494025,-6.0833335,105.250015,32.104137,30.4346
28/05/2024 19:00,0.494025,-6.0833335,105.250015,32.09916,30.41154
28/05/2024 20:00,0.494025,-6.0833335,105.250015,32.0969,30.390062
28/05/2024 21:00,0.494025,-6.0833335,105.250015,32.09728,30.370075
28/05/2024 22:00,0.494025,-6.0833335,105.250015,32.100536,30.350502
28/05/2024 23:00,0.494025,-6.0833335,105.250015,32.106358,30.334661
29/05/2024 00:00,0.494025,-6.0833335,105.250015,32.111248,30.332268
29/05/2024 01:00,0.494025,-6.0833335,105.250015,32.11494,30.344143
29/05/2024 02:00,0.494025,-6.0833335,105.250015,32.119038,30.37306
29/05/2024 03:00,0.494025,-6.0833335,105.250015,32.123833,30.429865
29/05/2024 04:00,0.494025,-6.0833335,105.250015,32.129215,30.514915
29/05/2024 05:00,0.494025,-6.0833335,105.250015,32.135193,30.612043
29/05/2024 06:00,0.494025,-6.0833335,105.250015,32.14156,30.699047
29/05/2024 07:00,0.494025,-6.0833335,105.250015,32.148247,30.763561
29/05/2024 08:00,0.494025,-6.0833335,105.250015,32.15508,30.780828
29/05/2024 09:00,0.494025,-6.0833335,105.250015,32.16181,30.731203
29/05/2024 10:00,0.494025,-6.0833335,105.250015,32.16862,30.639044
29/05/2024 11:00,0.494025,-6.0833335,105.250015,32.17674,30.564478
29/05/2024 12:00,0.494025,-6.0833335,105.250015,32.187714,30.51369
29/05/2024 13:00,0.494025,-6.0833335,105.250015,32.20073,30.466644
29/05/2024 14:00,0.494025,-6.0833335,105.250015,32.214462,30.428577
29/05/2024 15:00,0.494025,-6.0833335,105.250015,32.229965,30.395134
29/05/2024 16:00,0.494025,-6.0833335,105.250015,32.246563,30.366434
29/05/2024 17:00,0.494025,-6.0833335,105.250015,32.261993,30.340008
29/05/2024 18:00,0.494025,-6.0833335,105.250015,32.274914,30.316193
29/05/2024 19:00,0.494025,-6.0833335,105.250015,32.285904,30.292963
29/05/2024 20:00,0.494025,-6.0833335,105.250015,32.294884,30.269186
29/05/2024 21:00,0.494025,-6.0833335,105.250015,32.30134,30.247746
29/05/2024 22:00,0.494025,-6.0833335,105.250015,32.30649,30.229172
29/05/2024 23:00,0.494025,-6.0833335,105.250015,32.31143,30.212801
30/05/2024 00:00,0.494025,-6.0833335,105.250015,32.315464,30.207275
30/05/2024 01:00,0.494025,-6.0833335,105.250015,32.318,30.21897
30/05/2024 02:00,0.494025,-6.0833335,105.250015,32.319332,30.249773
30/05/2024 03:00,0.494025,-6.0833335,105.250015,32.31995,30.307333
30/05/2024 04:00,0.494025,-6.0833335,105.250015,32.320312,30.3893
30/05/2024 05:00,0.494025,-6.0833335,105.250015,32.320404,30.477825
30/05/2024 06:00,0.494025,-6.0833335,105.250015,32.320053,30.553205
30/05/2024 07:00,0.494025,-6.0833335,105.250015,32.319008,30.588202
30/05/2024 08:00,0.494025,-6.0833335,105.250015,32.317303,30.579103
30/05/2024 09:00,0.494025,-6.0833335,105.250015,32.31511,30.542595
30/05/2024 10:00,0.494025,-6.0833335,105.250015,32.312164,30.489439
30/05/2024 11:00,0.494025,-6.0833335,105.250015,32.30994,30.434395
30/05/2024 12:00,0.494025,-6.0833335,105.250015,32.307804,30.391363
30/05/2024 13:00,0.494025,-6.0833335,105.250015,32.30838,30.355322
30/05/2024 14:00,0.494025,-6.0833335,105.250015,32.30894,30.324654
30/05/2024 15:00,0.494025,-6.0833335,105.250015,32.310028,30.29502
30/05/2024 16:00,0.494025,-6.0833335,105.250015,32.31163,30.267942
30/05/2024 17:00,0.494025,-6.0833335,105.250015,32.311165,30.245155
30/05/2024 18:00,0.494025,-6.0833335,105.250015,32.308334,30.222765
30/05/2024 19:00,0.494025,-6.0833335,105.250015,32.304535,30.201338
30/05/2024 20:00,0.494025,-6.0833335,105.250015,32.300713,30.181353
30/05/2024 21:00,0.494025,-6.0833335,105.250015,32.297607,30.163534
30/05/2024 22:00,0.494025,-6.0833335,105.250015,32.295433,30.145985
30/05/2024 23:00,0.494025,-6.0833335,105.250015,32.292393,30.129736
31/05/2024 00:00,0.494025,-6.0833335,105.250015,32.286884,30.123579
31/05/2024 01:00,0.494025,-6.0833335,105.250015,32.27868,30.13511
31/05/2024 02:00,0.494025,-6.0833335,105.250015,32.267933,30.164948
31/05/2024 03:00,0.494025,-6.0833335,105.250015,32.25563,30.231564
31/05/2024 04:00,0.494025,-6.0833335,105.250015,32.242786,30.35709
31/05/2024 05:00,0.494025,-6.0833335,105.250015,32.23042,30.541456
31/05/2024 06:00,0.494025,-6.0833335,105.250015,32.218826,30.722801
31/05/2024 07:00,0.494025,-6.0833335,105.250015,32.207188,30.812044
31/05/2024 08:00,0.494025,-6.0833335,105.250015,32.19479,30.744892
31/05/2024 09:00,0.494025,-6.0833335,105.250015,32.18374,30.662062
31/05/2024 10:00,0.494025,-6.0833335,105.250015,32.174294,30.548676
31/05/2024 11:00,0.494025,-6.0833335,105.250015,32.167244,30.455
31/05/2024 12:00,0.494025,-6.0833335,105.250015,32.161015,30.403423
31/05/2024 13:00,0.494025,-6.0833335,105.250015,32.15909,30.361395
31/05/2024 14:00,0.494025,-6.0833335,105.250015,32.161537,30.324022
31/05/2024 15:00,0.494025,-6.0833335,105.250015,32.16293,30.297523
31/05/2024 16:00,0.494025,-6.0833335,105.250015,32.165543,30.273262
31/05/2024 17:00,0.494025,-6.0833335,105.250015,32.16941,30.25046
31/05/2024 18:00,0.494025,-6.0833335,105.250015,32.173576,30.228825
31/05/2024 19:00,0.494025,-6.0833335,105.250015,32.177307,30.209303
31/05/2024 20:00,0.494025,-6.0833335,105.250015,32.18097,30.191061
31/05/2024 21:00,0.494025,-6.0833335,105.250015,32.18306,30.17408
31/05/2024 22:00,0.494025,-6.0833335,105.250015,32.18443,30.158833
31/05/2024 23:00,0.494025,-6.0833335,105.250015,32.185997,30.148287
01/06/2024 00:00,0.494025,-6.0833335,105.250015,32.185154,30.152082
01/06/2024 01:00,0.494025,-6.0833335,105.250015,32.18232,30.172983
01/06/2024 02:00,0.494025,-6.0833335,105.250015,32.178707,30.220978
01/06/2024 03:00,0.494025,-6.0833335,105.250015,32.175182,30.309439
01/06/2024 04:00,0.494025,-6.0833335,105.250015,32.1715,30.44462
01/06/2024 05:00,0.494025,-6.0833335,105.250015,32.169094,30.609587
01/06/2024 06:00,0.494025,-6.0833335,105.250015,32.167812,30.775267
01/06/2024 07:00,0.494025,-6.0833335,105.250015,32.16554,30.897121
01/06/2024 08:00,0.494025,-6.0833335,105.250015,32.162884,30.94128
01/06/2024 09:00,0.494025,-6.0833335,105.250015,32.16076,30.900717
01/06/2024 10:00,0.494025,-6.0833335,105.250015,32.15908,30.712784
01/06/2024 11:00,0.494025,-6.0833335,105.250015,32.159763,30.57645
01/06/2024 12:00,0.494025,-6.0833335,105.250015,32.165836,30.475973
01/06/2024 13:00,0.494025,-6.0833335,105.250015,32.175934,30.413818
01/06/2024 14:00,0.494025,-6.0833335,105.250015,32.182713,30.372635
01/06/2024 15:00,0.494025,-6.0833335,105.250015,32.19114,30.332193
01/06/2024 16:00,0.494025,-6.0833335,105.250015,32.200764,30.300856
01/06/2024 17:00,0.494025,-6.0833335,105.250015,32.20824,30.282055
01/06/2024 18:00,0.494025,-6.0833335,105.250015,32.210087,30.26255
01/06/2024 19:00,0.494025,-6.0833335,105.250015,32.21129,30.238966
01/06/2024 20:00,0.494025,-6.0833335,105.250015,32.190147,30.200148
01/06/2024 21:00,0.494025,-6.0833335,105.250015,32.16077,30.140625
01/06/2024 22:00,0.494025,-6.0833335,105.250015,32.169647,30.117054
01/06/2024 23:00,0.494025,-6.0833335,105.250015,32.19333,30.133451
02/06/2024 00:00,0.494025,-6.0833335,105.250015,32.204334,30.129128
02/06/2024 01:00,0.494025,-6.0833335,105.250015,32.212124,30.135546
02/06/2024 02:00,0.494025,-6.0833335,105.250015,32.218906,30.187502
02/06/2024 03:00,0.494025,-6.0833335,105.250015,32.225506,30.293333
02/06/2024 04:00,0.494025,-6.0833335,105.250015,32.232468,30.466757
02/06/2024 05:00,0.494025,-6.0833335,105.250015,32.238552,30.657104
02/06/2024 06:00,0.494025,-6.0833335,105.250015,32.244144,30.814861
02/06/2024 07:00,0.494025,-6.0833335,105.250015,32.24926,30.913994
02/06/2024 08:00,0.494025,-6.0833335,105.250015,32.25186,30.890213
02/06/2024 09:00,0.494025,-6.0833335,105.250015,32.249184,30.734322
02/06/2024 10:00,0.494025,-6.0833335,105.250015,32.245243,30.636587
02/06/2024 11:00,0.494025,-6.0833335,105.250015,32.234226,30.57413
02/06/2024 12:00,0.494025,-6.0833335,105.250015,32.227932,30.501394
02/06/2024 13:00,0.494025,-6.0833335,105.250015,32.23686,30.403805
02/06/2024 14:00,0.494025,-6.0833335,105.250015,32.24474,30.337376
02/06/2024 15:00,0.494025,-6.0833335,105.250015,32.25347,30.286015
02/06/2024 16:00,0.494025,-6.0833335,105.250015,32.251102,30.243273
02/06/2024 17:00,0.494025,-6.0833335,105.250015,32.243595,30.207855
02/06/2024 18:00,0.494025,-6.0833335,105.250015,32.247166,30.18454
02/06/2024 19:00,0.494025,-6.0833335,105.250015,32.254368,30.15942
02/06/2024 20:00,0.494025,-6.0833335,105.250015,32.26271,30.135283
02/06/2024 21:00,0.494025,-6.0833335,105.250015,32.272766,30.116728
02/06/2024 22:00,0.494025,-6.0833335,105.250015,32.278606,30.092863
02/06/2024 23:00,0.494025,-6.0833335,105.250015,32.286648,30.076378
03/06/2024 00:00,0.494025,-6.0833335,105.250015,32.294315,30.078485
03/06/2024 01:00,0.494025,-6.0833335,105.250015,32.296047,30.100924
03/06/2024 02:00,0.494025,-6.0833335,105.250015,32.29553,30.1402
03/06/2024 03:00,0.494025,-6.0833335,105.250015,32.295868,30.191416
03/06/2024 04:00,0.494025,-6.0833335,105.250015,32.29538,30.257877
03/06/2024 05:00,0.494025,-6.0833335,105.250015,32.291916,30.328856
03/06/2024 06:00,0.494025,-6.0833335,105.250015,32.288357,30.412512
03/06/2024 07:00,0.494025,-6.0833335,105.250015,32.28717,30.495945
03/06/2024 08:00,0.494025,-6.0833335,105.250015,32.285496,30.525278
03/06/2024 09:00,0.494025,-6.0833335,105.250015,32.27972,30.513264
03/06/2024 10:00,0.494025,-6.0833335,105.250015,32.274715,30.459927
03/06/2024 11:00,0.494025,-6.0833335,105.250015,32.27381,30.396967
03/06/2024 12:00,0.494025,-6.0833335,105.250015,32.272377,30.351421
03/06/2024 13:00,0.494025,-6.0833335,105.250015,32.270733,30.320383
03/06/2024 14:00,0.494025,-6.0833335,105.250015,32.26954,30.293373
03/06/2024 15:00,0.494025,-6.0833335,105.250015,32.268536,30.273445
03/06/2024 16:00,0.494025,-6.0833335,105.250015,32.26965,30.254326
03/06/2024 17:00,0.494025,-6.0833335,105.250015,32.272964,30.237448
03/06/2024 18:00,0.494025,-6.0833335,105.250015,32.277233,30.220684
03/06/2024 19:00,0.494025,-6.0833335,105.250015,32.28234,30.20683
03/06/2024 20:00,0.494025,-6.0833335,105.250015,32.28771,30.19374
03/06/2024 21:00,0.494025,-6.0833335,105.250015,32.293617,30.181684
03/06/2024 22:00,0.494025,-6.0833335,105.250015,32.301456,30.169752
03/06/2024 23:00,0.494025,-6.0833335,105.250015,32.310772,30.155628
04/06/2024 00:00,0.494025,-6.0833335,105.250015,32.318657,30.151552
04/06/2024 01:00,0.494025,-6.0833335,105.250015,32.325146,30.169676
04/06/2024 02:00,0.494025,-6.0833335,105.250015,32.32601,30.20289
04/06/2024 03:00,0.494025,-6.0833335,105.250015,32.326862,30.222973
04/06/2024 04:00,0.494025,-6.0833335,105.250015,32.33159,30.261889
04/06/2024 05:00,0.494025,-6.0833335,105.250015,32.33768,30.342659
04/06/2024 06:00,0.494025,-6.0833335,105.250015,32.344097,30.437044
04/06/2024 07:00,0.494025,-6.0833335,105.250015,32.35017,30.52521
04/06/2024 08:00,0.494025,-6.0833335,105.250015,32.356125,30.593803
04/06/2024 09:00,0.494025,-6.0833335,105.250015,32.36141,30.610582
04/06/2024 10:00,0.494025,-6.0833335,105.250015,32.357994,30.55874
04/06/2024 11:00,0.494025,-6.0833335,105.250015,32.357445,30.476425
04/06/2024 12:00,0.494025,-6.0833335,105.250015,32.36355,30.397142
04/06/2024 13:00,0.494025,-6.0833335,105.250015,32.367798,30.352108
04/06/2024 14:00,0.494025,-6.0833335,105.250015,32.36896,30.308655
04/06/2024 15:00,0.494025,-6.0833335,105.250015,32.369484,30.275816
04/06/2024 16:00,0.494025,-6.0833335,105.250015,32.37291,30.257666
04/06/2024 17:00,0.494025,-6.0833335,105.250015,32.376854,30.24235
04/06/2024 18:00,0.494025,-6.0833335,105.250015,32.380302,30.22265
04/06/2024 19:00,0.494025,-6.0833335,105.250015,32.383484,30.202045
04/06/2024 20:00,0.494025,-6.0833335,105.250015,32.386627,30.181557
04/06/2024 21:00,0.494025,-6.0833335,105.250015,32.389477,30.164907
04/06/2024 22:00,0.494025,-6.0833335,105.250015,32.391636,30.149963
04/06/2024 23:00,0.494025,-6.0833335,105.250015,32.39184,30.139524
05/06/2024 00:00,0.494025,-6.0833335,105.250015,32.392822,30.143658
05/06/2024 01:00,0.494025,-6.0833335,105.250015,32.393246,30.16714
05/06/2024 02:00,0.494025,-6.0833335,105.250015,32.392025,30.2217
05/06/2024 03:00,0.494025,-6.0833335,105.250015,32.39076,30.332106
05/06/2024 04:00,0.494025,-6.0833335,105.250015,32.389805,30.501251
05/06/2024 05:00,0.494025,-6.0833335,105.250015,32.388733,30.675388
05/06/2024 06:00,0.494025,-6.0833335,105.250015,32.38722,30.797726
05/06/2024 07:00,0.494025,-6.0833335,105.250015,32.383778,30.785545
05/06/2024 08:00,0.494025,-6.0833335,105.250015,32.379963,30.744661
05/06/2024 09:00,0.494025,-6.0833335,105.250015,32.37573,30.641117
05/06/2024 10:00,0.494025,-6.0833335,105.250015,32.37177,30.534231
05/06/2024 11:00,0.494025,-6.0833335,105.250015,32.368587,30.443068
05/06/2024 12:00,0.494025,-6.0833335,105.250015,32.366764,30.37578
05/06/2024 13:00,0.494025,-6.0833335,105.250015,32.366287,30.32772
05/06/2024 14:00,0.494025,-6.0833335,105.250015,32.366585,30.29187
05/06/2024 15:00,0.494025,-6.0833335,105.250015,32.367756,30.263063
05/06/2024 16:00,0.494025,-6.0833335,105.250015,32.36938,30.23777
05/06/2024 17:00,0.494025,-6.0833335,105.250015,32.37111,30.214201
05/06/2024 18:00,0.494025,-6.0833335,105.250015,32.373722,30.190825
05/06/2024 19:00,0.494025,-6.0833335,105.250015,32.37935,30.167309
05/06/2024 20:00,0.494025,-6.0833335,105.250015,32.383484,30.146702
05/06/2024 21:00,0.494025,-6.0833335,105.250015,32.385754,30.127813
05/06/2024 22:00,0.494025,-6.0833335,105.250015,32.38668,30.110184
05/06/2024 23:00,0.494025,-6.0833335,105.250015,32.386913,30.095406
06/06/2024 00:00,0.494025,-6.0833335,105.250015,32.386803,30.09209
06/06/2024 01:00,0.494025,-6.0833335,105.250015,32.386204,30.105793
06/06/2024 02:00,0.494025,-6.0833335,105.250015,32.38506,30.14132
06/06/2024 03:00,0.494025,-6.0833335,105.250015,32.383747,30.211212
06/06/2024 04:00,0.494025,-6.0833335,105.250015,32.382515,30.30895
06/06/2024 05:00,0.494025,-6.0833335,105.250015,32.381092,30.41147
06/06/2024 06:00,0.494025,-6.0833335,105.250015,32.37953,30.53366
06/06/2024 07:00,0.494025,-6.0833335,105.250015,32.377724,30.661427
06/06/2024 08:00,0.494025,-6.0833335,105.250015,32.374573,30.736616
06/06/2024 09:00,0.494025,-6.0833335,105.250015,32.369045,30.735794
06/06/2024 10:00,0.494025,-6.0833335,105.250015,32.359688,30.65654
06/06/2024 11:00,0.494025,-6.0833335,105.250015,32.345116,30.562235
06/06/2024 12:00,0.494025,-6.0833335,105.250015,32.331524,30.495363
06/06/2024 13:00,0.494025,-6.0833335,105.250015,32.316254,30.41475
06/06/2024 14:00,0.494025,-6.0833335,105.250015,32.302414,30.348198
06/06/2024 15:00,0.494025,-6.0833335,105.250015,32.28917,30.300694
06/06/2024 16:00,0.494025,-6.0833335,105.250015,32.276978,30.267035
06/06/2024 17:00,0.494025,-6.0833335,105.250015,32.265865,30.245138
06/06/2024 18:00,0.494025,-6.0833335,105.250015,32.25542,30.22969
06/06/2024 19:00,0.494025,-6.0833335,105.250015,32.243263,30.216887
06/06/2024 20:00,0.494025,-6.0833335,105.250015,32.231907,30.20504
06/06/2024 21:00,0.494025,-6.0833335,105.250015,32.22231,30.192694
06/06/2024 22:00,0.494025,-6.0833335,105.250015,32.21511,30.174908
06/06/2024 23:00,0.494025,-6.0833335,105.250015,32.211132,30.16352
07/06/2024 00:00,0.494025,-6.0833335,105.250015,32.208168,30.163706
07/06/2024 01:00,0.494025,-6.0833335,105.250015,32.20447,30.187733
07/06/2024 02:00,0.494025,-6.0833335,105.250015,32.19985,30.251308
07/06/2024 03:00,0.494025,-6.0833335,105.250015,32.19592,30.381218
07/06/2024 04:00,0.494025,-6.0833335,105.250015,32.194008,30.559858
07/06/2024 05:00,0.494025,-6.0833335,105.250015,32.194866,30.741453
07/06/2024 06:00,0.494025,-6.0833335,105.250015,32.19602,30.893536
07/06/2024 07:00,0.494025,-6.0833335,105.250015,32.19742,30.976078
07/06/2024 08:00,0.494025,-6.0833335,105.250015,32.19892,30.872585
07/06/2024 09:00,0.494025,-6.0833335,105.250015,32.200874,30.715807
07/06/2024 10:00,0.494025,-6.0833335,105.250015,32.20377,30.582829
07/06/2024 11:00,0.494025,-6.0833335,105.250015,32.2056,30.507189
07/06/2024 12:00,0.494025,-6.0833335,105.250015,32.213345,30.441734
07/06/2024 13:00,0.494025,-6.0833335,105.250015,32.223076,30.38523
07/06/2024 14:00,0.494025,-6.0833335,105.250015,32.22759,30.34657
07/06/2024 15:00,0.494025,-6.0833335,105.250015,32.2335,30.306854
07/06/2024 16:00,0.494025,-6.0833335,105.250015,32.23931,30.267275
07/06/2024 17:00,0.494025,-6.0833335,105.250015,32.23656,30.235294
07/06/2024 18:00,0.494025,-6.0833335,105.250015,32.23779,30.21699
07/06/2024 19:00,0.494025,-6.0833335,105.250015,32.239204,30.191284
07/06/2024 20:00,0.494025,-6.0833335,105.250015,32.23889,30.168476
07/06/2024 21:00,0.494025,-6.0833335,105.250015,32.243748,30.148493
07/06/2024 22:00,0.494025,-6.0833335,105.250015,32.260014,30.13489
07/06/2024 23:00,0.494025,-6.0833335,105.250015,32.27775,30.122019
08/06/2024 00:00,0.494025,-6.0833335,105.250015,32.28743,30.121773
08/06/2024 01:00,0.494025,-6.0833335,105.250015,32.29204,30.142763
08/06/2024 02:00,0.494025,-6.0833335,105.250015,32.29328,30.184172
08/06/2024 03:00,0.494025,-6.0833335,105.250015,32.29295,30.246202
08/06/2024 04:00,0.494025,-6.0833335,105.250015,32.29242,30.325182
08/06/2024 05:00,0.494025,-6.0833335,105.250015,32.29181,30.412962
08/06/2024 06:00,0.494025,-6.0833335,105.250015,32.291656,30.482594
08/06/2024 07:00,0.494025,-6.0833335,105.250015,32.293636,30.515331
08/06/2024 08:00,0.494025,-6.0833335,105.250015,32.296326,30.531994
08/06/2024 09:00,0.494025,-6.0833335,105.250015,32.297695,30.499338
08/06/2024 10:00,0.494025,-6.0833335,105.250015,32.307583,30.408566
08/06/2024 11:00,0.494025,-6.0833335,105.250015,32.318592,30.348759
08/06/2024 12:00,0.494025,-6.0833335,105.250015,32.318203,30.315754
08/06/2024 13:00,0.494025,-6.0833335,105.250015,32.307774,30.276117
08/06/2024 14:00,0.494025,-6.0833335,105.250015,32.312572,30.237307
08/06/2024 15:00,0.494025,-6.0833335,105.250015,32.32939,30.204628
08/06/2024 16:00,0.494025,-6.0833335,105.250015,32.340557,30.178629
08/06/2024 17:00,0.494025,-6.0833335,105.250015,32.34786,30.157032
08/06/2024 18:00,0.494025,-6.0833335,105.250015,32.35523,30.135906
08/06/2024 19:00,0.494025,-6.0833335,105.250015,32.365288,30.123646
08/06/2024 20:00,0.494025,-6.0833335,105.250015,32.37132,30.102028
08/06/2024 21:00,0.494025,-6.0833335,105.250015,32.376907,30.076628
08/06/2024 22:00,0.494025,-6.0833335,105.250015,32.385662,30.05521
08/06/2024 23:00,0.494025,-6.0833335,105.250015,32.401333,30.044596
09/06/2024 00:00,0.494025,-6.0833335,105.250015,32.414066,30.040722
09/06/2024 01:00,0.494025,-6.0833335,105.250015,32.422813,30.063515
09/06/2024 02:00,0.494025,-6.0833335,105.250015,32.40127,30.134007
09/06/2024 03:00,0.494025,-6.0833335,105.250015,32.36296,30.240015
09/06/2024 04:00,0.494025,-6.0833335,105.250015,32.358334,30.317099
09/06/2024 05:00,0.494025,-6.0833335,105.250015,32.37138,30.384996
09/06/2024 06:00,0.494025,-6.0833335,105.250015,32.385498,30.458029
09/06/2024 07:00,0.494025,-6.0833335,105.250015,32.394543,30.530432
09/06/2024 08:00,0.494025,-6.0833335,105.250015,32.399906,30.599136
09/06/2024 09:00,0.494025,-6.0833335,105.250015,32.403767,30.609251
09/06/2024 10:00,0.494025,-6.0833335,105.250015,32.37584,30.53933
09/06/2024 11:00,0.494025,-6.0833335,105.250015,32.33863,30.41154
09/06/2024 12:00,0.494025,-6.0833335,105.250015,32.346966,30.334587
09/06/2024 13:00,0.494025,-6.0833335,105.250015,32.365997,30.321909
09/06/2024 14:00,0.494025,-6.0833335,105.250015,32.364353,30.271069
09/06/2024 15:00,0.494025,-6.0833335,105.250015,32.370243,30.228128
09/06/2024 16:00,0.494025,-6.0833335,105.250015,32.379177,30.193914
09/06/2024 17:00,0.494025,-6.0833335,105.250015,32.382862,30.16438
09/06/2024 18:00,0.494025,-6.0833335,105.250015,32.3848,30.13867
09/06/2024 19:00,0.494025,-6.0833335,105.250015,32.392723,30.13496
09/06/2024 20:00,0.494025,-6.0833335,105.250015,32.396988,30.123571
09/06/2024 21:00,0.494025,-6.0833335,105.250015,32.40171,30.114761
09/06/2024 22:00,0.494025,-6.0833335,105.250015,32.405354,30.10265
09/06/2024 23:00,0.494025,-6.0833335,105.250015,32.40969,30.100433
10/06/2024 00:00,0.494025,-6.0833335,105.250015,32.41141,30.1091
10/06/2024 01:00,0.494025,-6.0833335,105.250015,32.410995,30.136295
10/06/2024 02:00,0.494025,-6.0833335,105.250015,32.410862,30.216784
10/06/2024 03:00,0.494025,-6.0833335,105.250015,32.41148,30.35555
10/06/2024 04:00,0.494025,-6.0833335,105.250015,32.412857,30.521555
10/06/2024 05:00,0.494025,-6.0833335,105.250015,32.414635,30.659966
10/06/2024 06:00,0.494025,-6.0833335,105.250015,32.416798,30.769348
10/06/2024 07:00,0.494025,-6.0833335,105.250015,32.419353,30.849245
10/06/2024 08:00,0.494025,-6.0833335,105.250015,32.42213,30.899673
10/06/2024 09:00,0.494025,-6.0833335,105.250015,32.417526,30.880451
10/06/2024 10:00,0.494025,-6.0833335,105.250015,32.410244,30.738657
10/06/2024 11:00,0.494025,-6.0833335,105.250015,32.41,30.655613
10/06/2024 12:00,0.494025,-6.0833335,105.250015,32.41024,30.604368
10/06/2024 13:00,0.494025,-6.0833335,105.250015,32.410625,30.539307
10/06/2024 14:00,0.494025,-6.0833335,105.250015,32.40812,30.44609
10/06/2024 15:00,0.494025,-6.0833335,105.250015,32.404522,30.39539
10/06/2024 16:00,0.494025,-6.0833335,105.250015,32.40209,30.356451
10/06/2024 17:00,0.494025,-6.0833335,105.250015,32.400677,30.308134
10/06/2024 18:00,0.494025,-6.0833335,105.250015,32.39739,30.271332
10/06/2024 19:00,0.494025,-6.0833335,105.250015,32.39461,30.241295
10/06/2024 20:00,0.494025,-6.0833335,105.250015,32.39415,30.21812
10/06/2024 21:00,0.494025,-6.0833335,105.250015,32.39435,30.198662
10/06/2024 22:00,0.494025,-6.0833335,105.250015,32.37378,30.176903
10/06/2024 23:00,0.494025,-6.0833335,105.250015,32.352398,30.148705
11/06/2024 00:00,0.494025,-6.0833335,105.250015,32.353798,30.15566
11/06/2024 01:00,0.494025,-6.0833335,105.250015,32.320953,30.158564
11/06/2024 02:00,0.494025,-6.0833335,105.250015,32.217693,30.151712
11/06/2024 03:00,0.494025,-6.0833335,105.250015,32.16499,30.17466
11/06/2024 04:00,0.494025,-6.0833335,105.250015,32.20843,30.26626
11/06/2024 05:00,0.494025,-6.0833335,105.250015,32.21353,30.420336
11/06/2024 06:00,0.494025,-6.0833335,105.250015,32.19514,30.51397
11/06/2024 07:00,0.494025,-6.0833335,105.250015,32.202312,30.470991
11/06/2024 08:00,0.494025,-6.0833335,105.250015,32.20767,30.461355
11/06/2024 09:00,0.494025,-6.0833335,105.250015,32.203243,30.452833
11/06/2024 10:00,0.494025,-6.0833335,105.250015,32.20447,30.40356
11/06/2024 11:00,0.494025,-6.0833335,105.250015,32.20937,30.355844
11/06/2024 12:00,0.494025,-6.0833335,105.250015,32.22456,30.317684
11/06/2024 13:00,0.494025,-6.0833335,105.250015,32.23775,30.292744
11/06/2024 14:00,0.494025,-6.0833335,105.250015,32.246273,30.278322
11/06/2024 15:00,0.494025,-6.0833335,105.250015,32.241768,30.258905
11/06/2024 16:00,0.494025,-6.0833335,105.250015,32.24243,30.238928
11/06/2024 17:00,0.494025,-6.0833335,105.250015,32.254814,30.241756
11/06/2024 18:00,0.494025,-6.0833335,105.250015,32.26503,30.228813
11/06/2024 19:00,0.494025,-6.0833335,105.250015,32.27221,30.217234
11/06/2024 20:00,0.494025,-6.0833335,105.250015,32.28095,30.209875
11/06/2024 21:00,0.494025,-6.0833335,105.250015,32.27866,30.196228
11/06/2024 22:00,0.494025,-6.0833335,105.250015,32.272003,30.173405
11/06/2024 23:00,0.494025,-6.0833335,105.250015,32.282047,30.165115
12/06/2024 00:00,0.494025,-6.0833335,105.250015,32.299335,30.187819
12/06/2024 01:00,0.494025,-6.0833335,105.250015,32.309845,30.22269
12/06/2024 02:00,0.494025,-6.0833335,105.250015,32.31911,30.295582
12/06/2024 03:00,0.494025,-6.0833335,105.250015,32.330585,30.409512
12/06/2024 04:00,0.494025,-6.0833335,105.250015,32.343044,30.554424
12/06/2024 05:00,0.494025,-6.0833335,105.250015,32.354923,30.686039
12/06/2024 06:00,0.494025,-6.0833335,105.250015,32.366425,30.792727
12/06/2024 07:00,0.494025,-6.0833335,105.250015,32.377293,30.881046
12/06/2024 08:00,0.494025,-6.0833335,105.250015,32.37949,30.916363
12/06/2024 09:00,0.494025,-6.0833335,105.250015,32.37853,30.840492
12/06/2024 10:00,0.494025,-6.0833335,105.250015,32.379833,30.639318
12/06/2024 11:00,0.494025,-6.0833335,105.250015,32.376545,30.501614
12/06/2024 12:00,0.494025,-6.0833335,105.250015,32.373848,30.417883
12/06/2024 13:00,0.494025,-6.0833335,105.250015,32.369095,30.374096
12/06/2024 14:00,0.494025,-6.0833335,105.250015,32.367188,30.338913
12/06/2024 15:00,0.494025,-6.0833335,105.250015,32.3651,30.315973
12/06/2024 16:00,0.494025,-6.0833335,105.250015,32.358814,30.29602
12/06/2024 17:00,0.494025,-6.0833335,105.250015,32.347164,30.276148
12/06/2024 18:00,0.494025,-6.0833335,105.250015,32.335506,30.255987
12/06/2024 19:00,0.494025,-6.0833335,105.250015,32.32668,30.236034
12/06/2024 20:00,0.494025,-6.0833335,105.250015,32.316494,30.218988
12/06/2024 21:00,0.494025,-6.0833335,105.250015,32.30781,30.207548
12/06/2024 22:00,0.494025,-6.0833335,105.250015,32.301533,30.197384
12/06/2024 23:00,0.494025,-6.0833335,105.250015,32.29619,30.189589
13/06/2024 00:00,0.494025,-6.0833335,105.250015,32.290257,30.19482
13/06/2024 01:00,0.494025,-6.0833335,105.250015,32.283207,30.214594
13/06/2024 02:00,0.494025,-6.0833335,105.250015,32.27578,30.254055
13/06/2024 03:00,0.494025,-6.0833335,105.250015,32.27505,30.311628
13/06/2024 04:00,0.494025,-6.0833335,105.250015,32.27633,30.383068
13/06/2024 05:00,0.494025,-6.0833335,105.250015,32.27759,30.45949
13/06/2024 06:00,0.494025,-6.0833335,105.250015,32.281174,30.506489
13/06/2024 07:00,0.494025,-6.0833335,105.250015,32.285286,30.51086
13/06/2024 08:00,0.494025,-6.0833335,105.250015,32.29224,30.498144
13/06/2024 09:00,0.494025,-6.0833335,105.250015,32.302624,30.474623
13/06/2024 10:00,0.494025,-6.0833335,105.250015,32.316154,30.437597
13/06/2024 11:00,0.494025,-6.0833335,105.250015,32.33161,30.399618
13/06/2024 12:00,0.494025,-6.0833335,105.250015,32.350384,30.366707
13/06/2024 13:00,0.494025,-6.0833335,105.250015,32.369495,30.330637
13/06/2024 14:00,0.494025,-6.0833335,105.250015,32.385574,30.299072
13/06/2024 15:00,0.494025,-6.0833335,105.250015,32.40061,30.272167
13/06/2024 16:00,0.494025,-6.0833335,105.250015,32.415565,30.24722
13/06/2024 17:00,0.494025,-6.0833335,105.250015,32.4301,30.223011
13/06/2024 18:00,0.494025,-6.0833335,105.250015,32.442745,30.199694
13/06/2024 19:00,0.494025,-6.0833335,105.250015,32.45168,30.176592
13/06/2024 20:00,0.494025,-6.0833335,105.250015,32.460873,30.155836
13/06/2024 21:00,0.494025,-6.0833335,105.250015,32.465103,30.135948
13/06/2024 22:00,0.494025,-6.0833335,105.250015,32.473625,30.117132
13/06/2024 23:00,0.494025,-6.0833335,105.250015,32.479984,30.10478
14/06/2024 00:00,0.494025,-6.0833335,105.250015,32.489483,30.107162
14/06/2024 01:00,0.494025,-6.0833335,105.250015,32.50459,30.136242
14/06/2024 02:00,0.494025,-6.0833335,105.250015,32.51456,30.18746
14/06/2024 03:00,0.494025,-6.0833335,105.250015,32.522156,30.268965
14/06/2024 04:00,0.494025,-6.0833335,105.250015,32.52981,30.39333
14/06/2024 05:00,0.494025,-6.0833335,105.250015,32.538242,30.564209
14/06/2024 06:00,0.494025,-6.0833335,105.250015,32.545986,30.73389
14/06/2024 07:00,0.494025,-6.0833335,105.250015,32.55176,30.86045
14/06/2024 08:00,0.494025,-6.0833335,105.250015,32.55679,30.916388
14/06/2024 09:00,0.494025,-6.0833335,105.250015,32.562267,30.87857
14/06/2024 10:00,0.494025,-6.0833335,105.250015,32.566742,30.781538
14/06/2024 11:00,0.494025,-6.0833335,105.250015,32.569324,30.663294
14/06/2024 12:00,0.494025,-6.0833335,105.250015,32.570183,30.550299
14/06/2024 13:00,0.494025,-6.0833335,105.250015,32.562138,30.4944
14/06/2024 14:00,0.494025,-6.0833335,105.250015,32.559372,30.44175
14/06/2024 15:00,0.494025,-6.0833335,105.250015,32.549416,30.392326
14/06/2024 16:00,0.494025,-6.0833335,105.250015,32.52631,30.345022
14/06/2024 17:00,0.494025,-6.0833335,105.250015,32.51529,30.311182
14/06/2024 18:00,0.494025,-6.0833335,105.250015,32.515984,30.286333
14/06/2024 19:00,0.494025,-6.0833335,105.250015,32.51979,30.254848
14/06/2024 20:00,0.494025,-6.0833335,105.250015,32.522793,30.236929
14/06/2024 21:00,0.494025,-6.0833335,105.250015,32.52172,30.222635
14/06/2024 22:00,0.494025,-6.0833335,105.250015,32.523308,30.216473
14/06/2024 23:00,0.494025,-6.0833335,105.250015,32.522964,30.208868
15/06/2024 00:00,0.494025,-6.0833335,105.250015,32.518723,30.20916
15/06/2024 01:00,0.494025,-6.0833335,105.250015,32.511898,30.230413
15/06/2024 02:00,0.494025,-6.0833335,105.250015,32.502655,30.278296
15/06/2024 03:00,0.494025,-6.0833335,105.250015,32.492744,30.3389
15/06/2024 04:00,0.494025,-6.0833335,105.250015,32.48213,30.373503
15/06/2024 05:00,0.494025,-6.0833335,105.250015,32.472958,30.417593
15/06/2024 06:00,0.494025,-6.0833335,105.250015,32.463963,30.459917
15/06/2024 07:00,0.494025,-6.0833335,105.250015,32.454304,30.48909
15/06/2024 08:00,0.494025,-6.0833335,105.250015,32.444695,30.499804
15/06/2024 09:00,0.494025,-6.0833335,105.250015,32.4354,30.48852
15/06/2024 10:00,0.494025,-6.0833335,105.250015,32.42828,30.455946
15/06/2024 11:00,0.494025,-6.0833335,105.250015,32.42466,30.415855
15/06/2024 12:00,0.494025,-6.0833335,105.250015,32.426067,30.381952
15/06/2024 13:00,0.494025,-6.0833335,105.250015,32.42911,30.35435
15/06/2024 14:00,0.494025,-6.0833335,105.250015,32.432682,30.327644
15/06/2024 15:00,0.494025,-6.0833335,105.250015,32.435593,30.301807
15/06/2024 16:00,0.494025,-6.0833335,105.250015,32.437325,30.27754
15/06/2024 17:00,0.494025,-6.0833335,105.250015,32.43935,30.254637
15/06/2024 18:00,0.494025,-6.0833335,105.250015,32.431408,30.22964
15/06/2024 19:00,0.494025,-6.0833335,105.250015,32.428177,30.201967
15/06/2024 20:00,0.494025,-6.0833335,105.250015,32.433323,30.18978
15/06/2024 21:00,0.494025,-6.0833335,105.250015,32.43628,30.17263
15/06/2024 22:00,0.494025,-6.0833335,105.250015,32.436836,30.148552
15/06/2024 23:00,0.494025,-6.0833335,105.250015,32.437084,30.133446
16/06/2024 00:00,0.494025,-6.0833335,105.250015,32.43555,30.135899
16/06/2024 01:00,0.494025,-6.0833335,105.250015,32.432465,30.14961
16/06/2024 02:00,0.494025,-6.0833335,105.250015,32.42927,30.186012
16/06/2024 03:00,0.494025,-6.0833335,105.250015,32.42458,30.268314
16/06/2024 04:00,0.494025,-6.0833335,105.250015,32.418083,30.383661
16/06/2024 05:00,0.494025,-6.0833335,105.250015,32.41073,30.513643
16/06/2024 06:00,0.494025,-6.0833335,105.250015,32.402946,30.634867
16/06/2024 07:00,0.494025,-6.0833335,105.250015,32.39276,30.737988
16/06/2024 08:00,0.494025,-6.0833335,105.250015,32.3795,30.784554
16/06/2024 09:00,0.494025,-6.0833335,105.250015,32.361294,30.682217
16/06/2024 10:00,0.494025,-6.0833335,105.250015,32.339317,30.561302
16/06/2024 11:00,0.494025,-6.0833335,105.250015,32.317406,30.458353
16/06/2024 12:00,0.494025,-6.0833335,105.250015,32.29522,30.38151
16/06/2024 13:00,0.494025,-6.0833335,105.250015,32.276745,30.324396
16/06/2024 14:00,0.494025,-6.0833335,105.250015,32.259483,30.28504
16/06/2024 15:00,0.494025,-6.0833335,105.250015,32.23089,30.256464
16/06/2024 16:00,0.494025,-6.0833335,105.250015,32.1975,30.229963
16/06/2024 17:00,0.494025,-6.0833335,105.250015,32.17328,30.202606
16/06/2024 18:00,0.494025,-6.0833335,105.250015,32.15918,30.183968
16/06/2024 19:00,0.494025,-6.0833335,105.250015,32.155457,30.171194
16/06/2024 20:00,0.494025,-6.0833335,105.250015,32.156563,30.152119
16/06/2024 21:00,0.494025,-6.0833335,105.250015,32.155907,30.127796
16/06/2024 22:00,0.494025,-6.0833335,105.250015,32.158733,30.105488
16/06/2024 23:00,0.494025,-6.0833335,105.250015,32.159172,30.084694
17/06/2024 00:00,0.494025,-6.0833335,105.250015,32.163258,30.080553
17/06/2024 01:00,0.494025,-6.0833335,105.250015,32.167957,30.108223
17/06/2024 02:00,0.494025,-6.0833335,105.250015,32.16921,30.18461
17/06/2024 03:00,0.494025,-6.0833335,105.250015,32.169777,30.293869
17/06/2024 04:00,0.494025,-6.0833335,105.250015,32.171894,30.391705
17/06/2024 05:00,0.494025,-6.0833335,105.250015,32.17505,30.4806
17/06/2024 06:00,0.494025,-6.0833335,105.250015,32.180252,30.586561
17/06/2024 07:00,0.494025,-6.0833335,105.250015,32.187428,30.686121
17/06/2024 08:00,0.494025,-6.0833335,105.250015,32.19513,30.75508
17/06/2024 09:00,0.494025,-6.0833335,105.250015,32.202377,30.766954
17/06/2024 10:00,0.494025,-6.0833335,105.250015,32.209743,30.704166
17/06/2024 11:00,0.494025,-6.0833335,105.250015,32.215477,30.602781
17/06/2024 12:00,0.494025,-6.0833335,105.250015,32.214462,30.529604
17/06/2024 13:00,0.494025,-6.0833335,105.250015,32.211933,30.479237
17/06/2024 14:00,0.494025,-6.0833335,105.250015,32.19966,30.413778
17/06/2024 15:00,0.494025,-6.0833335,105.250015,32.16854,30.345436
17/06/2024 16:00,0.494025,-6.0833335,105.250015,32.12827,30.275965
17/06/2024 17:00,0.494025,-6.0833335,105.250015,32.09248,30.201183
17/06/2024 18:00,0.494025,-6.0833335,105.250015,32.120396,30.193148
17/06/2024 19:00,0.494025,-6.0833335,105.250015,32.133205,30.17082
17/06/2024 20:00,0.494025,-6.0833335,105.250015,32.13341,30.152092
17/06/2024 21:00,0.494025,-6.0833335,105.250015,32.142475,30.14429
17/06/2024 22:00,0.494025,-6.0833335,105.250015,32.149704,30.117071
17/06/2024 23:00,0.494025,-6.0833335,105.250015,32.160084,30.101513
18/06/2024 00:00,0.494025,-6.0833335,105.250015,32.175297,30.117662
18/06/2024 01:00,0.494025,-6.0833335,105.250015,32.181072,30.152697
18/06/2024 02:00,0.494025,-6.0833335,105.250015,32.178375,30.210218
18/06/2024 03:00,0.494025,-6.0833335,105.250015,32.17327,30.30144
18/06/2024 04:00,0.494025,-6.0833335,105.250015,32.16883,30.424908
18/06/2024 05:00,0.494025,-6.0833335,105.250015,32.165787,30.567923
18/06/2024 06:00,0.494025,-6.0833335,105.250015,32.16139,30.700361
18/06/2024 07:00,0.494025,-6.0833335,105.250015,32.154984,30.77068
18/06/2024 08:00,0.494025,-6.0833335,105.250015,32.150337,30.750542
18/06/2024 09:00,0.494025,-6.0833335,105.250015,32.143867,30.639503
18/06/2024 10:00,0.494025,-6.0833335,105.250015,32.139175,30.525192
18/06/2024 11:00,0.494025,-6.0833335,105.250015,32.139465,30.432596
18/06/2024 12:00,0.494025,-6.0833335,105.250015,32.15167,30.348495
18/06/2024 13:00,0.494025,-6.0833335,105.250015,32.157642,30.293432
18/06/2024 14:00,0.494025,-6.0833335,105.250015,32.17039,30.248753
18/06/2024 15:00,0.494025,-6.0833335,105.250015,32.17584,30.212454
18/06/2024 16:00,0.494025,-6.0833335,105.250015,32.18863,30.186918
18/06/2024 17:00,0.494025,-6.0833335,105.250015,32.203094,30.167437
18/06/2024 18:00,0.494025,-6.0833335,105.250015,32.213383,30.153969
18/06/2024 19:00,0.494025,-6.0833335,105.250015,32.205105,30.13194
18/06/2024 20:00,0.494025,-6.0833335,105.250015,32.184612,30.100386
18/06/2024 21:00,0.494025,-6.0833335,105.250015,32.18403,30.080238
18/06/2024 22:00,0.494025,-6.0833335,105.250015,32.19959,30.07436
18/06/2024 23:00,0.494025,-6.0833335,105.250015,32.21119,30.066952
19/06/2024 00:00,0.494025,-6.0833335,105.250015,32.216766,30.073181
19/06/2024 01:00,0.494025,-6.0833335,105.250015,32.21678,30.098417
19/06/2024 02:00,0.494025,-6.0833335,105.250015,32.212322,30.153143
19/06/2024 03:00,0.494025,-6.0833335,105.250015,32.206417,30.243414
19/06/2024 04:00,0.494025,-6.0833335,105.250015,32.198856,30.364077
19/06/2024 05:00,0.494025,-6.0833335,105.250015,32.19089,30.463985
19/06/2024 06:00,0.494025,-6.0833335,105.250015,32.183926,30.529432
19/06/2024 07:00,0.494025,-6.0833335,105.250015,32.17785,30.55161
19/06/2024 08:00,0.494025,-6.0833335,105.250015,32.172142,30.548235
19/06/2024 09:00,0.494025,-6.0833335,105.250015,32.166676,30.521908
19/06/2024 10:00,0.494025,-6.0833335,105.250015,32.168526,30.469639
19/06/2024 11:00,0.494025,-6.0833335,105.250015,32.185944,30.40157
19/06/2024 12:00,0.494025,-6.0833335,105.250015,32.201656,30.356148
19/06/2024 13:00,0.494025,-6.0833335,105.250015,32.22307,30.326443
19/06/2024 14:00,0.494025,-6.0833335,105.250015,32.24557,30.302378
19/06/2024 15:00,0.494025,-6.0833335,105.250015,32.25312,30.278889
19/06/2024 16:00,0.494025,-6.0833335,105.250015,32.256668,30.256472
19/06/2024 17:00,0.494025,-6.0833335,105.250015,32.26252,30.237173
19/06/2024 18:00,0.494025,-6.0833335,105.250015,32.278168,30.225082
19/06/2024 19:00,0.494025,-6.0833335,105.250015,32.30024,30.215818
19/06/2024 20:00,0.494025,-6.0833335,105.250015,32.31386,30.198385
19/06/2024 21:00,0.494025,-6.0833335,105.250015,32.324074,30.180567
19/06/2024 22:00,0.494025,-6.0833335,105.250015,32.328938,30.16775
19/06/2024 23:00,0.494025,-6.0833335,105.250015,32.330734,30.154793
20/06/2024 00:00,0.494025,-6.0833335,105.250015,32.331566,30.152765
20/06/2024 01:00,0.494025,-6.0833335,105.250015,32.33047,30.162304
20/06/2024 02:00,0.494025,-6.0833335,105.250015,32.334072,30.189196
20/06/2024 03:00,0.494025,-6.0833335,105.250015,32.343315,30.228666
20/06/2024 04:00,0.494025,-6.0833335,105.250015,32.346684,30.28594
20/06/2024 05:00,0.494025,-6.0833335,105.250015,32.342693,30.357332
20/06/2024 06:00,0.494025,-6.0833335,105.250015,32.336197,30.420774
20/06/2024 07:00,0.494025,-6.0833335,105.250015,32.3258,30.467287
20/06/2024 08:00,0.494025,-6.0833335,105.250015,32.312767,30.48933
20/06/2024 09:00,0.494025,-6.0833335,105.250015,32.301495,30.4742
20/06/2024 10:00,0.494025,-6.0833335,105.250015,32.29422,30.423368
20/06/2024 11:00,0.494025,-6.0833335,105.250015,32.293434,30.364225
20/06/2024 12:00,0.494025,-6.0833335,105.250015,32.29607,30.317535
20/06/2024 13:00,0.494025,-6.0833335,105.250015,32.30005,30.275305
20/06/2024 14:00,0.494025,-6.0833335,105.250015,32.312996,30.25188
20/06/2024 15:00,0.494025,-6.0833335,105.250015,32.3215,30.229952
20/06/2024 16:00,0.494025,-6.0833335,105.250015,32.33109,30.210459
20/06/2024 17:00,0.494025,-6.0833335,105.250015,32.337963,30.189869
20/06/2024 18:00,0.494025,-6.0833335,105.250015,32.337593,30.163015
20/06/2024 19:00,0.494025,-6.0833335,105.250015,32.33677,30.147419
20/06/2024 20:00,0.494025,-6.0833335,105.250015,32.33974,30.14214
20/06/2024 21:00,0.494025,-6.0833335,105.250015,32.338825,30.12123
20/06/2024 22:00,0.494025,-6.0833335,105.250015,32.337994,30.0946
20/06/2024 23:00,0.494025,-6.0833335,105.250015,32.340088,30.088902
21/06/2024 00:00,0.494025,-6.0833335,105.250015,32.3421,30.091944
21/06/2024 01:00,0.494025,-6.0833335,105.250015,32.342182,30.104534
21/06/2024 02:00,0.494025,-6.0833335,105.250015,32.34204,30.146372
21/06/2024 03:00,0.494025,-6.0833335,105.250015,32.342358,30.212137
21/06/2024 04:00,0.494025,-6.0833335,105.250015,32.342922,30.294176
21/06/2024 05:00,0.494025,-6.0833335,105.250015,32.344124,30.39852
21/06/2024 06:00,0.494025,-6.0833335,105.250015,32.346733,30.525429
21/06/2024 07:00,0.494025,-6.0833335,105.250015,32.350327,30.631842
21/06/2024 08:00,0.494025,-6.0833335,105.250015,32.35402,30.67414
21/06/2024 09:00,0.494025,-6.0833335,105.250015,32.35568,30.611395
21/06/2024 10:00,0.494025,-6.0833335,105.250015,32.356415,30.523115
21/06/2024 11:00,0.494025,-6.0833335,105.250015,32.35954,30.446262
21/06/2024 12:00,0.494025,-6.0833335,105.250015,32.363506,30.365524
21/06/2024 13:00,0.494025,-6.0833335,105.250015,32.369522,30.298903
21/06/2024 14:00,0.494025,-6.0833335,105.250015,32.3743,30.254534
21/06/2024 15:00,0.494025,-6.0833335,105.250015,32.384636,30.223217
21/06/2024 16:00,0.494025,-6.0833335,105.250015,32.395805,30.195662
21/06/2024 17:00,0.494025,-6.0833335,105.250015,32.405914,30.171837
21/06/2024 18:00,0.494025,-6.0833335,105.250015,32.409573,30.153797
21/06/2024 19:00,0.494025,-6.0833335,105.250015,32.40916,30.135374
21/06/2024 20:00,0.494025,-6.0833335,105.250015,32.410553,30.132944
21/06/2024 21:00,0.494025,-6.0833335,105.250015,32.41244,30.119692
21/06/2024 22:00,0.494025,-6.0833335,105.250015,32.418224,30.125973
21/06/2024 23:00,0.494025,-6.0833335,105.250015,32.415436,30.121634
22/06/2024 00:00,0.494025,-6.0833335,105.250015,32.411743,30.114557
22/06/2024 01:00,0.494025,-6.0833335,105.250015,32.408466,30.122929
22/06/2024 02:00,0.494025,-6.0833335,105.250015,32.404903,30.166697
22/06/2024 03:00,0.494025,-6.0833335,105.250015,32.401455,30.238346
22/06/2024 04:00,0.494025,-6.0833335,105.250015,32.39662,30.322046
22/06/2024 05:00,0.494025,-6.0833335,105.250015,32.39089,30.400024
22/06/2024 06:00,0.494025,-6.0833335,105.250015,32.384586,30.446726
22/06/2024 07:00,0.494025,-6.0833335,105.250015,32.37863,30.4677
22/06/2024 08:00,0.494025,-6.0833335,105.250015,32.37435,30.438856
22/06/2024 09:00,0.494025,-6.0833335,105.250015,32.375423,30.390188
22/06/2024 10:00,0.494025,-6.0833335,105.250015,32.381344,30.334106
22/06/2024 11:00,0.494025,-6.0833335,105.250015,32.385853,30.284721
22/06/2024 12:00,0.494025,-6.0833335,105.250015,32.38508,30.243624
22/06/2024 13:00,0.494025,-6.0833335,105.250015,32.385624,30.20905
22/06/2024 14:00,0.494025,-6.0833335,105.250015,32.396362,30.179651
22/06/2024 15:00,0.494025,-6.0833335,105.250015,32.417233,30.153383
22/06/2024 16:00,0.494025,-6.0833335,105.250015,32.42484,30.121443
22/06/2024 17:00,0.494025,-6.0833335,105.250015,32.417336,30.089115
22/06/2024 18:00,0.494025,-6.0833335,105.250015,32.40819,30.064915
22/06/2024 19:00,0.494025,-6.0833335,105.250015,32.399284,30.042395
22/06/2024 20:00,0.494025,-6.0833335,105.250015,32.39067,30.023706
22/06/2024 21:00,0.494025,-6.0833335,105.250015,32.38447,30.006819
22/06/2024 22:00,0.494025,-6.0833335,105.250015,32.38121,29.991879
22/06/2024 23:00,0.494025,-6.0833335,105.250015,32.37974,29.97843
23/06/2024 00:00,0.494025,-6.0833335,105.250015,32.377117,29.975788
23/06/2024 01:00,0.494025,-6.0833335,105.250015,32.374805,29.990286
23/06/2024 02:00,0.494025,-6.0833335,105.250015,32.373264,30.017603
23/06/2024 03:00,0.494025,-6.0833335,105.250015,32.367683,30.05654
23/06/2024 04:00,0.494025,-6.0833335,105.250015,32.356255,30.111694
23/06/2024 05:00,0.494025,-6.0833335,105.250015,32.342167,30.191837
23/06/2024 06:00,0.494025,-6.0833335,105.250015,32.32854,30.30797
23/06/2024 07:00,0.494025,-6.0833335,105.250015,32.316174,30.427711
23/06/2024 08:00,0.494025,-6.0833335,105.250015,32.304394,30.485182
23/06/2024 09:00,0.494025,-6.0833335,105.250015,32.291176,30.44131
23/06/2024 10:00,0.494025,-6.0833335,105.250015,32.27886,30.370659
23/06/2024 11:00,0.494025,-6.0833335,105.250015,32.268543,30.290527
23/06/2024 12:00,0.494025,-6.0833335,105.250015,32.257908,30.232079
23/06/2024 13:00,0.494025,-6.0833335,105.250015,32.25088,30.184322
23/06/2024 14:00,0.494025,-6.0833335,105.250015,32.253277,30.152988
23/06/2024 15:00,0.494025,-6.0833335,105.250015,32.261143,30.12739
23/06/2024 16:00,0.494025,-6.0833335,105.250015,32.266357,30.105478
23/06/2024 17:00,0.494025,-6.0833335,105.250015,32.271896,30.082804
23/06/2024 18:00,0.494025,-6.0833335,105.250015,32.28071,30.065979
23/06/2024 19:00,0.494025,-6.0833335,105.250015,32.291927,30.053131
23/06/2024 20:00,0.494025,-6.0833335,105.250015,32.30135,30.036312
23/06/2024 21:00,0.494025,-6.0833335,105.250015,32.308697,30.018675
23/06/2024 22:00,0.494025,-6.0833335,105.250015,32.315075,30.001701
23/06/2024 23:00,0.494025,-6.0833335,105.250015,32.322712,29.989052
24/06/2024 00:00,0.494025,-6.0833335,105.250015,32.33652,29.989626
24/06/2024 01:00,0.494025,-6.0833335,105.250015,32.35222,30.007538
24/06/2024 02:00,0.494025,-6.0833335,105.250015,32.364094,30.03897
24/06/2024 03:00,0.494025,-6.0833335,105.250015,32.37005,30.082323
24/06/2024 04:00,0.494025,-6.0833335,105.250015,32.365875,30.136436
24/06/2024 05:00,0.494025,-6.0833335,105.250015,32.355515,30.193857
24/06/2024 06:00,0.494025,-6.0833335,105.250015,32.33903,30.24808
24/06/2024 07:00,0.494025,-6.0833335,105.250015,32.317,30.28939
24/06/2024 08:00,0.494025,-6.0833335,105.250015,32.2979,30.305655
24/06/2024 09:00,0.494025,-6.0833335,105.250015,32.28245,30.292042
24/06/2024 10:00,0.494025,-6.0833335,105.250015,32.272568,30.250795
24/06/2024 11:00,0.494025,-6.0833335,105.250015,32.27017,30.203598
24/06/2024 12:00,0.494025,-6.0833335,105.250015,32.27621,30.167597
24/06/2024 13:00,0.494025,-6.0833335,105.250015,32.279507,30.13443
24/06/2024 14:00,0.494025,-6.0833335,105.250015,32.279922,30.105446
24/06/2024 15:00,0.494025,-6.0833335,105.250015,32.28073,30.078623
24/06/2024 16:00,0.494025,-6.0833335,105.250015,32.27845,30.054758
24/06/2024 17:00,0.494025,-6.0833335,105.250015,32.277683,30.032974
24/06/2024 18:00,0.494025,-6.0833335,105.250015,32.278114,30.01252
24/06/2024 19:00,0.494025,-6.0833335,105.250015,32.265274,29.988882
24/06/2024 20:00,0.494025,-6.0833335,105.250015,32.25616,29.96203
24/06/2024 21:00,0.494025,-6.0833335,105.250015,32.258602,29.948687
24/06/2024 22:00,0.494025,-6.0833335,105.250015,32.23976,29.924627
24/06/2024 23:00,0.494025,-6.0833335,105.250015,32.234512,29.905182
25/06/2024 00:00,0.494025,-6.0833335,105.250015,32.24891,29.907892
25/06/2024 01:00,0.494025,-6.0833335,105.250015,32.259605,29.919981
25/06/2024 02:00,0.494025,-6.0833335,105.250015,32.269623,29.947252
25/06/2024 03:00,0.494025,-6.0833335,105.250015,32.27544,29.997038
25/06/2024 04:00,0.494025,-6.0833335,105.250015,32.279118,30.072004
25/06/2024 05:00,0.494025,-6.0833335,105.250015,32.28281,30.159086
25/06/2024 06:00,0.494025,-6.0833335,105.250015,32.283478,30.2426
25/06/2024 07:00,0.494025,-6.0833335,105.250015,32.282696,30.305368
25/06/2024 08:00,0.494025,-6.0833335,105.250015,32.283306,30.321352
25/06/2024 09:00,0.494025,-6.0833335,105.250015,32.27399,30.285194
25/06/2024 10:00,0.494025,-6.0833335,105.250015,32.2239,30.216743
25/06/2024 11:00,0.494025,-6.0833335,105.250015,32.207314,30.153624
25/06/2024 12:00,0.494025,-6.0833335,105.250015,32.2555,30.133593
25/06/2024 13:00,0.494025,-6.0833335,105.250015,32.278572,30.101189
25/06/2024 14:00,0.494025,-6.0833335,105.250015,32.296127,30.074047
25/06/2024 15:00,0.494025,-6.0833335,105.250015,32.32035,30.060345
25/06/2024 16:00,0.494025,-6.0833335,105.250015,32.337776,30.03945
25/06/2024 17:00,0.494025,-6.0833335,105.250015,32.35578,30.01699
25/06/2024 18:00,0.494025,-6.0833335,105.250015,32.370827,29.9993
25/06/2024 19:00,0.494025,-6.0833335,105.250015,32.38017,29.984417
25/06/2024 20:00,0.494025,-6.0833335,105.250015,32.385853,29.972284
25/06/2024 21:00,0.494025,-6.0833335,105.250015,32.390434,29.966932
25/06/2024 22:00,0.494025,-6.0833335,105.250015,32.38948,29.962095
25/06/2024 23:00,0.494025,-6.0833335,105.250015,32.38709,29.958693
26/06/2024 00:00,0.494025,-6.0833335,105.250015,32.381256,29.966658
26/06/2024 01:00,0.494025,-6.0833335,105.250015,32.373043,29.992996
26/06/2024 02:00,0.494025,-6.0833335,105.250015,32.363968,30.028109
26/06/2024 03:00,0.494025,-6.0833335,105.250015,32.355164,30.069572
26/06/2024 04:00,0.494025,-6.0833335,105.250015,32.34283,30.117287
26/06/2024 05:00,0.494025,-6.0833335,105.250015,32.326702,30.159025
26/06/2024 06:00,0.494025,-6.0833335,105.250015,32.31034,30.188093
26/06/2024 07:00,0.494025,-6.0833335,105.250015,32.294147,30.207697
26/06/2024 08:00,0.494025,-6.0833335,105.250015,32.277317,30.214584
26/06/2024 09:00,0.494025,-6.0833335,105.250015,32.259995,30.201294
26/06/2024 10:00,0.494025,-6.0833335,105.250015,32.243065,30.172897
26/06/2024 11:00,0.494025,-6.0833335,105.250015,32.229473,30.141878
26/06/2024 12:00,0.494025,-6.0833335,105.250015,32.22952,30.113346
26/06/2024 13:00,0.494025,-6.0833335,105.250015,32.233162,30.087097
26/06/2024 14:00,0.494025,-6.0833335,105.250015,32.236317,30.063852
26/06/2024 15:00,0.494025,-6.0833335,105.250015,32.238663,30.041698
26/06/2024 16:00,0.494025,-6.0833335,105.250015,32.240746,30.021069
26/06/2024 17:00,0.494025,-6.0833335,105.250015,32.24191,29.999962
26/06/2024 18:00,0.494025,-6.0833335,105.250015,32.242764,29.979969
26/06/2024 19:00,0.494025,-6.0833335,105.250015,32.24547,29.963734
26/06/2024 20:00,0.494025,-6.0833335,105.250015,32.250816,29.950705
26/06/2024 21:00,0.494025,-6.0833335,105.250015,32.25992,29.941767
26/06/2024 22:00,0.494025,-6.0833335,105.250015,32.27061,29.936666
26/06/2024 23:00,0.494025,-6.0833335,105.250015,32.2825,29.93532
27/06/2024 00:00,0.494025,-6.0833335,105.250015,32.288986,29.943695
27/06/2024 01:00,0.494025,-6.0833335,105.250015,32.289406,29.964725
27/06/2024 02:00,0.494025,-6.0833335,105.250015,32.28676,29.99822
27/06/2024 03:00,0.494025,-6.0833335,105.250015,32.279724,30.043152
27/06/2024 04:00,0.494025,-6.0833335,105.250015,32.270237,30.081673
27/06/2024 05:00,0.494025,-6.0833335,105.250015,32.261803,30.11541
27/06/2024 06:00,0.494025,-6.0833335,105.250015,32.250637,30.154892
27/06/2024 07:00,0.494025,-6.0833335,105.250015,32.234085,30.186705
27/06/2024 08:00,0.494025,-6.0833335,105.250015,32.216213,30.196957
27/06/2024 09:00,0.494025,-6.0833335,105.250015,32.199333,30.180313
27/06/2024 10:00,0.494025,-6.0833335,105.250015,32.184914,30.140863
27/06/2024 11:00,0.494025,-6.0833335,105.250015,32.175194,30.093807
27/06/2024 12:00,0.494025,-6.0833335,105.250015,32.165077,30.052097
27/06/2024 13:00,0.494025,-6.0833335,105.250015,32.15089,30.014452
27/06/2024 14:00,0.494025,-6.0833335,105.250015,32.13518,29.979046
27/06/2024 15:00,0.494025,-6.0833335,105.250015,32.124363,29.947098
27/06/2024 16:00,0.494025,-6.0833335,105.250015,32.11691,29.918121
27/06/2024 17:00,0.494025,-6.0833335,105.250015,32.110596,29.892017
27/06/2024 18:00,0.494025,-6.0833335,105.250015,32.104816,29.870827
27/06/2024 19:00,0.494025,-6.0833335,105.250015,32.076015,29.843092
27/06/2024 20:00,0.494025,-6.0833335,105.250015,32.050465,29.803053
27/06/2024 21:00,0.494025,-6.0833335,105.250015,32.06251,29.802334
27/06/2024 22:00,0.494025,-6.0833335,105.250015,32.07078,29.798462
27/06/2024 23:00,0.494025,-6.0833335,105.250015,32.07418,29.79379
28/06/2024 00:00,0.494025,-6.0833335,105.250015,32.06907,29.793522
28/06/2024 01:00,0.494025,-6.0833335,105.250015,32.062935,29.810045
28/06/2024 02:00,0.494025,-6.0833335,105.250015,32.05941,29.85328
28/06/2024 03:00,0.494025,-6.0833335,105.250015,32.054386,29.912382
28/06/2024 04:00,0.494025,-6.0833335,105.250015,32.04791,29.97572
28/06/2024 05:00,0.494025,-6.0833335,105.250015,32.043343,30.022463
28/06/2024 06:00,0.494025,-6.0833335,105.250015,32.039635,30.076237
28/06/2024 07:00,0.494025,-6.0833335,105.250015,32.035034,30.123985
28/06/2024 08:00,0.494025,-6.0833335,105.250015,32.03043,30.150166
28/06/2024 09:00,0.494025,-6.0833335,105.250015,32.02576,30.140734
28/06/2024 10:00,0.494025,-6.0833335,105.250015,32.01851,30.104025
28/06/2024 11:00,0.494025,-6.0833335,105.250015,32.011726,30.062677
28/06/2024 12:00,0.494025,-6.0833335,105.250015,32.004025,30.02614
28/06/2024 13:00,0.494025,-6.0833335,105.250015,31.998415,30.003431
28/06/2024 14:00,0.494025,-6.0833335,105.250015,31.993078,29.98592
28/06/2024 15:00,0.494025,-6.0833335,105.250015,31.98912,29.959078
28/06/2024 16:00,0.494025,-6.0833335,105.250015,31.981619,29.931347
28/06/2024 17:00,0.494025,-6.0833335,105.250015,31.977463,29.905565
28/06/2024 18:00,0.494025,-6.0833335,105.250015,31.979374,29.900824
28/06/2024 19:00,0.494025,-6.0833335,105.250015,31.980337,29.88853
28/06/2024 20:00,0.494025,-6.0833335,105.250015,31.977827,29.867327
28/06/2024 21:00,0.494025,-6.0833335,105.250015,31.970566,29.84578
28/06/2024 22:00,0.494025,-6.0833335,105.250015,31.96508,29.831121
28/06/2024 23:00,0.494025,-6.0833335,105.250015,31.962015,29.813519
29/06/2024 00:00,0.494025,-6.0833335,105.250015,31.950191,29.79623
29/06/2024 01:00,0.494025,-6.0833335,105.250015,31.94059,29.807032
29/06/2024 02:00,0.494025,-6.0833335,105.250015,31.934654,29.851929
29/06/2024 03:00,0.494025,-6.0833335,105.250015,31.928701,29.94583
29/06/2024 04:00,0.494025,-6.0833335,105.250015,31.924145,30.095112
29/06/2024 05:00,0.494025,-6.0833335,105.250015,31.918716,30.195189
29/06/2024 06:00,0.494025,-6.0833335,105.250015,31.913395,30.221806
29/06/2024 07:00,0.494025,-6.0833335,105.250015,31.908215,30.205624
29/06/2024 08:00,0.494025,-6.0833335,105.250015,31.910233,30.178143
29/06/2024 09:00,0.494025,-6.0833335,105.250015,31.904015,30.147596
29/06/2024 10:00,0.494025,-6.0833335,105.250015,31.888977,30.112755
29/06/2024 11:00,0.494025,-6.0833335,105.250015,31.888844,30.075506
29/06/2024 12:00,0.494025,-6.0833335,105.250015,31.899477,30.047499
29/06/2024 13:00,0.494025,-6.0833335,105.250015,31.905869,30.016365
29/06/2024 14:00,0.494025,-6.0833335,105.250015,31.92255,29.99127
29/06/2024 15:00,0.494025,-6.0833335,105.250015,31.953722,29.97666
29/06/2024 16:00,0.494025,-6.0833335,105.250015,31.981527,29.961308
29/06/2024 17:00,0.494025,-6.0833335,105.250015,31.994034,29.941437
29/06/2024 18:00,0.494025,-6.0833335,105.250015,32.000816,29.921522
29/06/2024 19:00,0.494025,-6.0833335,105.250015,31.999098,29.89772
29/06/2024 20:00,0.494025,-6.0833335,105.250015,31.995913,29.875372
29/06/2024 21:00,0.494025,-6.0833335,105.250015,31.995815,29.85586
29/06/2024 22:00,0.494025,-6.0833335,105.250015,31.99508,29.837128
29/06/2024 23:00,0.494025,-6.0833335,105.250015,31.991943,29.820084
30/06/2024 00:00,0.494025,-6.0833335,105.250015,31.991913,29.818935
30/06/2024 01:00,0.494025,-6.0833335,105.250015,31.99181,29.83738
30/06/2024 02:00,0.494025,-6.0833335,105.250015,31.98708,29.87808
30/06/2024 03:00,0.494025,-6.0833335,105.250015,31.979843,29.946024
30/06/2024 04:00,0.494025,-6.0833335,105.250015,31.97197,30.059456
30/06/2024 05:00,0.494025,-6.0833335,105.250015,31.964926,30.245419
30/06/2024 06:00,0.494025,-6.0833335,105.250015,31.958298,30.43929
30/06/2024 07:00,0.494025,-6.0833335,105.250015,31.952436,30.574104
30/06/2024 08:00,0.494025,-6.0833335,105.250015,31.947475,30.626245
30/06/2024 09:00,0.494025,-6.0833335,105.250015,31.943228,30.588509
30/06/2024 10:00,0.494025,-6.0833335,105.250015,31.941662,30.446402
30/06/2024 11:00,0.494025,-6.0833335,105.250015,31.941484,30.26567
30/06/2024 12:00,0.494025,-6.0833335,105.250015,31.939848,30.183825
30/06/2024 13:00,0.494025,-6.0833335,105.250015,31.93968,30.120419
30/06/2024 14:00,0.494025,-6.0833335,105.250015,31.947857,30.063723
30/06/2024 15:00,0.494025,-6.0833335,105.250015,31.959574,30.026861
30/06/2024 16:00,0.494025,-6.0833335,105.250015,31.960638,29.999653
30/06/2024 17:00,0.494025,-6.0833335,105.250015,31.95533,29.971598
30/06/2024 18:00,0.494025,-6.0833335,105.250015,31.953077,29.946003
30/06/2024 19:00,0.494025,-6.0833335,105.250015,31.952503,29.932064
30/06/2024 20:00,0.494025,-6.0833335,105.250015,31.923454,29.895578
30/06/2024 21:00,0.494025,-6.0833335,105.250015,31.905773,29.862383
30/06/2024 22:00,0.494025,-6.0833335,105.250015,31.92006,29.875004
30/06/2024 23:00,0.494025,-6.0833335,105.250015,31.929258,29.89656
01/07/2024 00:00,0.494025,-6.0833335,105.250015,31.92598,29.902994
01/07/2024 01:00,0.494025,-6.0833335,105.250015,31.924,29.938393
01/07/2024 02:00,0.494025,-6.0833335,105.250015,31.918842,30.026169
01/07/2024 03:00,0.494025,-6.0833335,105.250015,31.91447,30.172789
01/07/2024 04:00,0.494025,-6.0833335,105.250015,31.91149,30.350092
01/07/2024 05:00,0.494025,-6.0833335,105.250015,31.910103,30.526312
01/07/2024 06:00,0.494025,-6.0833335,105.250015,31.910398,30.67578
01/07/2024 07:00,0.494025,-6.0833335,105.250015,31.912182,30.770414
01/07/2024 08:00,0.494025,-6.0833335,105.250015,31.91301,30.796257
01/07/2024 09:00,0.494025,-6.0833335,105.250015,31.913109,30.752478
01/07/2024 10:00,0.494025,-6.0833335,105.250015,31.90869,30.59462
01/07/2024 11:00,0.494025,-6.0833335,105.250015,31.905018,30.402578
01/07/2024 12:00,0.494025,-6.0833335,105.250015,31.905262,30.316143
01/07/2024 13:00,0.494025,-6.0833335,105.250015,31.906597,30.212929
01/07/2024 14:00,0.494025,-6.0833335,105.250015,31.910902,30.13744
01/07/2024 15:00,0.494025,-6.0833335,105.250015,31.917152,30.090824
01/07/2024 16:00,0.494025,-6.0833335,105.250015,31.928942,30.05569
01/07/2024 17:00,0.494025,-6.0833335,105.250015,31.938599,30.028944
01/07/2024 18:00,0.494025,-6.0833335,105.250015,31.936846,30.00061
01/07/2024 19:00,0.494025,-6.0833335,105.250015,31.937464,29.975761
01/07/2024 20:00,0.494025,-6.0833335,105.250015,31.945494,29.96165
01/07/2024 21:00,0.494025,-6.0833335,105.250015,31.949316,29.955118
01/07/2024 22:00,0.494025,-6.0833335,105.250015,31.948006,29.941818
01/07/2024 23:00,0.494025,-6.0833335,105.250015,31.952925,29.930887
02/07/2024 00:00,0.494025,-6.0833335,105.250015,31.957405,29.931303
02/07/2024 01:00,0.494025,-6.0833335,105.250015,31.958393,29.942904
02/07/2024 02:00,0.494025,-6.0833335,105.250015,31.956888,29.969738
02/07/2024 03:00,0.494025,-6.0833335,105.250015,31.952353,30.009176
02/07/2024 04:00,0.494025,-6.0833335,105.250015,31.946825,30.048302
02/07/2024 05:00,0.494025,-6.0833335,105.250015,31.942738,30.080128
02/07/2024 06:00,0.494025,-6.0833335,105.250015,31.939804,30.090033
02/07/2024 07:00,0.494025,-6.0833335,105.250015,31.937302,30.103403
02/07/2024 08:00,0.494025,-6.0833335,105.250015,31.937641,30.128159
02/07/2024 09:00,0.494025,-6.0833335,105.250015,31.9378,30.120886
02/07/2024 10:00,0.494025,-6.0833335,105.250015,31.938446,30.089651
02/07/2024 11:00,0.494025,-6.0833335,105.250015,31.942984,30.058002
02/07/2024 12:00,0.494025,-6.0833335,105.250015,31.94878,30.033327
02/07/2024 13:00,0.494025,-6.0833335,105.250015,31.953215,30.012012
02/07/2024 14:00,0.494025,-6.0833335,105.250015,31.942234,29.98659
02/07/2024 15:00,0.494025,-6.0833335,105.250015,31.923304,29.952738
02/07/2024 16:00,0.494025,-6.0833335,105.250015,31.909056,29.91278
02/07/2024 17:00,0.494025,-6.0833335,105.250015,31.913479,29.89746
02/07/2024 18:00,0.494025,-6.0833335,105.250015,31.929014,29.907026
02/07/2024 19:00,0.494025,-6.0833335,105.250015,31.936579,29.901281
02/07/2024 20:00,0.494025,-6.0833335,105.250015,31.941835,29.883934
02/07/2024 21:00,0.494025,-6.0833335,105.250015,31.948719,29.874908
02/07/2024 22:00,0.494025,-6.0833335,105.250015,31.955189,29.866829
02/07/2024 23:00,0.494025,-6.0833335,105.250015,31.961493,29.86326
03/07/2024 00:00,0.494025,-6.0833335,105.250015,31.966625,29.86699
03/07/2024 01:00,0.494025,-6.0833335,105.250015,31.970098,29.89297
03/07/2024 02:00,0.494025,-6.0833335,105.250015,31.972866,29.960035
03/07/2024 03:00,0.494025,-6.0833335,105.250015,31.974684,30.042583
03/07/2024 04:00,0.494025,-6.0833335,105.250015,31.975994,30.135603
03/07/2024 05:00,0.494025,-6.0833335,105.250015,31.977024,30.241514
03/07/2024 06:00,0.494025,-6.0833335,105.250015,31.977802,30.346128
03/07/2024 07:00,0.494025,-6.0833335,105.250015,31.978302,30.43887
03/07/2024 08:00,0.494025,-6.0833335,105.250015,31.978167,30.499317
03/07/2024 09:00,0.494025,-6.0833335,105.250015,31.976208,30.479424
03/07/2024 10:00,0.494025,-6.0833335,105.250015,31.972694,30.390833
03/07/2024 11:00,0.494025,-6.0833335,105.250015,31.96227,30.290556
03/07/2024 12:00,0.494025,-6.0833335,105.250015,31.952919,30.234224
03/07/2024 13:00,0.494025,-6.0833335,105.250015,31.950468,30.197815
03/07/2024 14:00,0.494025,-6.0833335,105.250015,31.94807,30.160446
03/07/2024 15:00,0.494025,-6.0833335,105.250015,31.948383,30.119183
03/07/2024 16:00,0.494025,-6.0833335,105.250015,31.95072,30.083105
03/07/2024 17:00,0.494025,-6.0833335,105.250015,31.953074,30.051332
03/07/2024 18:00,0.494025,-6.0833335,105.250015,31.953754,30.026825
03/07/2024 19:00,0.494025,-6.0833335,105.250015,31.953787,30.004467
03/07/2024 20:00,0.494025,-6.0833335,105.250015,31.953281,29.984646
03/07/2024 21:00,0.494025,-6.0833335,105.250015,31.953932,29.96592
03/07/2024 22:00,0.494025,-6.0833335,105.250015,31.95418,29.947575
03/07/2024 23:00,0.494025,-6.0833335,105.250015,31.955069,29.931074
04/07/2024 00:00,0.494025,-6.0833335,105.250015,31.955748,29.927004
04/07/2024 01:00,0.494025,-6.0833335,105.250015,31.95359,29.943075
04/07/2024 02:00,0.494025,-6.0833335,105.250015,31.95104,29.98184
04/07/2024 03:00,0.494025,-6.0833335,105.250015,31.948908,30.040531
04/07/2024 04:00,0.494025,-6.0833335,105.250015,31.946629,30.109644
04/07/2024 05:00,0.494025,-6.0833335,105.250015,31.944782,30.167437
04/07/2024 06:00,0.494025,-6.0833335,105.250015,31.943367,30.209349
04/07/2024 07:00,0.494025,-6.0833335,105.250015,31.942127,30.231821
04/07/2024 08:00,0.494025,-6.0833335,105.250015,31.941118,30.218355
04/07/2024 09:00,0.494025,-6.0833335,105.250015,31.94103,30.177067
04/07/2024 10:00,0.494025,-6.0833335,105.250015,31.940985,30.133743
04/07/2024 11:00,0.494025,-6.0833335,105.250015,31.942019,30.100864
04/07/2024 12:00,0.494025,-6.0833335,105.250015,31.94567,30.073042
04/07/2024 13:00,0.494025,-6.0833335,105.250015,31.950735,30.049536
04/07/2024 14:00,0.494025,-6.0833335,105.250015,31.958328,30.031681
04/07/2024 15:00,0.494025,-6.0833335,105.250015,31.96792,30.012636
04/07/2024 16:00,0.494025,-6.0833335,105.250015,31.97345,29.989725
04/07/2024 17:00,0.494025,-6.0833335,105.250015,31.978567,29.967596
04/07/2024 18:00,0.494025,-6.0833335,105.250015,31.984808,29.947937
04/07/2024 19:00,0.494025,-6.0833335,105.250015,31.99181,29.92907
04/07/2024 20:00,0.494025,-6.0833335,105.250015,31.996185,29.904482
04/07/2024 21:00,0.494025,-6.0833335,105.250015,31.994831,29.875753
04/07/2024 22:00,0.494025,-6.0833335,105.250015,31.995012,29.850498
04/07/2024 23:00,0.494025,-6.0833335,105.250015,31.993555,29.833673
05/07/2024 00:00,0.494025,-6.0833335,105.250015,31.994543,29.830826
05/07/2024 01:00,0.494025,-6.0833335,105.250015,31.999285,29.845821
05/07/2024 02:00,0.494025,-6.0833335,105.250015,32.008106,29.876791
05/07/2024 03:00,0.494025,-6.0833335,105.250015,32.022663,29.918972
05/07/2024 04:00,0.494025,-6.0833335,105.250015,32.03626,29.963114
05/07/2024 05:00,0.494025,-6.0833335,105.250015,32.042694,29.99842
05/07/2024 06:00,0.494025,-6.0833335,105.250015,32.046253,30.029896
05/07/2024 07:00,0.494025,-6.0833335,105.250015,32.04917,30.054853
05/07/2024 08:00,0.494025,-6.0833335,105.250015,32.05258,30.059525
05/07/2024 09:00,0.494025,-6.0833335,105.250015,32.05739,30.043398
05/07/2024 10:00,0.494025,-6.0833335,105.250015,32.061203,30.013863
05/07/2024 11:00,0.494025,-6.0833335,105.250015,32.064487,29.982647
05/07/2024 12:00,0.494025,-6.0833335,105.250015,32.06895,29.956097
05/07/2024 13:00,0.494025,-6.0833335,105.250015,32.08341,29.933662
05/07/2024 14:00,0.494025,-6.0833335,105.250015,32.077347,29.902786
05/07/2024 15:00,0.494025,-6.0833335,105.250015,32.066986,29.872143
05/07/2024 16:00,0.494025,-6.0833335,105.250015,32.059177,29.854183
05/07/2024 17:00,0.494025,-6.0833335,105.250015,32.039646,29.831013
05/07/2024 18:00,0.494025,-6.0833335,105.250015,32.034405,29.811005
05/07/2024 19:00,0.494025,-6.0833335,105.250015,32.040592,29.795128
05/07/2024 20:00,0.494025,-6.0833335,105.250015,32.050385,29.780458
05/07/2024 21:00,0.494025,-6.0833335,105.250015,32.062428,29.766054
05/07/2024 22:00,0.494025,-6.0833335,105.250015,32.074318,29.75281
05/07/2024 23:00,0.494025,-6.0833335,105.250015,32.08409,29.73871
06/07/2024 00:00,0.494025,-6.0833335,105.250015,32.067207,29.719341
06/07/2024 01:00,0.494025,-6.0833335,105.250015,32.044434,29.700323
06/07/2024 02:00,0.494025,-6.0833335,105.250015,32.052086,29.69816
06/07/2024 03:00,0.494025,-6.0833335,105.250015,32.06929,29.700079
06/07/2024 04:00,0.494025,-6.0833335,105.250015,32.07253,29.703869
06/07/2024 05:00,0.494025,-6.0833335,105.250015,32.072166,29.712715
06/07/2024 06:00,0.494025,-6.0833335,105.250015,32.07631,29.722523
06/07/2024 07:00,0.494025,-6.0833335,105.250015,32.078655,29.723473
06/07/2024 08:00,0.494025,-6.0833335,105.250015,32.0811,29.724882
06/07/2024 09:00,0.494025,-6.0833335,105.250015,32.079346,29.72067
06/07/2024 10:00,0.494025,-6.0833335,105.250015,32.066475,29.70152
06/07/2024 11:00,0.494025,-6.0833335,105.250015,32.060135,29.679277
06/07/2024 12:00,0.494025,-6.0833335,105.250015,32.065987,29.67
06/07/2024 13:00,0.494025,-6.0833335,105.250015,32.05866,29.653948
06/07/2024 14:00,0.494025,-6.0833335,105.250015,32.052895,29.636072
06/07/2024 15:00,0.494025,-6.0833335,105.250015,32.056,29.628893
06/07/2024 16:00,0.494025,-6.0833335,105.250015,32.059433,29.623018
06/07/2024 17:00,0.494025,-6.0833335,105.250015,32.068836,29.626904
06/07/2024 18:00,0.494025,-6.0833335,105.250015,32.071888,29.618925
06/07/2024 19:00,0.494025,-6.0833335,105.250015,32.07061,29.600666
06/07/2024 20:00,0.494025,-6.0833335,105.250015,32.059055,29.578764
06/07/2024 21:00,0.494025,-6.0833335,105.250015,32.050533,29.5596
06/07/2024 22:00,0.494025,-6.0833335,105.250015,32.05325,29.554146
06/07/2024 23:00,0.494025,-6.0833335,105.250015,32.060677,29.552034
07/07/2024 00:00,0.494025,-6.0833335,105.250015,32.061115,29.544958
07/07/2024 01:00,0.494025,-6.0833335,105.250015,32.05604,29.544916
07/07/2024 02:00,0.494025,-6.0833335,105.250015,32.04968,29.569962
07/07/2024 03:00,0.494025,-6.0833335,105.250015,32.041733,29.623714
07/07/2024 04:00,0.494025,-6.0833335,105.250015,32.032413,29.702684
07/07/2024 05:00,0.494025,-6.0833335,105.250015,32.021404,29.777752
07/07/2024 06:00,0.494025,-6.0833335,105.250015,32.009567,29.832254
07/07/2024 07:00,0.494025,-6.0833335,105.250015,31.998104,29.868921
07/07/2024 08:00,0.494025,-6.0833335,105.250015,31.987417,29.883144
07/07/2024 09:00,0.494025,-6.0833335,105.250015,31.977436,29.873472
07/07/2024 10:00,0.494025,-6.0833335,105.250015,31.968376,29.847527
07/07/2024 11:00,0.494025,-6.0833335,105.250015,31.96201,29.819218
07/07/2024 12:00,0.494025,-6.0833335,105.250015,31.960215,29.794249
07/07/2024 13:00,0.494025,-6.0833335,105.250015,31.960417,29.769403
07/07/2024 14:00,0.494025,-6.0833335,105.250015,31.958063,29.746681
07/07/2024 15:00,0.494025,-6.0833335,105.250015,31.954165,29.727995
07/07/2024 16:00,0.494025,-6.0833335,105.250015,31.94944,29.710625
07/07/2024 17:00,0.494025,-6.0833335,105.250015,31.943338,29.691664
07/07/2024 18:00,0.494025,-6.0833335,105.250015,31.936932,29.673042
07/07/2024 19:00,0.494025,-6.0833335,105.250015,31.93083,29.654888
07/07/2024 20:00,0.494025,-6.0833335,105.250015,31.92508,29.637411
07/07/2024 21:00,0.494025,-6.0833335,105.250015,31.919733,29.621326
07/07/2024 22:00,0.494025,-6.0833335,105.250015,31.913391,29.604916
07/07/2024 23:00,0.494025,-6.0833335,105.250015,31.908154,29.591595
08/07/2024 00:00,0.494025,-6.0833335,105.250015,31.904686,29.591743
08/07/2024 01:00,0.494025,-6.0833335,105.250015,31.899757,29.6075
08/07/2024 02:00,0.494025,-6.0833335,105.250015,31.89143,29.644468
08/07/2024 03:00,0.494025,-6.0833335,105.250015,31.880896,29.701944
08/07/2024 04:00,0.494025,-6.0833335,105.250015,31.876911,29.78043
08/07/2024 05:00,0.494025,-6.0833335,105.250015,31.875626,29.890165
08/07/2024 06:00,0.494025,-6.0833335,105.250015,31.873356,30.02079
08/07/2024 07:00,0.494025,-6.0833335,105.250015,31.871162,30.153646
08/07/2024 08:00,0.494025,-6.0833335,105.250015,31.869644,30.234938
08/07/2024 09:00,0.494025,-6.0833335,105.250015,31.868744,30.231716
08/07/2024 10:00,0.494025,-6.0833335,105.250015,31.867933,30.142643
08/07/2024 11:00,0.494025,-6.0833335,105.250015,31.866793,30.059504
08/07/2024 12:00,0.494025,-6.0833335,105.250015,31.866438,29.99087
08/07/2024 13:00,0.494025,-6.0833335,105.250015,31.865889,29.913961
08/07/2024 14:00,0.494025,-6.0833335,105.250015,31.839956,29.848022
08/07/2024 15:00,0.494025,-6.0833335,105.250015,31.80609,29.795065
08/07/2024 16:00,0.494025,-6.0833335,105.250015,31.789732,29.74492
08/07/2024 17:00,0.494025,-6.0833335,105.250015,31.793633,29.714268
08/07/2024 18:00,0.494025,-6.0833335,105.250015,31.792837,29.688898
08/07/2024 19:00,0.494025,-6.0833335,105.250015,31.797588,29.678383
08/07/2024 20:00,0.494025,-6.0833335,105.250015,31.800798,29.671988
08/07/2024 21:00,0.494025,-6.0833335,105.250015,31.801191,29.644022
08/07/2024 22:00,0.494025,-6.0833335,105.250015,31.803082,29.62483
08/07/2024 23:00,0.494025,-6.0833335,105.250015,31.807028,29.613804
09/07/2024 00:00,0.494025,-6.0833335,105.250015,31.812553,29.61398
09/07/2024 01:00,0.494025,-6.0833335,105.250015,31.817776,29.63586
09/07/2024 02:00,0.494025,-6.0833335,105.250015,31.819847,29.672525
09/07/2024 03:00,0.494025,-6.0833335,105.250015,31.82153,29.722868
09/07/2024 04:00,0.494025,-6.0833335,105.250015,31.824144,29.776602
09/07/2024 05:00,0.494025,-6.0833335,105.250015,31.83413,29.823017
09/07/2024 06:00,0.494025,-6.0833335,105.250015,31.847143,29.868502
09/07/2024 07:00,0.494025,-6.0833335,105.250015,31.852192,29.90703
09/07/2024 08:00,0.494025,-6.0833335,105.250015,31.855404,29.921694
09/07/2024 09:00,0.494025,-6.0833335,105.250015,31.860453,29.911026
09/07/2024 10:00,0.494025,-6.0833335,105.250015,31.86702,29.883043
09/07/2024 11:00,0.494025,-6.0833335,105.250015,31.871796,29.84993
09/07/2024 12:00,0.494025,-6.0833335,105.250015,31.874367,29.820726
09/07/2024 13:00,0.494025,-6.0833335,105.250015,31.876314,29.797188
09/07/2024 14:00,0.494025,-6.0833335,105.250015,31.87653,29.774866
09/07/2024 15:00,0.494025,-6.0833335,105.250015,31.873278,29.752619
09/07/2024 16:00,0.494025,-6.0833335,105.250015,31.866507,29.731812
09/07/2024 17:00,0.494025,-6.0833335,105.250015,31.858465,29.712957
09/07/2024 18:00,0.494025,-6.0833335,105.250015,31.849073,29.694788
09/07/2024 19:00,0.494025,-6.0833335,105.250015,31.83827,29.676676
09/07/2024 20:00,0.494025,-6.0833335,105.250015,31.830576,29.659563
09/07/2024 21:00,0.494025,-6.0833335,105.250015,31.825428,29.64246
09/07/2024 22:00,0.494025,-6.0833335,105.250015,31.8208,29.625319
09/07/2024 23:00,0.494025,-6.0833335,105.250015,31.816278,29.609837
10/07/2024 00:00,0.494025,-6.0833335,105.250015,31.812069,29.602896
10/07/2024 01:00,0.494025,-6.0833335,105.250015,31.807703,29.616404
10/07/2024 02:00,0.494025,-6.0833335,105.250015,31.802956,29.647963
10/07/2024 03:00,0.494025,-6.0833335,105.250015,31.796303,29.695553
10/07/2024 04:00,0.494025,-6.0833335,105.250015,31.788078,29.776262
10/07/2024 05:00,0.494025,-6.0833335,105.250015,31.78092,29.87426
10/07/2024 06:00,0.494025,-6.0833335,105.250015,31.776463,29.963976
10/07/2024 07:00,0.494025,-6.0833335,105.250015,31.773771,30.04158
10/07/2024 08:00,0.494025,-6.0833335,105.250015,31.77231,30.088747
10/07/2024 09:00,0.494025,-6.0833335,105.250015,31.769966,30.088108
10/07/2024 10:00,0.494025,-6.0833335,105.250015,31.766647,30.046722
10/07/2024 11:00,0.494025,-6.0833335,105.250015,31.765253,29.975843
10/07/2024 12:00,0.494025,-6.0833335,105.250015,31.76315,29.907854
10/07/2024 13:00,0.494025,-6.0833335,105.250015,31.763323,29.856937
10/07/2024 14:00,0.494025,-6.0833335,105.250015,31.762835,29.819496
10/07/2024 15:00,0.494025,-6.0833335,105.250015,31.763231,29.79021
10/07/2024 16:00,0.494025,-6.0833335,105.250015,31.764393,29.765118
10/07/2024 17:00,0.494025,-6.0833335,105.250015,31.765446,29.738293
10/07/2024 18:00,0.494025,-6.0833335,105.250015,31.766644,29.721415
10/07/2024 19:00,0.494025,-6.0833335,105.250015,31.769016,29.717106
10/07/2024 20:00,0.494025,-6.0833335,105.250015,31.77082,29.709824
10/07/2024 21:00,0.494025,-6.0833335,105.250015,31.771492,29.698639
10/07/2024 22:00,0.494025,-6.0833335,105.250015,31.772785,29.686499
10/07/2024 23:00,0.494025,-6.0833335,105.250015,31.773487,29.671288
11/07/2024 00:00,0.494025,-6.0833335,105.250015,31.775475,29.6806
11/07/2024 01:00,0.494025,-6.0833335,105.250015,31.777445,29.704844
11/07/2024 02:00,0.494025,-6.0833335,105.250015,31.780287,29.787674
11/07/2024 03:00,0.494025,-6.0833335,105.250015,31.783096,29.929848
11/07/2024 04:00,0.494025,-6.0833335,105.250015,31.785786,30.093239
11/07/2024 05:00,0.494025,-6.0833335,105.250015,31.786839,30.180634
11/07/2024 06:00,0.494025,-6.0833335,105.250015,31.785593,30.179018
11/07/2024 07:00,0.494025,-6.0833335,105.250015,31.784563,30.149225
11/07/2024 08:00,0.494025,-6.0833335,105.250015,31.782715,30.08079
11/07/2024 09:00,0.494025,-6.0833335,105.250015,31.781504,29.997812
11/07/2024 10:00,0.494025,-6.0833335,105.250015,31.784355,29.922207
11/07/2024 11:00,0.494025,-6.0833335,105.250015,31.794048,29.868303
11/07/2024 12:00,0.494025,-6.0833335,105.250015,31.807503,29.830427
11/07/2024 13:00,0.494025,-6.0833335,105.250015,31.819504,29.799725
11/07/2024 14:00,0.494025,-6.0833335,105.250015,31.829416,29.77197
11/07/2024 15:00,0.494025,-6.0833335,105.250015,31.835953,29.748137
11/07/2024 16:00,0.494025,-6.0833335,105.250015,31.840382,29.726227
11/07/2024 17:00,0.494025,-6.0833335,105.250015,31.845774,29.705719
11/07/2024 18:00,0.494025,-6.0833335,105.250015,31.85216,29.687668
11/07/2024 19:00,0.494025,-6.0833335,105.250015,31.858086,29.670193
11/07/2024 20:00,0.494025,-6.0833335,105.250015,31.863585,29.65411
11/07/2024 21:00,0.494025,-6.0833335,105.250015,31.866991,29.639729
11/07/2024 22:00,0.494025,-6.0833335,105.250015,31.867983,29.625013
11/07/2024 23:00,0.494025,-6.0833335,105.250015,31.867193,29.610746
12/07/2024 00:00,0.494025,-6.0833335,105.250015,31.865088,29.604216
12/07/2024 01:00,0.494025,-6.0833335,105.250015,31.861456,29.609457
12/07/2024 02:00,0.494025,-6.0833335,105.250015,31.855545,29.625307
12/07/2024 03:00,0.494025,-6.0833335,105.250015,31.846926,29.668657
12/07/2024 04:00,0.494025,-6.0833335,105.250015,31.836763,29.74793
12/07/2024 05:00,0.494025,-6.0833335,105.250015,31.826471,29.84645
12/07/2024 06:00,0.494025,-6.0833335,105.250015,31.815447,29.945347
12/07/2024 07:00,0.494025,-6.0833335,105.250015,31.80304,30.019308
12/07/2024 08:00,0.494025,-6.0833335,105.250015,31.790897,30.044615
12/07/2024 09:00,0.494025,-6.0833335,105.250015,31.779163,30.008553
12/07/2024 10:00,0.494025,-6.0833335,105.250015,31.767752,29.938398
12/07/2024 11:00,0.494025,-6.0833335,105.250015,31.75743,29.860615
12/07/2024 12:00,0.494025,-6.0833335,105.250015,31.749147,29.800678
12/07/2024 13:00,0.494025,-6.0833335,105.250015,31.74812,29.754633
12/07/2024 14:00,0.494025,-6.0833335,105.250015,31.751425,29.722574
12/07/2024 15:00,0.494025,-6.0833335,105.250015,31.755869,29.69899
12/07/2024 16:00,0.494025,-6.0833335,105.250015,31.759195,29.680532
12/07/2024 17:00,0.494025,-6.0833335,105.250015,31.7607,29.664778
12/07/2024 18:00,0.494025,-6.0833335,105.250015,31.761862,29.656292
12/07/2024 19:00,0.494025,-6.0833335,105.250015,31.763008,29.650331
12/07/2024 20:00,0.494025,-6.0833335,105.250015,31.76384,29.64195
12/07/2024 21:00,0.494025,-6.0833335,105.250015,31.764332,29.632215
12/07/2024 22:00,0.494025,-6.0833335,105.250015,31.76527,29.623365
12/07/2024 23:00,0.494025,-6.0833335,105.250015,31.766102,29.617022
13/07/2024 00:00,0.494025,-6.0833335,105.250015,31.76675,29.622211
13/07/2024 01:00,0.494025,-6.0833335,105.250015,31.766806,29.634033
13/07/2024 02:00,0.494025,-6.0833335,105.250015,31.766306,29.660263
13/07/2024 03:00,0.494025,-6.0833335,105.250015,31.76543,29.701174
13/07/2024 04:00,0.494025,-6.0833335,105.250015,31.764511,29.752466
13/07/2024 05:00,0.494025,-6.0833335,105.250015,31.763756,29.804974
13/07/2024 06:00,0.494025,-6.0833335,105.250015,31.763021,29.85714
13/07/2024 07:00,0.494025,-6.0833335,105.250015,31.762163,29.895212
13/07/2024 08:00,0.494025,-6.0833335,105.250015,31.761227,29.895664
13/07/2024 09:00,0.494025,-6.0833335,105.250015,31.761007,29.863485
13/07/2024 10:00,0.494025,-6.0833335,105.250015,31.76494,29.82264
13/07/2024 11:00,0.494025,-6.0833335,105.250015,31.77579,29.789318
13/07/2024 12:00,0.494025,-6.0833335,105.250015,31.789774,29.764107
13/07/2024 13:00,0.494025,-6.0833335,105.250015,31.811459,29.742695
13/07/2024 14:00,0.494025,-6.0833335,105.250015,31.834574,29.7245
13/07/2024 15:00,0.494025,-6.0833335,105.250015,31.854603,29.706886
13/07/2024 16:00,0.494025,-6.0833335,105.250015,31.874937,29.689503
13/07/2024 17:00,0.494025,-6.0833335,105.250015,31.902826,29.675924
13/07/2024 18:00,0.494025,-6.0833335,105.250015,31.937424,29.666393
13/07/2024 19:00,0.494025,-6.0833335,105.250015,31.977684,29.657066
13/07/2024 20:00,0.494025,-6.0833335,105.250015,32.012352,29.646763
13/07/2024 21:00,0.494025,-6.0833335,105.250015,32.03734,29.634935
13/07/2024 22:00,0.494025,-6.0833335,105.250015,32.054802,29.62019
13/07/2024 23:00,0.494025,-6.0833335,105.250015,32.067604,29.606138
14/07/2024 00:00,0.494025,-6.0833335,105.250015,32.085144,29.60512
14/07/2024 01:00,0.494025,-6.0833335,105.250015,32.111893,29.621471
14/07/2024 02:00,0.494025,-6.0833335,105.250015,32.129745,29.634428
14/07/2024 03:00,0.494025,-6.0833335,105.250015,32.142727,29.647997
14/07/2024 04:00,0.494025,-6.0833335,105.250015,32.153824,29.664644
14/07/2024 05:00,0.494025,-6.0833335,105.250015,32.160385,29.682962
14/07/2024 06:00,0.494025,-6.0833335,105.250015,32.16093,29.700401
14/07/2024 07:00,0.494025,-6.0833335,105.250015,32.155792,29.712963
14/07/2024 08:00,0.494025,-6.0833335,105.250015,32.1465,29.716024
14/07/2024 09:00,0.494025,-6.0833335,105.250015,32.133625,29.705887
14/07/2024 10:00,0.494025,-6.0833335,105.250015,32.117336,29.685139
14/07/2024 11:00,0.494025,-6.0833335,105.250015,32.098457,29.66282
14/07/2024 12:00,0.494025,-6.0833335,105.250015,32.07759,29.642181
14/07/2024 13:00,0.494025,-6.0833335,105.250015,32.05402,29.621605
14/07/2024 14:00,0.494025,-6.0833335,105.250015,32.02787,29.600672
14/07/2024 15:00,0.494025,-6.0833335,105.250015,31.993809,29.578823
14/07/2024 16:00,0.494025,-6.0833335,105.250015,31.94809,29.551382
14/07/2024 17:00,0.494025,-6.0833335,105.250015,31.899605,29.52201
14/07/2024 18:00,0.494025,-6.0833335,105.250015,31.853317,29.497644
14/07/2024 19:00,0.494025,-6.0833335,105.250015,31.811863,29.479404
14/07/2024 20:00,0.494025,-6.0833335,105.250015,31.783981,29.46643
14/07/2024 21:00,0.494025,-6.0833335,105.250015,31.781324,29.458973
14/07/2024 22:00,0.494025,-6.0833335,105.250015,31.779589,29.450283
14/07/2024 23:00,0.494025,-6.0833335,105.250015,31.776983,29.44543
15/07/2024 00:00,0.494025,-6.0833335,105.250015,31.772911,29.451996
15/07/2024 01:00,0.494025,-6.0833335,105.250015,31.76803,29.47072
15/07/2024 02:00,0.494025,-6.0833335,105.250015,31.764505,29.49696
15/07/2024 03:00,0.494025,-6.0833335,105.250015,31.762794,29.530722
15/07/2024 04:00,0.494025,-6.0833335,105.250015,31.760302,29.57043
15/07/2024 05:00,0.494025,-6.0833335,105.250015,31.75511,29.611732
15/07/2024 06:00,0.494025,-6.0833335,105.250015,31.749216,29.649994
15/07/2024 07:00,0.494025,-6.0833335,105.250015,31.745996,29.678814
15/07/2024 08:00,0.494025,-6.0833335,105.250015,31.74369,29.691858
15/07/2024 09:00,0.494025,-6.0833335,105.250015,31.743078,29.686422
15/07/2024 10:00,0.494025,-6.0833335,105.250015,31.753502,29.668806
15/07/2024 11:00,0.494025,-6.0833335,105.250015,31.780048,29.649914
15/07/2024 12:00,0.494025,-6.0833335,105.250015,31.814371,29.634996
15/07/2024 13:00,0.494025,-6.0833335,105.250015,31.847187,29.621435
15/07/2024 14:00,0.494025,-6.0833335,105.250015,31.880669,29.60956
15/07/2024 15:00,0.494025,-6.0833335,105.250015,31.922892,29.60163
15/07/2024 16:00,0.494025,-6.0833335,105.250015,31.967123,29.592457
15/07/2024 17:00,0.494025,-6.0833335,105.250015,32.000286,29.576603
15/07/2024 18:00,0.494025,-6.0833335,105.250015,32.015568,29.553267
15/07/2024 19:00,0.494025,-6.0833335,105.250015,32.01848,29.526684
15/07/2024 20:00,0.494025,-6.0833335,105.250015,32.011826,29.496607
15/07/2024 21:00,0.494025,-6.0833335,105.250015,31.998621,29.46603
15/07/2024 22:00,0.494025,-6.0833335,105.250015,31.981607,29.435741
15/07/2024 23:00,0.494025,-6.0833335,105.250015,31.953981,29.40824
16/07/2024 00:00,0.494025,-6.0833335,105.250015,31.91165,29.392015
16/07/2024 01:00,0.494025,-6.0833335,105.250015,31.865276,29.400745
16/07/2024 02:00,0.494025,-6.0833335,105.250015,31.820665,29.440132
16/07/2024 03:00,0.494025,-6.0833335,105.250015,31.780882,29.50925
16/07/2024 04:00,0.494025,-6.0833335,105.250015,31.75746,29.604515
16/07/2024 05:00,0.494025,-6.0833335,105.250015,31.756624,29.716955
16/07/2024 06:00,0.494025,-6.0833335,105.250015,31.755594,29.822989
16/07/2024 07:00,0.494025,-6.0833335,105.250015,31.752966,29.891273
16/07/2024 08:00,0.494025,-6.0833335,105.250015,31.752167,29.885721
16/07/2024 09:00,0.494025,-6.0833335,105.250015,31.752113,29.826717
16/07/2024 10:00,0.494025,-6.0833335,105.250015,31.750572,29.756157
16/07/2024 11:00,0.494025,-6.0833335,105.250015,31.750443,29.679169
16/07/2024 12:00,0.494025,-6.0833335,105.250015,31.754429,29.647789
16/07/2024 13:00,0.494025,-6.0833335,105.250015,31.765087,29.628479
16/07/2024 14:00,0.494025,-6.0833335,105.250015,31.780788,29.612839
16/07/2024 15:00,0.494025,-6.0833335,105.250015,31.79162,29.597755
16/07/2024 16:00,0.494025,-6.0833335,105.250015,31.801111,29.583519
16/07/2024 17:00,0.494025,-6.0833335,105.250015,31.809242,29.57107
16/07/2024 18:00,0.494025,-6.0833335,105.250015,31.81887,29.561588
16/07/2024 19:00,0.494025,-6.0833335,105.250015,31.825436,29.552996
16/07/2024 20:00,0.494025,-6.0833335,105.250015,31.826853,29.544987
16/07/2024 21:00,0.494025,-6.0833335,105.250015,31.822489,29.533
16/07/2024 22:00,0.494025,-6.0833335,105.250015,31.814255,29.5172
16/07/2024 23:00,0.494025,-6.0833335,105.250015,31.804699,29.502432
17/07/2024 00:00,0.494025,-6.0833335,105.250015,31.796152,29.497053
17/07/2024 01:00,0.494025,-6.0833335,105.250015,31.787855,29.507826
17/07/2024 02:00,0.494025,-6.0833335,105.250015,31.78501,29.538559
17/07/2024 03:00,0.494025,-6.0833335,105.250015,31.7839,29.592665
17/07/2024 04:00,0.494025,-6.0833335,105.250015,31.78297,29.676342
17/07/2024 05:00,0.494025,-6.0833335,105.250015,31.781652,29.78647
17/07/2024 06:00,0.494025,-6.0833335,105.250015,31.780441,29.890268
17/07/2024 07:00,0.494025,-6.0833335,105.250015,31.779657,29.960703
17/07/2024 08:00,0.494025,-6.0833335,105.250015,31.778606,29.988438
17/07/2024 09:00,0.494025,-6.0833335,105.250015,31.776253,29.964098
17/07/2024 10:00,0.494025,-6.0833335,105.250015,31.772646,29.892973
17/07/2024 11:00,0.494025,-6.0833335,105.250015,31.768467,29.804161
17/07/2024 12:00,0.494025,-6.0833335,105.250015,31.768213,29.7375
17/07/2024 13:00,0.494025,-6.0833335,105.250015,31.774826,29.699015
17/07/2024 14:00,0.494025,-6.0833335,105.250015,31.779272,29.668482
17/07/2024 15:00,0.494025,-6.0833335,105.250015,31.783451,29.640333
17/07/2024 16:00,0.494025,-6.0833335,105.250015,31.787912,29.617422
17/07/2024 17:00,0.494025,-6.0833335,105.250015,31.794703,29.599327
17/07/2024 18:00,0.494025,-6.0833335,105.250015,31.803623,29.581043
17/07/2024 19:00,0.494025,-6.0833335,105.250015,31.810532,29.559305
17/07/2024 20:00,0.494025,-6.0833335,105.250015,31.802223,29.531454
17/07/2024 21:00,0.494025,-6.0833335,105.250015,31.791262,29.501673
17/07/2024 22:00,0.494025,-6.0833335,105.250015,31.77524,29.476713
17/07/2024 23:00,0.494025,-6.0833335,105.250015,31.760376,29.45353
18/07/2024 00:00,0.494025,-6.0833335,105.250015,31.757204,29.460508
18/07/2024 01:00,0.494025,-6.0833335,105.250015,31.758562,29.485659
18/07/2024 02:00,0.494025,-6.0833335,105.250015,31.759815,29.532808
18/07/2024 03:00,0.494025,-6.0833335,105.250015,31.760155,29.604967
18/07/2024 04:00,0.494025,-6.0833335,105.250015,31.760212,29.69817
18/07/2024 05:00,0.494025,-6.0833335,105.250015,31.760397,29.812592
18/07/2024 06:00,0.494025,-6.0833335,105.250015,31.760565,29.9447
18/07/2024 07:00,0.494025,-6.0833335,105.250015,31.760527,30.05641
18/07/2024 08:00,0.494025,-6.0833335,105.250015,31.76043,30.091846
18/07/2024 09:00,0.494025,-6.0833335,105.250015,31.760508,30.034206
18/07/2024 10:00,0.494025,-6.0833335,105.250015,31.762825,29.940935
18/07/2024 11:00,0.494025,-6.0833335,105.250015,31.768711,29.853897
18/07/2024 12:00,0.494025,-6.0833335,105.250015,31.767248,29.801094
18/07/2024 13:00,0.494025,-6.0833335,105.250015,31.769205,29.753841
18/07/2024 14:00,0.494025,-6.0833335,105.250015,31.778753,29.70652
18/07/2024 15:00,0.494025,-6.0833335,105.250015,31.775251,29.664106
18/07/2024 16:00,0.494025,-6.0833335,105.250015,31.773733,29.627665
18/07/2024 17:00,0.494025,-6.0833335,105.250015,31.770277,29.598032
18/07/2024 18:00,0.494025,-6.0833335,105.250015,31.770119,29.579557
18/07/2024 19:00,0.494025,-6.0833335,105.250015,31.771685,29.56636
18/07/2024 20:00,0.494025,-6.0833335,105.250015,31.772984,29.55594
18/07/2024 21:00,0.494025,-6.0833335,105.250015,31.773136,29.546064
18/07/2024 22:00,0.494025,-6.0833335,105.250015,31.772936,29.534315
18/07/2024 23:00,0.494025,-6.0833335,105.250015,31.773077,29.523369
19/07/2024 00:00,0.494025,-6.0833335,105.250015,31.772324,29.52134
19/07/2024 01:00,0.494025,-6.0833335,105.250015,31.771563,29.53198
19/07/2024 02:00,0.494025,-6.0833335,105.250015,31.771198,29.553497
19/07/2024 03:00,0.494025,-6.0833335,105.250015,31.77098,29.58492
19/07/2024 04:00,0.494025,-6.0833335,105.250015,31.770826,29.626139
19/07/2024 05:00,0.494025,-6.0833335,105.250015,31.770403,29.676153
19/07/2024 06:00,0.494025,-6.0833335,105.250015,31.769617,29.73383
19/07/2024 07:00,0.494025,-6.0833335,105.250015,31.768755,29.79141
19/07/2024 08:00,0.494025,-6.0833335,105.250015,31.767838,29.834625
19/07/2024 09:00,0.494025,-6.0833335,105.250015,31.767017,29.844963
19/07/2024 10:00,0.494025,-6.0833335,105.250015,31.766365,29.810934
19/07/2024 11:00,0.494025,-6.0833335,105.250015,31.765766,29.74723
19/07/2024 12:00,0.494025,-6.0833335,105.250015,31.765074,29.686909
19/07/2024 13:00,0.494025,-6.0833335,105.250015,31.764624,29.645485
19/07/2024 14:00,0.494025,-6.0833335,105.250015,31.76469,29.61706
19/07/2024 15:00,0.494025,-6.0833335,105.250015,31.764547,29.593811
19/07/2024 16:00,0.494025,-6.0833335,105.250015,31.764,29.57014
19/07/2024 17:00,0.494025,-6.0833335,105.250015,31.763424,29.547215
19/07/2024 18:00,0.494025,-6.0833335,105.250015,31.763025,29.525871
19/07/2024 19:00,0.494025,-6.0833335,105.250015,31.7631,29.505573
19/07/2024 20:00,0.494025,-6.0833335,105.250015,31.763166,29.484617
19/07/2024 21:00,0.494025,-6.0833335,105.250015,31.763985,29.463339
19/07/2024 22:00,0.494025,-6.0833335,105.250015,31.765182,29.443691
19/07/2024 23:00,0.494025,-6.0833335,105.250015,31.766232,29.426857
20/07/2024 00:00,0.494025,-6.0833335,105.250015,31.767345,29.422668
20/07/2024 01:00,0.494025,-6.0833335,105.250015,31.768095,29.43618
20/07/2024 02:00,0.494025,-6.0833335,105.250015,31.768255,29.46657
20/07/2024 03:00,0.494025,-6.0833335,105.250015,31.767653,29.526587
20/07/2024 04:00,0.494025,-6.0833335,105.250015,31.767193,29.619507
20/07/2024 05:00,0.494025,-6.0833335,105.250015,31.767231,29.723059
20/07/2024 06:00,0.494025,-6.0833335,105.250015,31.767668,29.816828
20/07/2024 07:00,0.494025,-6.0833335,105.250015,31.767986,29.850735
20/07/2024 08:00,0.494025,-6.0833335,105.250015,31.76916,29.802822
20/07/2024 09:00,0.494025,-6.0833335,105.250015,31.774141,29.730965
20/07/2024 10:00,0.494025,-6.0833335,105.250015,31.784433,29.673399
20/07/2024 11:00,0.494025,-6.0833335,105.250015,31.792696,29.627731
20/07/2024 12:00,0.494025,-6.0833335,105.250015,31.801224,29.58992
20/07/2024 13:00,0.494025,-6.0833335,105.250015,31.806911,29.55877
20/07/2024 14:00,0.494025,-6.0833335,105.250015,31.809216,29.532558
20/07/2024 15:00,0.494025,-6.0833335,105.250015,31.809187,29.509348
20/07/2024 16:00,0.494025,-6.0833335,105.250015,31.810402,29.486944
20/07/2024 17:00,0.494025,-6.0833335,105.250015,31.813612,29.465721
20/07/2024 18:00,0.494025,-6.0833335,105.250015,31.816654,29.44533
20/07/2024 19:00,0.494025,-6.0833335,105.250015,31.818108,29.425655
20/07/2024 20:00,0.494025,-6.0833335,105.250015,31.818005,29.406387
20/07/2024 21:00,0.494025,-6.0833335,105.250015,31.81702,29.387972
20/07/2024 22:00,0.494025,-6.0833335,105.250015,31.81555,29.372002
20/07/2024 23:00,0.494025,-6.0833335,105.250015,31.81277,29.36129
21/07/2024 00:00,0.494025,-6.0833335,105.250015,31.809649,29.365301
21/07/2024 01:00,0.494025,-6.0833335,105.250015,31.805319,29.38867
21/07/2024 02:00,0.494025,-6.0833335,105.250015,31.799824,29.443783
21/07/2024 03:00,0.494025,-6.0833335,105.250015,31.794409,29.549103
21/07/2024 04:00,0.494025,-6.0833335,105.250015,31.789722,29.689974
21/07/2024 05:00,0.494025,-6.0833335,105.250015,31.784445,29.783945
21/07/2024 06:00,0.494025,-6.0833335,105.250015,31.779264,29.851286
21/07/2024 07:00,0.494025,-6.0833335,105.250015,31.774353,29.884047
21/07/2024 08:00,0.494025,-6.0833335,105.250015,31.768642,29.837448
21/07/2024 09:00,0.494025,-6.0833335,105.250015,31.763872,29.755312
21/07/2024 10:00,0.494025,-6.0833335,105.250015,31.762442,29.658
21/07/2024 11:00,0.494025,-6.0833335,105.250015,31.770535,29.587282
21/07/2024 12:00,0.494025,-6.0833335,105.250015,31.784088,29.541767
21/07/2024 13:00,0.494025,-6.0833335,105.250015,31.79633,29.508488
21/07/2024 14:00,0.494025,-6.0833335,105.250015,31.807579,29.480524
21/07/2024 15:00,0.494025,-6.0833335,105.250015,31.813513,29.452888
21/07/2024 16:00,0.494025,-6.0833335,105.250015,31.816277,29.425766
21/07/2024 17:00,0.494025,-6.0833335,105.250015,31.817425,29.399311
21/07/2024 18:00,0.494025,-6.0833335,105.250015,31.816277,29.375643
21/07/2024 19:00,0.494025,-6.0833335,105.250015,31.814074,29.35498
21/07/2024 20:00,0.494025,-6.0833335,105.250015,31.812063,29.337831
21/07/2024 21:00,0.494025,-6.0833335,105.250015,31.81258,29.32351
21/07/2024 22:00,0.494025,-6.0833335,105.250015,31.81604,29.30975
21/07/2024 23:00,0.494025,-6.0833335,105.250015,31.818953,29.2953
22/07/2024 00:00,0.494025,-6.0833335,105.250015,31.818441,29.289618
22/07/2024 01:00,0.494025,-6.0833335,105.250015,31.814749,29.301867
22/07/2024 02:00,0.494025,-6.0833335,105.250015,31.8089,29.331146
22/07/2024 03:00,0.494025,-6.0833335,105.250015,31.801777,29.372654
22/07/2024 04:00,0.494025,-6.0833335,105.250015,31.794365,29.419584
22/07/2024 05:00,0.494025,-6.0833335,105.250015,31.787458,29.466942
22/07/2024 06:00,0.494025,-6.0833335,105.250015,31.782217,29.504726
22/07/2024 07:00,0.494025,-6.0833335,105.250015,31.780209,29.527807
22/07/2024 08:00,0.494025,-6.0833335,105.250015,31.779692,29.533184
22/07/2024 09:00,0.494025,-6.0833335,105.250015,31.783651,29.518847
22/07/2024 10:00,0.494025,-6.0833335,105.250015,31.796091,29.49209
22/07/2024 11:00,0.494025,-6.0833335,105.250015,31.81176,29.463804
22/07/2024 12:00,0.494025,-6.0833335,105.250015,31.820074,29.43951
22/07/2024 13:00,0.494025,-6.0833335,105.250015,31.823366,29.416792
22/07/2024 14:00,0.494025,-6.0833335,105.250015,31.8273,29.394674
22/07/2024 15:00,0.494025,-6.0833335,105.250015,31.834654,29.372622
22/07/2024 16:00,0.494025,-6.0833335,105.250015,31.842375,29.351011
22/07/2024 17:00,0.494025,-6.0833335,105.250015,31.849735,29.329632
22/07/2024 18:00,0.494025,-6.0833335,105.250015,31.859339,29.30934
22/07/2024 19:00,0.494025,-6.0833335,105.250015,31.87023,29.289772
22/07/2024 20:00,0.494025,-6.0833335,105.250015,31.879091,29.269848
22/07/2024 21:00,0.494025,-6.0833335,105.250015,31.889338,29.25044
22/07/2024 22:00,0.494025,-6.0833335,105.250015,31.900713,29.230532
22/07/2024 23:00,0.494025,-6.0833335,105.250015,31.908995,29.210762
23/07/2024 00:00,0.494025,-6.0833335,105.250015,31.91439,29.201033
23/07/2024 01:00,0.494025,-6.0833335,105.250015,31.917269,29.207424
23/07/2024 02:00,0.494025,-6.0833335,105.250015,31.916033,29.23059
23/07/2024 03:00,0.494025,-6.0833335,105.250015,31.910023,29.270943
23/07/2024 04:00,0.494025,-6.0833335,105.250015,31.9,29.329662
23/07/2024 05:00,0.494025,-6.0833335,105.250015,31.887077,29.401524
23/07/2024 06:00,0.494025,-6.0833335,105.250015,31.8722,29.465353
23/07/2024 07:00,0.494025,-6.0833335,105.250015,31.856018,29.4967
23/07/2024 08:00,0.494025,-6.0833335,105.250015,31.841496,29.497559
23/07/2024 09:00,0.494025,-6.0833335,105.250015,31.834103,29.477697
23/07/2024 10:00,0.494025,-6.0833335,105.250015,31.829721,29.447742
23/07/2024 11:00,0.494025,-6.0833335,105.250015,31.82164,29.4148
23/07/2024 12:00,0.494025,-6.0833335,105.250015,31.820074,29.381407
23/07/2024 13:00,0.494025,-6.0833335,105.250015,31.822197,29.352097
23/07/2024 14:00,0.494025,-6.0833335,105.250015,31.81815,29.321701
23/07/2024 15:00,0.494025,-6.0833335,105.250015,31.812202,29.290403
23/07/2024 16:00,0.494025,-6.0833335,105.250015,31.811003,29.260147
23/07/2024 17:00,0.494025,-6.0833335,105.250015,31.817083,29.229832
23/07/2024 18:00,0.494025,-6.0833335,105.250015,31.822826,29.2036
23/07/2024 19:00,0.494025,-6.0833335,105.250015,31.82819,29.181934
23/07/2024 20:00,0.494025,-6.0833335,105.250015,31.833939,29.162094
23/07/2024 21:00,0.494025,-6.0833335,105.250015,31.83972,29.142513
23/07/2024 22:00,0.494025,-6.0833335,105.250015,31.843065,29.12259
23/07/2024 23:00,0.494025,-6.0833335,105.250015,31.844465,29.105186
24/07/2024 00:00,0.494025,-6.0833335,105.250015,31.844511,29.098995
24/07/2024 01:00,0.494025,-6.0833335,105.250015,31.84499,29.108282
24/07/2024 02:00,0.494025,-6.0833335,105.250015,31.846972,29.132729
24/07/2024 03:00,0.494025,-6.0833335,105.250015,31.849092,29.170666
24/07/2024 04:00,0.494025,-6.0833335,105.250015,31.851992,29.21514
24/07/2024 05:00,0.494025,-6.0833335,105.250015,31.856583,29.259335
24/07/2024 06:00,0.494025,-6.0833335,105.250015,31.864973,29.297651
24/07/2024 07:00,0.494025,-6.0833335,105.250015,31.877993,29.327007
24/07/2024 08:00,0.494025,-6.0833335,105.250015,31.896006,29.343578
24/07/2024 09:00,0.494025,-6.0833335,105.250015,31.918776,29.34506
24/07/2024 10:00,0.494025,-6.0833335,105.250015,31.9416,29.332403
24/07/2024 11:00,0.494025,-6.0833335,105.250015,31.967503,29.311989
24/07/2024 12:00,0.494025,-6.0833335,105.250015,31.989437,29.288376
24/07/2024 13:00,0.494025,-6.0833335,105.250015,32.00757,29.26486
24/07/2024 14:00,0.494025,-6.0833335,105.250015,32.025185,29.243431
24/07/2024 15:00,0.494025,-6.0833335,105.250015,32.04015,29.224201
24/07/2024 16:00,0.494025,-6.0833335,105.250015,32.054413,29.200443
24/07/2024 17:00,0.494025,-6.0833335,105.250015,32.069263,29.176027
24/07/2024 18:00,0.494025,-6.0833335,105.250015,32.08242,29.151781
24/07/2024 19:00,0.494025,-6.0833335,105.250015,32.093456,29.127802
24/07/2024 20:00,0.494025,-6.0833335,105.250015,32.101788,29.104158
24/07/2024 21:00,0.494025,-6.0833335,105.250015,32.10689,29.081638
24/07/2024 22:00,0.494025,-6.0833335,105.250015,32.10935,29.061049
24/07/2024 23:00,0.494025,-6.0833335,105.250015,32.109245,29.042109
25/07/2024 00:00,0.494025,-6.0833335,105.250015,32.105003,29.03321
25/07/2024 01:00,0.494025,-6.0833335,105.250015,32.095608,29.041395
25/07/2024 02:00,0.494025,-6.0833335,105.250015,32.081455,29.065245
25/07/2024 03:00,0.494025,-6.0833335,105.250015,32.062893,29.108007
25/07/2024 04:00,0.494025,-6.0833335,105.250015,32.040825,29.167288
25/07/2024 05:00,0.494025,-6.0833335,105.250015,32.016304,29.23474
25/07/2024 06:00,0.494025,-6.0833335,105.250015,31.990044,29.303547
25/07/2024 07:00,0.494025,-6.0833335,105.250015,31.962173,29.360172
25/07/2024 08:00,0.494025,-6.0833335,105.250015,31.930733,29.38025
25/07/2024 09:00,0.494025,-6.0833335,105.250015,31.892096,29.364872
25/07/2024 10:00,0.494025,-6.0833335,105.250015,31.857996,29.331816
25/07/2024 11:00,0.494025,-6.0833335,105.250015,31.834026,29.301897
25/07/2024 12:00,0.494025,-6.0833335,105.250015,31.835785,29.27661
25/07/2024 13:00,0.494025,-6.0833335,105.250015,31.849869,29.255808
25/07/2024 14:00,0.494025,-6.0833335,105.250015,31.86197,29.238544
25/07/2024 15:00,0.494025,-6.0833335,105.250015,31.872894,29.221174
25/07/2024 16:00,0.494025,-6.0833335,105.250015,31.88358,29.203867
25/07/2024 17:00,0.494025,-6.0833335,105.250015,31.895176,29.187223
25/07/2024 18:00,0.494025,-6.0833335,105.250015,31.905928,29.171356
25/07/2024 19:00,0.494025,-6.0833335,105.250015,31.916382,29.155197
25/07/2024 20:00,0.494025,-6.0833335,105.250015,31.922281,29.138113
25/07/2024 21:00,0.494025,-6.0833335,105.250015,31.921997,29.121206
25/07/2024 22:00,0.494025,-6.0833335,105.250015,31.919363,29.105286
25/07/2024 23:00,0.494025,-6.0833335,105.250015,31.913595,29.091784
26/07/2024 00:00,0.494025,-6.0833335,105.250015,31.899927,29.089798
26/07/2024 01:00,0.494025,-6.0833335,105.250015,31.883442,29.104115
26/07/2024 02:00,0.494025,-6.0833335,105.250015,31.869461,29.135904
26/07/2024 03:00,0.494025,-6.0833335,105.250015,31.852358,29.198967
26/07/2024 04:00,0.494025,-6.0833335,105.250015,31.83189,29.290064
26/07/2024 05:00,0.494025,-6.0833335,105.250015,31.81914,29.393587
26/07/2024 06:00,0.494025,-6.0833335,105.250015,31.816593,29.514181
26/07/2024 07:00,0.494025,-6.0833335,105.250015,31.814087,29.642889
26/07/2024 08:00,0.494025,-6.0833335,105.250015,31.811985,29.736065
26/07/2024 09:00,0.494025,-6.0833335,105.250015,31.810331,29.746937
26/07/2024 10:00,0.494025,-6.0833335,105.250015,31.80873,29.664677
26/07/2024 11:00,0.494025,-6.0833335,105.250015,31.80758,29.57399
26/07/2024 12:00,0.494025,-6.0833335,105.250015,31.806282,29.493353
26/07/2024 13:00,0.494025,-6.0833335,105.250015,31.805233,29.436283
26/07/2024 14:00,0.494025,-6.0833335,105.250015,31.804188,29.400892
26/07/2024 15:00,0.494025,-6.0833335,105.250015,31.803719,29.374025
26/07/2024 16:00,0.494025,-6.0833335,105.250015,31.804647,29.350498
26/07/2024 17:00,0.494025,-6.0833335,105.250015,31.80643,29.334496
26/07/2024 18:00,0.494025,-6.0833335,105.250015,31.806797,29.321354
26/07/2024 19:00,0.494025,-6.0833335,105.250015,31.806002,29.305315
26/07/2024 20:00,0.494025,-6.0833335,105.250015,31.806316,29.28977
26/07/2024 21:00,0.494025,-6.0833335,105.250015,31.807364,29.272242
26/07/2024 22:00,0.494025,-6.0833335,105.250015,31.808796,29.256227
26/07/2024 23:00,0.494025,-6.0833335,105.250015,31.810617,29.241964
27/07/2024 00:00,0.494025,-6.0833335,105.250015,31.813198,29.239817
27/07/2024 01:00,0.494025,-6.0833335,105.250015,31.816057,29.258137
27/07/2024 02:00,0.494025,-6.0833335,105.250015,31.81829,29.295246
27/07/2024 03:00,0.494025,-6.0833335,105.250015,31.820389,29.348251
27/07/2024 04:00,0.494025,-6.0833335,105.250015,31.822578,29.423094
27/07/2024 05:00,0.494025,-6.0833335,105.250015,31.824936,29.524353
27/07/2024 06:00,0.494025,-6.0833335,105.250015,31.827606,29.642698
27/07/2024 07:00,0.494025,-6.0833335,105.250015,31.829943,29.760569
27/07/2024 08:00,0.494025,-6.0833335,105.250015,31.831818,29.845343
27/07/2024 09:00,0.494025,-6.0833335,105.250015,31.83074,29.808306
27/07/2024 10:00,0.494025,-6.0833335,105.250015,31.828617,29.694252
27/07/2024 11:00,0.494025,-6.0833335,105.250015,31.82764,29.592823
27/07/2024 12:00,0.494025,-6.0833335,105.250015,31.82768,29.523535
27/07/2024 13:00,0.494025,-6.0833335,105.250015,31.826727,29.48035
27/07/2024 14:00,0.494025,-6.0833335,105.250015,31.826,29.43996
27/07/2024 15:00,0.494025,-6.0833335,105.250015,31.823608,29.413048
27/07/2024 16:00,0.494025,-6.0833335,105.250015,31.821144,29.390211
27/07/2024 17:00,0.494025,-6.0833335,105.250015,31.81829,29.369576
27/07/2024 18:00,0.494025,-6.0833335,105.250015,31.815428,29.350586
27/07/2024 19:00,0.494025,-6.0833335,105.250015,31.81574,29.339687
27/07/2024 20:00,0.494025,-6.0833335,105.250015,31.816425,29.34046
27/07/2024 21:00,0.494025,-6.0833335,105.250015,31.816202,29.33644
27/07/2024 22:00,0.494025,-6.0833335,105.250015,31.816547,29.32344
27/07/2024 23:00,0.494025,-6.0833335,105.250015,31.817354,29.315426
28/07/2024 00:00,0.494025,-6.0833335,105.250015,31.817705,29.32019
28/07/2024 01:00,0.494025,-6.0833335,105.250015,31.818695,29.338366
28/07/2024 02:00,0.494025,-6.0833335,105.250015,31.819704,29.371515
28/07/2024 03:00,0.494025,-6.0833335,105.250015,31.820719,29.420856
28/07/2024 04:00,0.494025,-6.0833335,105.250015,31.82174,29.48659
28/07/2024 05:00,0.494025,-6.0833335,105.250015,31.822706,29.567167
28/07/2024 06:00,0.494025,-6.0833335,105.250015,31.823277,29.643642
28/07/2024 07:00,0.494025,-6.0833335,105.250015,31.82379,29.688686
28/07/2024 08:00,0.494025,-6.0833335,105.250015,31.825123,29.684286
28/07/2024 09:00,0.494025,-6.0833335,105.250015,31.831177,29.64923
28/07/2024 10:00,0.494025,-6.0833335,105.250015,31.841108,29.604233
28/07/2024 11:00,0.494025,-6.0833335,105.250015,31.850122,29.559298
28/07/2024 12:00,0.494025,-6.0833335,105.250015,31.856705,29.519997
28/07/2024 13:00,0.494025,-6.0833335,105.250015,31.860477,29.48918
28/07/2024 14:00,0.494025,-6.0833335,105.250015,31.860308,29.465246
28/07/2024 15:00,0.494025,-6.0833335,105.250015,31.858776,29.444128
28/07/2024 16:00,0.494025,-6.0833335,105.250015,31.857777,29.423615
28/07/2024 17:00,0.494025,-6.0833335,105.250015,31.855614,29.404226
28/07/2024 18:00,0.494025,-6.0833335,105.250015,31.850035,29.386282
28/07/2024 19:00,0.494025,-6.0833335,105.250015,31.84407,29.370628
28/07/2024 20:00,0.494025,-6.0833335,105.250015,31.843721,29.35891
28/07/2024 21:00,0.494025,-6.0833335,105.250015,31.844233,29.35016
28/07/2024 22:00,0.494025,-6.0833335,105.250015,31.84471,29.341518
28/07/2024 23:00,0.494025,-6.0833335,105.250015,31.845747,29.333647
29/07/2024 00:00,0.494025,-6.0833335,105.250015,31.846563,29.335194
29/07/2024 01:00,0.494025,-6.0833335,105.250015,31.846573,29.350918
29/07/2024 02:00,0.494025,-6.0833335,105.250015,31.845186,29.3824
29/07/2024 03:00,0.494025,-6.0833335,105.250015,31.843063,29.431303
29/07/2024 04:00,0.494025,-6.0833335,105.250015,31.841206,29.505766
29/07/2024 05:00,0.494025,-6.0833335,105.250015,31.839766,29.611237
29/07/2024 06:00,0.494025,-6.0833335,105.250015,31.838032,29.715357
29/07/2024 07:00,0.494025,-6.0833335,105.250015,31.836416,29.756166
29/07/2024 08:00,0.494025,-6.0833335,105.250015,31.835587,29.70744
29/07/2024 09:00,0.494025,-6.0833335,105.250015,31.835262,29.623161
29/07/2024 10:00,0.494025,-6.0833335,105.250015,31.836706,29.546305
29/07/2024 11:00,0.494025,-6.0833335,105.250015,31.84236,29.480417
29/07/2024 12:00,0.494025,-6.0833335,105.250015,31.8497,29.42743
29/07/2024 13:00,0.494025,-6.0833335,105.250015,31.857187,29.386574
29/07/2024 14:00,0.494025,-6.0833335,105.250015,31.85862,29.360992
29/07/2024 15:00,0.494025,-6.0833335,105.250015,31.858185,29.341656
29/07/2024 16:00,0.494025,-6.0833335,105.250015,31.858957,29.32487
29/07/2024 17:00,0.494025,-6.0833335,105.250015,31.860554,29.310167
29/07/2024 18:00,0.494025,-6.0833335,105.250015,31.86196,29.297516
29/07/2024 19:00,0.494025,-6.0833335,105.250015,31.86109,29.287384
29/07/2024 20:00,0.494025,-6.0833335,105.250015,31.856934,29.280437
29/07/2024 21:00,0.494025,-6.0833335,105.250015,31.850433,29.275278
29/07/2024 22:00,0.494025,-6.0833335,105.250015,31.843906,29.270905
29/07/2024 23:00,0.494025,-6.0833335,105.250015,31.839909,29.267605
30/07/2024 00:00,0.494025,-6.0833335,105.250015,31.83877,29.27574
30/07/2024 01:00,0.494025,-6.0833335,105.250015,31.838373,29.303274
30/07/2024 02:00,0.494025,-6.0833335,105.250015,31.838127,29.348171
30/07/2024 03:00,0.494025,-6.0833335,105.250015,31.837889,29.411804
30/07/2024 04:00,0.494025,-6.0833335,105.250015,31.837906,29.499535
30/07/2024 05:00,0.494025,-6.0833335,105.250015,31.837458,29.613195
30/07/2024 06:00,0.494025,-6.0833335,105.250015,31.83613,29.75656
30/07/2024 07:00,0.494025,-6.0833335,105.250015,31.834993,29.880861
30/07/2024 08:00,0.494025,-6.0833335,105.250015,31.834108,29.86308
30/07/2024 09:00,0.494025,-6.0833335,105.250015,31.833416,29.767078
30/07/2024 10:00,0.494025,-6.0833335,105.250015,31.83432,29.671299
30/07/2024 11:00,0.494025,-6.0833335,105.250015,31.843954,29.594713
30/07/2024 12:00,0.494025,-6.0833335,105.250015,31.849207,29.541538
30/07/2024 13:00,0.494025,-6.0833335,105.250015,31.859846,29.489378
30/07/2024 14:00,0.494025,-6.0833335,105.250015,31.864725,29.453089
30/07/2024 15:00,0.494025,-6.0833335,105.250015,31.869122,29.42292
30/07/2024 16:00,0.494025,-6.0833335,105.250015,31.871475,29.398045
30/07/2024 17:00,0.494025,-6.0833335,105.250015,31.871008,29.378468
30/07/2024 18:00,0.494025,-6.0833335,105.250015,31.868763,29.362349
30/07/2024 19:00,0.494025,-6.0833335,105.250015,31.863768,29.348845
30/07/2024 20:00,0.494025,-6.0833335,105.250015,31.855303,29.33863
30/07/2024 21:00,0.494025,-6.0833335,105.250015,31.846203,29.331474
30/07/2024 22:00,0.494025,-6.0833335,105.250015,31.838327,29.3254
30/07/2024 23:00,0.494025,-6.0833335,105.250015,31.832745,29.321533
31/07/2024 00:00,0.494025,-6.0833335,105.250015,31.82984,29.332336
31/07/2024 01:00,0.494025,-6.0833335,105.250015,31.826262,29.364567
31/07/2024 02:00,0.494025,-6.0833335,105.250015,31.82262,29.41474
31/07/2024 03:00,0.494025,-6.0833335,105.250015,31.819784,29.482847
31/07/2024 04:00,0.494025,-6.0833335,105.250015,31.816444,29.582676
31/07/2024 05:00,0.494025,-6.0833335,105.250015,31.813309,29.730507
31/07/2024 06:00,0.494025,-6.0833335,105.250015,31.813461,29.924744
31/07/2024 07:00,0.494025,-6.0833335,105.250015,31.814539,30.027182
31/07/2024 08:00,0.494025,-6.0833335,105.250015,31.814814,29.960339
31/07/2024 09:00,0.494025,-6.0833335,105.250015,31.813633,29.836758
31/07/2024 10:00,0.494025,-6.0833335,105.250015,31.81752,29.721151
31/07/2024 11:00,0.494025,-6.0833335,105.250015,31.827812,29.636236
31/07/2024 12:00,0.494025,-6.0833335,105.250015,31.832996,29.569939
31/07/2024 13:00,0.494025,-6.0833335,105.250015,31.832798,29.52244
31/07/2024 14:00,0.494025,-6.0833335,105.250015,31.833181,29.48372
31/07/2024 15:00,0.494025,-6.0833335,105.250015,31.837025,29.447289
31/07/2024 16:00,0.494025,-6.0833335,105.250015,31.837158,29.41674
31/07/2024 17:00,0.494025,-6.0833335,105.250015,31.83355,29.389385
31/07/2024 18:00,0.494025,-6.0833335,105.250015,31.83276,29.363146
31/07/2024 19:00,0.494025,-6.0833335,105.250015,31.835018,29.339453
31/07/2024 20:00,0.494025,-6.0833335,105.250015,31.83666,29.319103
31/07/2024 21:00,0.494025,-6.0833335,105.250015,31.836851,29.30096
31/07/2024 22:00,0.494025,-6.0833335,105.250015,31.836271,29.283762
31/07/2024 23:00,0.494025,-6.0833335,105.250015,31.83702,29.269241
01/08/2024 00:00,0.494025,-6.0833335,105.250015,31.838009,29.26617
01/08/2024 01:00,0.494025,-6.0833335,105.250015,31.839638,29.27914
01/08/2024 02:00,0.494025,-6.0833335,105.250015,31.840168,29.308723
01/08/2024 03:00,0.494025,-6.0833335,105.250015,31.838636,29.35545
01/08/2024 04:00,0.494025,-6.0833335,105.250015,31.837816,29.41316
01/08/2024 05:00,0.494025,-6.0833335,105.250015,31.838278,29.471453
01/08/2024 06:00,0.494025,-6.0833335,105.250015,31.839064,29.526306
01/08/2024 07:00,0.494025,-6.0833335,105.250015,31.840824,29.565107
01/08/2024 08:00,0.494025,-6.0833335,105.250015,31.846039,29.578415
01/08/2024 09:00,0.494025,-6.0833335,105.250015,31.85687,29.561886
01/08/2024 10:00,0.494025,-6.0833335,105.250015,31.87362,29.518677
01/08/2024 11:00,0.494025,-6.0833335,105.250015,31.892025,29.465816
01/08/2024 12:00,0.494025,-6.0833335,105.250015,31.901379,29.429321
01/08/2024 13:00,0.494025,-6.0833335,105.250015,31.90461,29.40239
01/08/2024 14:00,0.494025,-6.0833335,105.250015,31.908758,29.375795
01/08/2024 15:00,0.494025,-6.0833335,105.250015,31.918434,29.34613
01/08/2024 16:00,0.494025,-6.0833335,105.250015,31.92671,29.318459
01/08/2024 17:00,0.494025,-6.0833335,105.250015,31.932377,29.292765
01/08/2024 18:00,0.494025,-6.0833335,105.250015,31.936718,29.267252
01/08/2024 19:00,0.494025,-6.0833335,105.250015,31.942183,29.240646
01/08/2024 20:00,0.494025,-6.0833335,105.250015,31.948559,29.21578
01/08/2024 21:00,0.494025,-6.0833335,105.250015,31.947355,29.197815
01/08/2024 22:00,0.494025,-6.0833335,105.250015,31.941973,29.18301
01/08/2024 23:00,0.494025,-6.0833335,105.250015,31.937214,29.171581
02/08/2024 00:00,0.494025,-6.0833335,105.250015,31.928299,29.17641
02/08/2024 01:00,0.494025,-6.0833335,105.250015,31.918056,29.202631
02/08/2024 02:00,0.494025,-6.0833335,105.250015,31.90684,29.249517
02/08/2024 03:00,0.494025,-6.0833335,105.250015,31.893162,29.31833
02/08/2024 04:00,0.494025,-6.0833335,105.250015,31.879213,29.405043
02/08/2024 05:00,0.494025,-6.0833335,105.250015,31.868372,29.49603
02/08/2024 06:00,0.494025,-6.0833335,105.250015,31.865404,29.5724
02/08/2024 07:00,0.494025,-6.0833335,105.250015,31.865227,29.626442
02/08/2024 08:00,0.494025,-6.0833335,105.250015,31.864515,29.66016
02/08/2024 09:00,0.494025,-6.0833335,105.250015,31.863749,29.666325
02/08/2024 10:00,0.494025,-6.0833335,105.250015,31.862925,29.638258
02/08/2024 11:00,0.494025,-6.0833335,105.250015,31.862528,29.591019
02/08/2024 12:00,0.494025,-6.0833335,105.250015,31.8555,29.546902
02/08/2024 13:00,0.494025,-6.0833335,105.250015,31.850134,29.511856
02/08/2024 14:00,0.494025,-6.0833335,105.250015,31.844198,29.482119
02/08/2024 15:00,0.494025,-6.0833335,105.250015,31.838997,29.455242
02/08/2024 16:00,0.494025,-6.0833335,105.250015,31.839487,29.43336
02/08/2024 17:00,0.494025,-6.0833335,105.250015,31.840168,29.413475
02/08/2024 18:00,0.494025,-6.0833335,105.250015,31.83994,29.397694
02/08/2024 19:00,0.494025,-6.0833335,105.250015,31.83919,29.385067
02/08/2024 20:00,0.494025,-6.0833335,105.250015,31.838285,29.374218
02/08/2024 21:00,0.494025,-6.0833335,105.250015,31.837456,29.361923
02/08/2024 22:00,0.494025,-6.0833335,105.250015,31.836948,29.346884
02/08/2024 23:00,0.494025,-6.0833335,105.250015,31.836906,29.33203
03/08/2024 00:00,0.494025,-6.0833335,105.250015,31.836843,29.330803
03/08/2024 01:00,0.494025,-6.0833335,105.250015,31.83632,29.35311
03/08/2024 02:00,0.494025,-6.0833335,105.250015,31.834972,29.397057
03/08/2024 03:00,0.494025,-6.0833335,105.250015,31.832636,29.46089
03/08/2024 04:00,0.494025,-6.0833335,105.250015,31.82951,29.536858
03/08/2024 05:00,0.494025,-6.0833335,105.250015,31.825724,29.620464
03/08/2024 06:00,0.494025,-6.0833335,105.250015,31.822166,29.699978
03/08/2024 07:00,0.494025,-6.0833335,105.250015,31.818014,29.768938
03/08/2024 08:00,0.494025,-6.0833335,105.250015,31.812954,29.799147
03/08/2024 09:00,0.494025,-6.0833335,105.250015,31.810688,29.783249
03/08/2024 10:00,0.494025,-6.0833335,105.250015,31.810644,29.740122
03/08/2024 11:00,0.494025,-6.0833335,105.250015,31.81139,29.68614
03/08/2024 12:00,0.494025,-6.0833335,105.250015,31.812721,29.623508
03/08/2024 13:00,0.494025,-6.0833335,105.250015,31.816185,29.55575
03/08/2024 14:00,0.494025,-6.0833335,105.250015,31.820068,29.504503
03/08/2024 15:00,0.494025,-6.0833335,105.250015,31.820702,29.470705
03/08/2024 16:00,0.494025,-6.0833335,105.250015,31.816927,29.448034
03/08/2024 17:00,0.494025,-6.0833335,105.250015,31.815054,29.432173
03/08/2024 18:00,0.494025,-6.0833335,105.250015,31.816517,29.421219
03/08/2024 19:00,0.494025,-6.0833335,105.250015,31.816662,29.409283
03/08/2024 20:00,0.494025,-6.0833335,105.250015,31.81672,29.393887
03/08/2024 21:00,0.494025,-6.0833335,105.250015,31.816648,29.376997
03/08/2024 22:00,0.494025,-6.0833335,105.250015,31.817574,29.360937
03/08/2024 23:00,0.494025,-6.0833335,105.250015,31.81966,29.347698
04/08/2024 00:00,0.494025,-6.0833335,105.250015,31.82128,29.349422
04/08/2024 01:00,0.494025,-6.0833335,105.250015,31.820917,29.36373
04/08/2024 02:00,0.494025,-6.0833335,105.250015,31.81881,29.399439
04/08/2024 03:00,0.494025,-6.0833335,105.250015,31.818375,29.464033
04/08/2024 04:00,0.494025,-6.0833335,105.250015,31.818195,29.540522
04/08/2024 05:00,0.494025,-6.0833335,105.250015,31.819984,29.601559
04/08/2024 06:00,0.494025,-6.0833335,105.250015,31.827616,29.630322
04/08/2024 07:00,0.494025,-6.0833335,105.250015,31.839218,29.63433
04/08/2024 08:00,0.494025,-6.0833335,105.250015,31.852764,29.611723
04/08/2024 09:00,0.494025,-6.0833335,105.250015,31.865337,29.572498
04/08/2024 10:00,0.494025,-6.0833335,105.250015,31.87556,29.52493
04/08/2024 11:00,0.494025,-6.0833335,105.250015,31.88447,29.479897
04/08/2024 12:00,0.494025,-6.0833335,105.250015,31.891766,29.441284
04/08/2024 13:00,0.494025,-6.0833335,105.250015,31.897459,29.407066
04/08/2024 14:00,0.494025,-6.0833335,105.250015,31.907751,29.370447
04/08/2024 15:00,0.494025,-6.0833335,105.250015,31.92093,29.3349
04/08/2024 16:00,0.494025,-6.0833335,105.250015,31.930021,29.308037
04/08/2024 17:00,0.494025,-6.0833335,105.250015,31.933538,29.288895
04/08/2024 18:00,0.494025,-6.0833335,105.250015,31.933052,29.272743
04/08/2024 19:00,0.494025,-6.0833335,105.250015,31.928738,29.257711
04/08/2024 20:00,0.494025,-6.0833335,105.250015,31.921848,29.245352
04/08/2024 21:00,0.494025,-6.0833335,105.250015,31.921711,29.22727
04/08/2024 22:00,0.494025,-6.0833335,105.250015,31.919357,29.20958
04/08/2024 23:00,0.494025,-6.0833335,105.250015,31.914179,29.194864
05/08/2024 00:00,0.494025,-6.0833335,105.250015,31.901274,29.196692
05/08/2024 01:00,0.494025,-6.0833335,105.250015,31.885004,29.226627
05/08/2024 02:00,0.494025,-6.0833335,105.250015,31.8687,29.27457
05/08/2024 03:00,0.494025,-6.0833335,105.250015,31.851227,29.341335
05/08/2024 04:00,0.494025,-6.0833335,105.250015,31.842045,29.431652
05/08/2024 05:00,0.494025,-6.0833335,105.250015,31.84123,29.554369
05/08/2024 06:00,0.494025,-6.0833335,105.250015,31.839613,29.721575
05/08/2024 07:00,0.494025,-6.0833335,105.250015,31.837961,29.89922
05/08/2024 08:00,0.494025,-6.0833335,105.250015,31.836226,30.004515
05/08/2024 09:00,0.494025,-6.0833335,105.250015,31.834581,29.94134
05/08/2024 10:00,0.494025,-6.0833335,105.250015,31.833155,29.803064
05/08/2024 11:00,0.494025,-6.0833335,105.250015,31.832096,29.701176
05/08/2024 12:00,0.494025,-6.0833335,105.250015,31.831087,29.637049
05/08/2024 13:00,0.494025,-6.0833335,105.250015,31.83016,29.580898
05/08/2024 14:00,0.494025,-6.0833335,105.250015,31.831251,29.526707
05/08/2024 15:00,0.494025,-6.0833335,105.250015,31.834642,29.480232
05/08/2024 16:00,0.494025,-6.0833335,105.250015,31.83548,29.442202
05/08/2024 17:00,0.494025,-6.0833335,105.250015,31.833563,29.412542
05/08/2024 18:00,0.494025,-6.0833335,105.250015,31.831266,29.389177
05/08/2024 19:00,0.494025,-6.0833335,105.250015,31.829247,29.368845
05/08/2024 20:00,0.494025,-6.0833335,105.250015,31.828127,29.34981
05/08/2024 21:00,0.494025,-6.0833335,105.250015,31.82885,29.331
05/08/2024 22:00,0.494025,-6.0833335,105.250015,31.830599,29.313091
05/08/2024 23:00,0.494025,-6.0833335,105.250015,31.832127,29.296814
06/08/2024 00:00,0.494025,-6.0833335,105.250015,31.831518,29.297798
06/08/2024 01:00,0.494025,-6.0833335,105.250015,31.830368,29.320938
06/08/2024 02:00,0.494025,-6.0833335,105.250015,31.829626,29.36027
06/08/2024 03:00,0.494025,-6.0833335,105.250015,31.82913,29.425201
06/08/2024 04:00,0.494025,-6.0833335,105.250015,31.829187,29.534021
06/08/2024 05:00,0.494025,-6.0833335,105.250015,31.829737,29.679806
06/08/2024 06:00,0.494025,-6.0833335,105.250015,31.830734,29.840847
06/08/2024 07:00,0.494025,-6.0833335,105.250015,31.831545,29.949827
06/08/2024 08:00,0.494025,-6.0833335,105.250015,31.830082,29.939955
06/08/2024 09:00,0.494025,-6.0833335,105.250015,31.827888,29.86769
06/08/2024 10:00,0.494025,-6.0833335,105.250015,31.825588,29.76678
06/08/2024 11:00,0.494025,-6.0833335,105.250015,31.826387,29.652533
06/08/2024 12:00,0.494025,-6.0833335,105.250015,31.832197,29.56864
06/08/2024 13:00,0.494025,-6.0833335,105.250015,31.8374,29.507542
06/08/2024 14:00,0.494025,-6.0833335,105.250015,31.841589,29.451292
06/08/2024 15:00,0.494025,-6.0833335,105.250015,31.841267,29.41816
06/08/2024 16:00,0.494025,-6.0833335,105.250015,31.838078,29.401207
06/08/2024 17:00,0.494025,-6.0833335,105.250015,31.834728,29.385637
06/08/2024 18:00,0.494025,-6.0833335,105.250015,31.833641,29.369534
06/08/2024 19:00,0.494025,-6.0833335,105.250015,31.834564,29.353622
06/08/2024 20:00,0.494025,-6.0833335,105.250015,31.835865,29.336481
06/08/2024 21:00,0.494025,-6.0833335,105.250015,31.838358,29.316566
06/08/2024 22:00,0.494025,-6.0833335,105.250015,31.842506,29.295046
06/08/2024 23:00,0.494025,-6.0833335,105.250015,31.847546,29.275759
07/08/2024 00:00,0.494025,-6.0833335,105.250015,31.85221,29.269318
07/08/2024 01:00,0.494025,-6.0833335,105.250015,31.85497,29.281765
07/08/2024 02:00,0.494025,-6.0833335,105.250015,31.855556,29.317617
07/08/2024 03:00,0.494025,-6.0833335,105.250015,31.853622,29.382488
07/08/2024 04:00,0.494025,-6.0833335,105.250015,31.849852,29.468145
07/08/2024 05:00,0.494025,-6.0833335,105.250015,31.844637,29.569344
07/08/2024 06:00,0.494025,-6.0833335,105.250015,31.83876,29.668068
07/08/2024 07:00,0.494025,-6.0833335,105.250015,31.833265,29.740114
07/08/2024 08:00,0.494025,-6.0833335,105.250015,31.82696,29.770842
07/08/2024 09:00,0.494025,-6.0833335,105.250015,31.820103,29.750912
07/08/2024 10:00,0.494025,-6.0833335,105.250015,31.81453,29.694078
07/08/2024 11:00,0.494025,-6.0833335,105.250015,31.809935,29.647074
07/08/2024 12:00,0.494025,-6.0833335,105.250015,31.808136,29.60513
07/08/2024 13:00,0.494025,-6.0833335,105.250015,31.809898,29.563677
07/08/2024 14:00,0.494025,-6.0833335,105.250015,31.807974,29.532082
07/08/2024 15:00,0.494025,-6.0833335,105.250015,31.80296,29.509302
07/08/2024 16:00,0.494025,-6.0833335,105.250015,31.799707,29.491528
07/08/2024 17:00,0.494025,-6.0833335,105.250015,31.798595,29.476665
07/08/2024 18:00,0.494025,-6.0833335,105.250015,31.796745,29.463955
07/08/2024 19:00,0.494025,-6.0833335,105.250015,31.795324,29.45255
07/08/2024 20:00,0.494025,-6.0833335,105.250015,31.795422,29.440907
07/08/2024 21:00,0.494025,-6.0833335,105.250015,31.796167,29.42758
07/08/2024 22:00,0.494025,-6.0833335,105.250015,31.797405,29.41135
07/08/2024 23:00,0.494025,-6.0833335,105.250015,31.798372,29.394705
08/08/2024 00:00,0.494025,-6.0833335,105.250015,31.795235,29.387018
08/08/2024 01:00,0.494025,-6.0833335,105.250015,31.791464,29.397243
08/08/2024 02:00,0.494025,-6.0833335,105.250015,31.78729,29.422363
08/08/2024 03:00,0.494025,-6.0833335,105.250015,31.784752,29.461452
08/08/2024 04:00,0.494025,-6.0833335,105.250015,31.783676,29.582367
08/08/2024 05:00,0.494025,-6.0833335,105.250015,31.783762,29.79735
08/08/2024 06:00,0.494025,-6.0833335,105.250015,31.784983,29.967403
08/08/2024 07:00,0.494025,-6.0833335,105.250015,31.78667,30.038122
08/08/2024 08:00,0.494025,-6.0833335,105.250015,31.787498,30.02463
08/08/2024 09:00,0.494025,-6.0833335,105.250015,31.787142,29.980982
08/08/2024 10:00,0.494025,-6.0833335,105.250015,31.78439,29.89364
08/08/2024 11:00,0.494025,-6.0833335,105.250015,31.782463,29.80104
08/08/2024 12:00,0.494025,-6.0833335,105.250015,31.7798,29.730137
08/08/2024 13:00,0.494025,-6.0833335,105.250015,31.778744,29.67175
08/08/2024 14:00,0.494025,-6.0833335,105.250015,31.779634,29.623951
08/08/2024 15:00,0.494025,-6.0833335,105.250015,31.778467,29.5897
08/08/2024 16:00,0.494025,-6.0833335,105.250015,31.776482,29.573984
08/08/2024 17:00,0.494025,-6.0833335,105.250015,31.775957,29.567156
08/08/2024 18:00,0.494025,-6.0833335,105.250015,31.775982,29.55117
08/08/2024 19:00,0.494025,-6.0833335,105.250015,31.77618,29.530903
08/08/2024 20:00,0.494025,-6.0833335,105.250015,31.777088,29.511894
08/08/2024 21:00,0.494025,-6.0833335,105.250015,31.778276,29.493586
08/08/2024 22:00,0.494025,-6.0833335,105.250015,31.780245,29.472878
08/08/2024 23:00,0.494025,-6.0833335,105.250015,31.78364,29.453352
09/08/2024 00:00,0.494025,-6.0833335,105.250015,31.789127,29.44414
09/08/2024 01:00,0.494025,-6.0833335,105.250015,31.794172,29.454086
09/08/2024 02:00,0.494025,-6.0833335,105.250015,31.797344,29.486506
09/08/2024 03:00,0.494025,-6.0833335,105.250015,31.798882,29.543264
09/08/2024 04:00,0.494025,-6.0833335,105.250015,31.799902,29.620607
09/08/2024 05:00,0.494025,-6.0833335,105.250015,31.801537,29.71803
09/08/2024 06:00,0.494025,-6.0833335,105.250015,31.803547,29.809114
09/08/2024 07:00,0.494025,-6.0833335,105.250015,31.80571,29.830524
09/08/2024 08:00,0.494025,-6.0833335,105.250015,31.80903,29.807983
09/08/2024 09:00,0.494025,-6.0833335,105.250015,31.812304,29.781153
09/08/2024 10:00,0.494025,-6.0833335,105.250015,31.817904,29.722466
09/08/2024 11:00,0.494025,-6.0833335,105.250015,31.823357,29.65501
09/08/2024 12:00,0.494025,-6.0833335,105.250015,31.829237,29.583124
09/08/2024 13:00,0.494025,-6.0833335,105.250015,31.832348,29.536478
09/08/2024 14:00,0.494025,-6.0833335,105.250015,31.836454,29.50514
09/08/2024 15:00,0.494025,-6.0833335,105.250015,31.836336,29.487892
09/08/2024 16:00,0.494025,-6.0833335,105.250015,31.835457,29.47445
09/08/2024 17:00,0.494025,-6.0833335,105.250015,31.835104,29.462273
09/08/2024 18:00,0.494025,-6.0833335,105.250015,31.8352,29.44942
09/08/2024 19:00,0.494025,-6.0833335,105.250015,31.835306,29.436428
09/08/2024 20:00,0.494025,-6.0833335,105.250015,31.835484,29.425861
09/08/2024 21:00,0.494025,-6.0833335,105.250015,31.835884,29.414848
09/08/2024 22:00,0.494025,-6.0833335,105.250015,31.835968,29.402977
09/08/2024 23:00,0.494025,-6.0833335,105.250015,31.835379,29.395025
10/08/2024 00:00,0.494025,-6.0833335,105.250015,31.833551,29.397383
10/08/2024 01:00,0.494025,-6.0833335,105.250015,31.831337,29.414755
10/08/2024 02:00,0.494025,-6.0833335,105.250015,31.826921,29.4524
10/08/2024 03:00,0.494025,-6.0833335,105.250015,31.824383,29.566805
10/08/2024 04:00,0.494025,-6.0833335,105.250015,31.824774,29.78562
10/08/2024 05:00,0.494025,-6.0833335,105.250015,31.824902,30.012493
10/08/2024 06:00,0.494025,-6.0833335,105.250015,31.82502,30.212534
10/08/2024 07:00,0.494025,-6.0833335,105.250015,31.825287,30.351517
10/08/2024 08:00,0.494025,-6.0833335,105.250015,31.825703,30.364605
10/08/2024 09:00,0.494025,-6.0833335,105.250015,31.825417,30.096867
10/08/2024 10:00,0.494025,-6.0833335,105.250015,31.82433,29.86537
10/08/2024 11:00,0.494025,-6.0833335,105.250015,31.82341,29.725714
10/08/2024 12:00,0.494025,-6.0833335,105.250015,31.823479,29.644947
10/08/2024 13:00,0.494025,-6.0833335,105.250015,31.825092,29.590609
10/08/2024 14:00,0.494025,-6.0833335,105.250015,31.828161,29.546906
10/08/2024 15:00,0.494025,-6.0833335,105.250015,31.830036,29.51622
10/08/2024 16:00,0.494025,-6.0833335,105.250015,31.825111,29.488377
10/08/2024 17:00,0.494025,-6.0833335,105.250015,31.81148,29.458422
10/08/2024 18:00,0.494025,-6.0833335,105.250015,31.808561,29.434555
10/08/2024 19:00,0.494025,-6.0833335,105.250015,31.816483,29.422514
10/08/2024 20:00,0.494025,-6.0833335,105.250015,31.820675,29.400347
10/08/2024 21:00,0.494025,-6.0833335,105.250015,31.824995,29.378395
10/08/2024 22:00,0.494025,-6.0833335,105.250015,31.829077,29.36568
10/08/2024 23:00,0.494025,-6.0833335,105.250015,31.830338,29.352255
11/08/2024 00:00,0.494025,-6.0833335,105.250015,31.829895,29.364326
11/08/2024 01:00,0.494025,-6.0833335,105.250015,31.829653,29.386509
11/08/2024 02:00,0.494025,-6.0833335,105.250015,31.82945,29.431198
11/08/2024 03:00,0.494025,-6.0833335,105.250015,31.82919,29.495815
11/08/2024 04:00,0.494025,-6.0833335,105.250015,31.828962,29.58215
11/08/2024 05:00,0.494025,-6.0833335,105.250015,31.828552,29.669966
11/08/2024 06:00,0.494025,-6.0833335,105.250015,31.827402,29.718807
11/08/2024 07:00,0.494025,-6.0833335,105.250015,31.82543,29.719114
11/08/2024 08:00,0.494025,-6.0833335,105.250015,31.823929,29.676924
11/08/2024 09:00,0.494025,-6.0833335,105.250015,31.82499,29.624708
11/08/2024 10:00,0.494025,-6.0833335,105.250015,31.831968,29.560368
11/08/2024 11:00,0.494025,-6.0833335,105.250015,31.842726,29.498926
11/08/2024 12:00,0.494025,-6.0833335,105.250015,31.855453,29.446161
11/08/2024 13:00,0.494025,-6.0833335,105.250015,31.863188,29.41286
11/08/2024 14:00,0.494025,-6.0833335,105.250015,31.86775,29.387173
11/08/2024 15:00,0.494025,-6.0833335,105.250015,31.872578,29.361727
11/08/2024 16:00,0.494025,-6.0833335,105.250015,31.877249,29.332914
11/08/2024 17:00,0.494025,-6.0833335,105.250015,31.882196,29.30522
11/08/2024 18:00,0.494025,-6.0833335,105.250015,31.888657,29.276512
11/08/2024 19:00,0.494025,-6.0833335,105.250015,31.895756,29.247597
11/08/2024 20:00,0.494025,-6.0833335,105.250015,31.902872,29.219542
11/08/2024 21:00,0.494025,-6.0833335,105.250015,31.909737,29.191631
11/08/2024 22:00,0.494025,-6.0833335,105.250015,31.91628,29.163885
11/08/2024 23:00,0.494025,-6.0833335,105.250015,31.92073,29.140945
12/08/2024 00:00,0.494025,-6.0833335,105.250015,31.923548,29.129969
12/08/2024 01:00,0.494025,-6.0833335,105.250015,31.925905,29.135662
12/08/2024 02:00,0.494025,-6.0833335,105.250015,31.925224,29.163403
12/08/2024 03:00,0.494025,-6.0833335,105.250015,31.918964,29.213715
12/08/2024 04:00,0.494025,-6.0833335,105.250015,31.90616,29.27342
12/08/2024 05:00,0.494025,-6.0833335,105.250015,31.890642,29.349356
12/08/2024 06:00,0.494025,-6.0833335,105.250015,31.877026,29.459837
12/08/2024 07:00,0.494025,-6.0833335,105.250015,31.86488,29.571218
12/08/2024 08:00,0.494025,-6.0833335,105.250015,31.853308,29.623016
12/08/2024 09:00,0.494025,-6.0833335,105.250015,31.846252,29.602821
12/08/2024 10:00,0.494025,-6.0833335,105.250015,31.846252,29.564346
12/08/2024 11:00,0.494025,-6.0833335,105.250015,31.846712,29.538034
12/08/2024 12:00,0.494025,-6.0833335,105.250015,31.84624,29.531105
12/08/2024 13:00,0.494025,-6.0833335,105.250015,31.84618,29.51924
12/08/2024 14:00,0.494025,-6.0833335,105.250015,31.84635,29.4972
12/08/2024 15:00,0.494025,-6.0833335,105.250015,31.846506,29.477222
12/08/2024 16:00,0.494025,-6.0833335,105.250015,31.846678,29.457378
12/08/2024 17:00,0.494025,-6.0833335,105.250015,31.846367,29.434647
12/08/2024 18:00,0.494025,-6.0833335,105.250015,31.844997,29.411577
12/08/2024 19:00,0.494025,-6.0833335,105.250015,31.843676,29.38724
12/08/2024 20:00,0.494025,-6.0833335,105.250015,31.844395,29.35589
12/08/2024 21:00,0.494025,-6.0833335,105.250015,31.847382,29.314943
12/08/2024 22:00,0.494025,-6.0833335,105.250015,31.8516,29.270462
12/08/2024 23:00,0.494025,-6.0833335,105.250015,31.855194,29.232618
13/08/2024 00:00,0.494025,-6.0833335,105.250015,31.856792,29.214272
13/08/2024 01:00,0.494025,-6.0833335,105.250015,31.856575,29.22304
13/08/2024 02:00,0.494025,-6.0833335,105.250015,31.85491,29.25578
13/08/2024 03:00,0.494025,-6.0833335,105.250015,31.850994,29.315876
13/08/2024 04:00,0.494025,-6.0833335,105.250015,31.845383,29.391035
13/08/2024 05:00,0.494025,-6.0833335,105.250015,31.838985,29.466719
13/08/2024 06:00,0.494025,-6.0833335,105.250015,31.832888,29.529085
13/08/2024 07:00,0.494025,-6.0833335,105.250015,31.83003,29.561518
13/08/2024 08:00,0.494025,-6.0833335,105.250015,31.832636,29.560198
13/08/2024 09:00,0.494025,-6.0833335,105.250015,31.842112,29.525517
13/08/2024 10:00,0.494025,-6.0833335,105.250015,31.854176,29.470127
13/08/2024 11:00,0.494025,-6.0833335,105.250015,31.8621,29.413927
13/08/2024 12:00,0.494025,-6.0833335,105.250015,31.866049,29.368628
13/08/2024 13:00,0.494025,-6.0833335,105.250015,31.865639,29.33372
13/08/2024 14:00,0.494025,-6.0833335,105.250015,31.861801,29.310568
13/08/2024 15:00,0.494025,-6.0833335,105.250015,31.85475,29.296322
13/08/2024 16:00,0.494025,-6.0833335,105.250015,31.845638,29.28794
13/08/2024 17:00,0.494025,-6.0833335,105.250015,31.835749,29.281242
13/08/2024 18:00,0.494025,-6.0833335,105.250015,31.825718,29.277174
13/08/2024 19:00,0.494025,-6.0833335,105.250015,31.81677,29.277042
13/08/2024 20:00,0.494025,-6.0833335,105.250015,31.813543,29.276592
13/08/2024 21:00,0.494025,-6.0833335,105.250015,31.812641,29.27136
13/08/2024 22:00,0.494025,-6.0833335,105.250015,31.813253,29.259642
13/08/2024 23:00,0.494025,-6.0833335,105.250015,31.81525,29.246264
14/08/2024 00:00,0.494025,-6.0833335,105.250015,31.817749,29.242302
14/08/2024 01:00,0.494025,-6.0833335,105.250015,31.819416,29.257391
14/08/2024 02:00,0.494025,-6.0833335,105.250015,31.819954,29.294085
14/08/2024 03:00,0.494025,-6.0833335,105.250015,31.819712,29.35064
14/08/2024 04:00,0.494025,-6.0833335,105.250015,31.820335,29.421917
14/08/2024 05:00,0.494025,-6.0833335,105.250015,31.822063,29.498669
14/08/2024 06:00,0.494025,-6.0833335,105.250015,31.823273,29.56881
14/08/2024 07:00,0.494025,-6.0833335,105.250015,31.824121,29.599533
14/08/2024 08:00,0.494025,-6.0833335,105.250015,31.83148,29.576899
14/08/2024 09:00,0.494025,-6.0833335,105.250015,31.845526,29.52855
14/08/2024 10:00,0.494025,-6.0833335,105.250015,31.857328,29.474615
14/08/2024 11:00,0.494025,-6.0833335,105.250015,31.871363,29.411186
14/08/2024 12:00,0.494025,-6.0833335,105.250015,31.878048,29.368093
14/08/2024 13:00,0.494025,-6.0833335,105.250015,31.882141,29.332632
14/08/2024 14:00,0.494025,-6.0833335,105.250015,31.882036,29.306873
14/08/2024 15:00,0.494025,-6.0833335,105.250015,31.87724,29.29158
14/08/2024 16:00,0.494025,-6.0833335,105.250015,31.871115,29.281086
14/08/2024 17:00,0.494025,-6.0833335,105.250015,31.864588,29.273905
14/08/2024 18:00,0.494025,-6.0833335,105.250015,31.85838,29.26995
14/08/2024 19:00,0.494025,-6.0833335,105.250015,31.854397,29.264393
14/08/2024 20:00,0.494025,-6.0833335,105.250015,31.85291,29.2549
14/08/2024 21:00,0.494025,-6.0833335,105.250015,31.853943,29.24258
14/08/2024 22:00,0.494025,-6.0833335,105.250015,31.85616,29.227217
14/08/2024 23:00,0.494025,-6.0833335,105.250015,31.859104,29.2095
15/08/2024 00:00,0.494025,-6.0833335,105.250015,31.8617,29.201643
15/08/2024 01:00,0.494025,-6.0833335,105.250015,31.86346,29.210228
15/08/2024 02:00,0.494025,-6.0833335,105.250015,31.863176,29.238562
15/08/2024 03:00,0.494025,-6.0833335,105.250015,31.860088,29.290188
15/08/2024 04:00,0.494025,-6.0833335,105.250015,31.855465,29.3638
15/08/2024 05:00,0.494025,-6.0833335,105.250015,31.853966,29.449377
15/08/2024 06:00,0.494025,-6.0833335,105.250015,31.853819,29.528616
15/08/2024 07:00,0.494025,-6.0833335,105.250015,31.85382,29.582157
15/08/2024 08:00,0.494025,-6.0833335,105.250015,31.85429,29.594772
15/08/2024 09:00,0.494025,-6.0833335,105.250015,31.856264,29.564587
15/08/2024 10:00,0.494025,-6.0833335,105.250015,31.861263,29.506351
15/08/2024 11:00,0.494025,-6.0833335,105.250015,31.867207,29.449286
15/08/2024 12:00,0.494025,-6.0833335,105.250015,31.874529,29.39343
15/08/2024 13:00,0.494025,-6.0833335,105.250015,31.88323,29.339102
15/08/2024 14:00,0.494025,-6.0833335,105.250015,31.892263,29.287714
15/08/2024 15:00,0.494025,-6.0833335,105.250015,31.89892,29.243935
15/08/2024 16:00,0.494025,-6.0833335,105.250015,31.905378,29.204723
15/08/2024 17:00,0.494025,-6.0833335,105.250015,31.912384,29.165485
15/08/2024 18:00,0.494025,-6.0833335,105.250015,31.918371,29.128942
15/08/2024 19:00,0.494025,-6.0833335,105.250015,31.920368,29.101202
15/08/2024 20:00,0.494025,-6.0833335,105.250015,31.918016,29.083471
15/08/2024 21:00,0.494025,-6.0833335,105.250015,31.912554,29.073692
15/08/2024 22:00,0.494025,-6.0833335,105.250015,31.905273,29.070782
15/08/2024 23:00,0.494025,-6.0833335,105.250015,31.896908,29.074774
16/08/2024 00:00,0.494025,-6.0833335,105.250015,31.887594,29.09507
16/08/2024 01:00,0.494025,-6.0833335,105.250015,31.877764,29.137867
16/08/2024 02:00,0.494025,-6.0833335,105.250015,31.874073,29.200916
16/08/2024 03:00,0.494025,-6.0833335,105.250015,31.874996,29.28291
16/08/2024 04:00,0.494025,-6.0833335,105.250015,31.875538,29.367868
16/08/2024 05:00,0.494025,-6.0833335,105.250015,31.87578,29.44703
16/08/2024 06:00,0.494025,-6.0833335,105.250015,31.875956,29.504631
16/08/2024 07:00,0.494025,-6.0833335,105.250015,31.876118,29.54678
16/08/2024 08:00,0.494025,-6.0833335,105.250015,31.875998,29.558928
16/08/2024 09:00,0.494025,-6.0833335,105.250015,31.875587,29.5334
16/08/2024 10:00,0.494025,-6.0833335,105.250015,31.878412,29.47156
16/08/2024 11:00,0.494025,-6.0833335,105.250015,31.885523,29.393997
16/08/2024 12:00,0.494025,-6.0833335,105.250015,31.893053,29.32788
16/08/2024 13:00,0.494025,-6.0833335,105.250015,31.898624,29.274454
16/08/2024 14:00,0.494025,-6.0833335,105.250015,31.901289,29.229961
16/08/2024 15:00,0.494025,-6.0833335,105.250015,31.902374,29.19124
16/08/2024 16:00,0.494025,-6.0833335,105.250015,31.902216,29.156504
16/08/2024 17:00,0.494025,-6.0833335,105.250015,31.900898,29.12563
16/08/2024 18:00,0.494025,-6.0833335,105.250015,31.899237,29.099932
16/08/2024 19:00,0.494025,-6.0833335,105.250015,31.89797,29.079708
16/08/2024 20:00,0.494025,-6.0833335,105.250015,31.89744,29.063171
16/08/2024 21:00,0.494025,-6.0833335,105.250015,31.897657,29.049696
16/08/2024 22:00,0.494025,-6.0833335,105.250015,31.898113,29.041313
16/08/2024 23:00,0.494025,-6.0833335,105.250015,31.898321,29.038836
17/08/2024 00:00,0.494025,-6.0833335,105.250015,31.89862,29.053864
17/08/2024 01:00,0.494025,-6.0833335,105.250015,31.898676,29.100052
17/08/2024 02:00,0.494025,-6.0833335,105.250015,31.898554,29.167084
17/08/2024 03:00,0.494025,-6.0833335,105.250015,31.898588,29.242176
17/08/2024 04:00,0.494025,-6.0833335,105.250015,31.89826,29.321663
17/08/2024 05:00,0.494025,-6.0833335,105.250015,31.897718,29.400957
17/08/2024 06:00,0.494025,-6.0833335,105.250015,31.897781,29.460024
17/08/2024 07:00,0.494025,-6.0833335,105.250015,31.900208,29.475126
17/08/2024 08:00,0.494025,-6.0833335,105.250015,31.905056,29.461063
17/08/2024 09:00,0.494025,-6.0833335,105.250015,31.909533,29.425623
17/08/2024 10:00,0.494025,-6.0833335,105.250015,31.914644,29.367521
17/08/2024 11:00,0.494025,-6.0833335,105.250015,31.920416,29.30739
17/08/2024 12:00,0.494025,-6.0833335,105.250015,31.924932,29.263365
17/08/2024 13:00,0.494025,-6.0833335,105.250015,31.92637,29.230263
17/08/2024 14:00,0.494025,-6.0833335,105.250015,31.924686,29.20521
17/08/2024 15:00,0.494025,-6.0833335,105.250015,31.921227,29.18617
17/08/2024 16:00,0.494025,-6.0833335,105.250015,31.916426,29.171381
17/08/2024 17:00,0.494025,-6.0833335,105.250015,31.91286,29.15969
17/08/2024 18:00,0.494025,-6.0833335,105.250015,31.914185,29.148779
17/08/2024 19:00,0.494025,-6.0833335,105.250015,31.916,29.13688
17/08/2024 20:00,0.494025,-6.0833335,105.250015,31.917683,29.124792
17/08/2024 21:00,0.494025,-6.0833335,105.250015,31.918898,29.113998
17/08/2024 22:00,0.494025,-6.0833335,105.250015,31.91977,29.10463
17/08/2024 23:00,0.494025,-6.0833335,105.250015,31.92078,29.099058
18/08/2024 00:00,0.494025,-6.0833335,105.250015,31.920696,29.10895
18/08/2024 01:00,0.494025,-6.0833335,105.250015,31.919853,29.143139
18/08/2024 02:00,0.494025,-6.0833335,105.250015,31.918453,29.204063
18/08/2024 03:00,0.494025,-6.0833335,105.250015,31.916712,29.293673
18/08/2024 04:00,0.494025,-6.0833335,105.250015,31.915583,29.405958
18/08/2024 05:00,0.494025,-6.0833335,105.250015,31.915106,29.523603
18/08/2024 06:00,0.494025,-6.0833335,105.250015,31.915022,29.614922
18/08/2024 07:00,0.494025,-6.0833335,105.250015,31.915281,29.623705
18/08/2024 08:00,0.494025,-6.0833335,105.250015,31.918772,29.561817
18/08/2024 09:00,0.494025,-6.0833335,105.250015,31.92562,29.487238
18/08/2024 10:00,0.494025,-6.0833335,105.250015,31.931572,29.411556
18/08/2024 11:00,0.494025,-6.0833335,105.250015,31.935352,29.349762
18/08/2024 12:00,0.494025,-6.0833335,105.250015,31.93652,29.309612
18/08/2024 13:00,0.494025,-6.0833335,105.250015,31.938787,29.27349
18/08/2024 14:00,0.494025,-6.0833335,105.250015,31.940596,29.24321
18/08/2024 15:00,0.494025,-6.0833335,105.250015,31.940836,29.218037
18/08/2024 16:00,0.494025,-6.0833335,105.250015,31.93622,29.204948
18/08/2024 17:00,0.494025,-6.0833335,105.250015,31.934105,29.198143
18/08/2024 18:00,0.494025,-6.0833335,105.250015,31.93352,29.19642
18/08/2024 19:00,0.494025,-6.0833335,105.250015,31.933739,29.191113
18/08/2024 20:00,0.494025,-6.0833335,105.250015,31.937027,29.170286
18/08/2024 21:00,0.494025,-6.0833335,105.250015,31.943253,29.142517
18/08/2024 22:00,0.494025,-6.0833335,105.250015,31.947897,29.117495
18/08/2024 23:00,0.494025,-6.0833335,105.250015,31.950087,29.100851
19/08/2024 00:00,0.494025,-6.0833335,105.250015,31.951288,29.102493
19/08/2024 01:00,0.494025,-6.0833335,105.250015,31.952036,29.12846
19/08/2024 02:00,0.494025,-6.0833335,105.250015,31.952253,29.186003
19/08/2024 03:00,0.494025,-6.0833335,105.250015,31.95176,29.275846
19/08/2024 04:00,0.494025,-6.0833335,105.250015,31.950607,29.3887
19/08/2024 05:00,0.494025,-6.0833335,105.250015,31.948856,29.51331
19/08/2024 06:00,0.494025,-6.0833335,105.250015,31.946173,29.59802
19/08/2024 07:00,0.494025,-6.0833335,105.250015,31.943802,29.58657
19/08/2024 08:00,0.494025,-6.0833335,105.250015,31.94424,29.53799
19/08/2024 09:00,0.494025,-6.0833335,105.250015,31.949387,29.4699
19/08/2024 10:00,0.494025,-6.0833335,105.250015,31.956144,29.396214
19/08/2024 11:00,0.494025,-6.0833335,105.250015,31.970686,29.294645
19/08/2024 12:00,0.494025,-6.0833335,105.250015,31.982235,29.218264
19/08/2024 13:00,0.494025,-6.0833335,105.250015,31.990067,29.167374
19/08/2024 14:00,0.494025,-6.0833335,105.250015,31.994844,29.123987
19/08/2024 15:00,0.494025,-6.0833335,105.250015,31.99412,29.092453
19/08/2024 16:00,0.494025,-6.0833335,105.250015,31.988401,29.07517
19/08/2024 17:00,0.494025,-6.0833335,105.250015,31.981255,29.064413
19/08/2024 18:00,0.494025,-6.0833335,105.250015,31.973686,29.05702
19/08/2024 19:00,0.494025,-6.0833335,105.250015,31.966522,29.052603
19/08/2024 20:00,0.494025,-6.0833335,105.250015,31.961227,29.047266
19/08/2024 21:00,0.494025,-6.0833335,105.250015,31.957235,29.040049
19/08/2024 22:00,0.494025,-6.0833335,105.250015,31.953579,29.033815
19/08/2024 23:00,0.494025,-6.0833335,105.250015,31.952497,29.03159
20/08/2024 00:00,0.494025,-6.0833335,105.250015,31.95252,29.046967
20/08/2024 01:00,0.494025,-6.0833335,105.250015,31.952438,29.092545
20/08/2024 02:00,0.494025,-6.0833335,105.250015,31.952105,29.16501
20/08/2024 03:00,0.494025,-6.0833335,105.250015,31.95193,29.260925
20/08/2024 04:00,0.494025,-6.0833335,105.250015,31.951674,29.377018
20/08/2024 05:00,0.494025,-6.0833335,105.250015,31.951202,29.50308
20/08/2024 06:00,0.494025,-6.0833335,105.250015,31.950546,29.638645
20/08/2024 07:00,0.494025,-6.0833335,105.250015,31.950197,29.731592
20/08/2024 08:00,0.494025,-6.0833335,105.250015,31.954166,29.708788
20/08/2024 09:00,0.494025,-6.0833335,105.250015,31.968483,29.593836
20/08/2024 10:00,0.494025,-6.0833335,105.250015,31.992083,29.429184
20/08/2024 11:00,0.494025,-6.0833335,105.250015,32.021225,29.249165
20/08/2024 12:00,0.494025,-6.0833335,105.250015,32.041668,29.121067
20/08/2024 13:00,0.494025,-6.0833335,105.250015,32.05132,29.054926
20/08/2024 14:00,0.494025,-6.0833335,105.250015,32.048126,29.028046
20/08/2024 15:00,0.494025,-6.0833335,105.250015,32.03945,29.01654
20/08/2024 16:00,0.494025,-6.0833335,105.250015,32.028088,29.016771
20/08/2024 17:00,0.494025,-6.0833335,105.250015,32.014633,29.02308
20/08/2024 18:00,0.494025,-6.0833335,105.250015,32.001556,29.032326
20/08/2024 19:00,0.494025,-6.0833335,105.250015,31.9905,29.041582
20/08/2024 20:00,0.494025,-6.0833335,105.250015,31.981537,29.049604
20/08/2024 21:00,0.494025,-6.0833335,105.250015,31.97426,29.054146
20/08/2024 22:00,0.494025,-6.0833335,105.250015,31.968113,29.057306
20/08/2024 23:00,0.494025,-6.0833335,105.250015,31.96261,29.067728
21/08/2024 00:00,0.494025,-6.0833335,105.250015,31.960203,29.094769
21/08/2024 01:00,0.494025,-6.0833335,105.250015,31.959639,29.15232
21/08/2024 02:00,0.494025,-6.0833335,105.250015,31.95884,29.251495
21/08/2024 03:00,0.494025,-6.0833335,105.250015,31.95809,29.366152
21/08/2024 04:00,0.494025,-6.0833335,105.250015,31.957296,29.524483
21/08/2024 05:00,0.494025,-6.0833335,105.250015,31.95688,29.719484
21/08/2024 06:00,0.494025,-6.0833335,105.250015,31.957441,29.88865
21/08/2024 07:00,0.494025,-6.0833335,105.250015,31.958618,29.93846
21/08/2024 08:00,0.494025,-6.0833335,105.250015,31.95993,29.862461
21/08/2024 09:00,0.494025,-6.0833335,105.250015,31.962738,29.73839
21/08/2024 10:00,0.494025,-6.0833335,105.250015,31.968988,29.618269
21/08/2024 11:00,0.494025,-6.0833335,105.250015,31.978754,29.49746
21/08/2024 12:00,0.494025,-6.0833335,105.250015,31.983028,29.427055
21/08/2024 13:00,0.494025,-6.0833335,105.250015,31.988934,29.35604
21/08/2024 14:00,0.494025,-6.0833335,105.250015,31.991436,29.30166
21/08/2024 15:00,0.494025,-6.0833335,105.250015,31.989847,29.268482
21/08/2024 16:00,0.494025,-6.0833335,105.250015,31.987185,29.24434
21/08/2024 17:00,0.494025,-6.0833335,105.250015,31.984482,29.2209
21/08/2024 18:00,0.494025,-6.0833335,105.250015,31.982996,29.199436
21/08/2024 19:00,0.494025,-6.0833335,105.250015,31.98216,29.187824
21/08/2024 20:00,0.494025,-6.0833335,105.250015,31.980043,29.183182
21/08/2024 21:00,0.494025,-6.0833335,105.250015,31.977545,29.17975
21/08/2024 22:00,0.494025,-6.0833335,105.250015,31.974714,29.177895
21/08/2024 23:00,0.494025,-6.0833335,105.250015,31.971773,29.17908
22/08/2024 00:00,0.494025,-6.0833335,105.250015,31.969519,29.191523
22/08/2024 01:00,0.494025,-6.0833335,105.250015,31.967121,29.225548
22/08/2024 02:00,0.494025,-6.0833335,105.250015,31.963476,29.28426
22/08/2024 03:00,0.494025,-6.0833335,105.250015,31.959053,29.369791
22/08/2024 04:00,0.494025,-6.0833335,105.250015,31.95666,29.496572
22/08/2024 05:00,0.494025,-6.0833335,105.250015,31.956102,29.655947
22/08/2024 06:00,0.494025,-6.0833335,105.250015,31.956438,29.797749
22/08/2024 07:00,0.494025,-6.0833335,105.250015,31.95681,29.856258
22/08/2024 08:00,0.494025,-6.0833335,105.250015,31.957193,29.820108
22/08/2024 09:00,0.494025,-6.0833335,105.250015,31.957598,29.705946
22/08/2024 10:00,0.494025,-6.0833335,105.250015,31.95882,29.586588
22/08/2024 11:00,0.494025,-6.0833335,105.250015,31.96536,29.486862
22/08/2024 12:00,0.494025,-6.0833335,105.250015,31.977303,29.410368
22/08/2024 13:00,0.494025,-6.0833335,105.250015,31.985783,29.356836
22/08/2024 14:00,0.494025,-6.0833335,105.250015,31.992756,29.309433
22/08/2024 15:00,0.494025,-6.0833335,105.250015,31.995405,29.273737
22/08/2024 16:00,0.494025,-6.0833335,105.250015,31.99711,29.244297
22/08/2024 17:00,0.494025,-6.0833335,105.250015,31.998016,29.219969
22/08/2024 18:00,0.494025,-6.0833335,105.250015,31.997892,29.200346
22/08/2024 19:00,0.494025,-6.0833335,105.250015,31.997444,29.18449
22/08/2024 20:00,0.494025,-6.0833335,105.250015,31.998806,29.173603
22/08/2024 21:00,0.494025,-6.0833335,105.250015,32.000874,29.168255
22/08/2024 22:00,0.494025,-6.0833335,105.250015,32.002934,29.166704
22/08/2024 23:00,0.494025,-6.0833335,105.250015,32.004993,29.166166
23/08/2024 00:00,0.494025,-6.0833335,105.250015,32.00614,29.184195
23/08/2024 01:00,0.494025,-6.0833335,105.250015,32.00659,29.2317
23/08/2024 02:00,0.494025,-6.0833335,105.250015,32.00688,29.310518
23/08/2024 03:00,0.494025,-6.0833335,105.250015,32.00747,29.409838
23/08/2024 04:00,0.494025,-6.0833335,105.250015,32.00827,29.531649
23/08/2024 05:00,0.494025,-6.0833335,105.250015,32.00894,29.660927
23/08/2024 06:00,0.494025,-6.0833335,105.250015,32.009693,29.769102
23/08/2024 07:00,0.494025,-6.0833335,105.250015,32.010582,29.794083
23/08/2024 08:00,0.494025,-6.0833335,105.250015,32.0114,29.74246
23/08/2024 09:00,0.494025,-6.0833335,105.250015,32.014618,29.669437
23/08/2024 10:00,0.494025,-6.0833335,105.250015,32.023678,29.577414
23/08/2024 11:00,0.494025,-6.0833335,105.250015,32.03969,29.478363
23/08/2024 12:00,0.494025,-6.0833335,105.250015,32.055965,29.398674
23/08/2024 13:00,0.494025,-6.0833335,105.250015,32.06956,29.336021
23/08/2024 14:00,0.494025,-6.0833335,105.250015,32.07936,29.28787
23/08/2024 15:00,0.494025,-6.0833335,105.250015,32.08705,29.250666
23/08/2024 16:00,0.494025,-6.0833335,105.250015,32.08954,29.226313
23/08/2024 17:00,0.494025,-6.0833335,105.250015,32.0887,29.209175
23/08/2024 18:00,0.494025,-6.0833335,105.250015,32.086716,29.197014
23/08/2024 19:00,0.494025,-6.0833335,105.250015,32.082485,29.190796
23/08/2024 20:00,0.494025,-6.0833335,105.250015,32.076763,29.188076
23/08/2024 21:00,0.494025,-6.0833335,105.250015,32.06981,29.188839
23/08/2024 22:00,0.494025,-6.0833335,105.250015,32.063015,29.190435
23/08/2024 23:00,0.494025,-6.0833335,105.250015,32.056534,29.194489
24/08/2024 00:00,0.494025,-6.0833335,105.250015,32.049587,29.212702
24/08/2024 01:00,0.494025,-6.0833335,105.250015,32.044304,29.248196
24/08/2024 02:00,0.494025,-6.0833335,105.250015,32.044544,29.295969
24/08/2024 03:00,0.494025,-6.0833335,105.250015,32.045353,29.338142
24/08/2024 04:00,0.494025,-6.0833335,105.250015,32.04621,29.378763
24/08/2024 05:00,0.494025,-6.0833335,105.250015,32.046864,29.425236
24/08/2024 06:00,0.494025,-6.0833335,105.250015,32.047382,29.463552
24/08/2024 07:00,0.494025,-6.0833335,105.250015,32.04827,29.481827
24/08/2024 08:00,0.494025,-6.0833335,105.250015,32.051147,29.474533
24/08/2024 09:00,0.494025,-6.0833335,105.250015,32.059322,29.441256
24/08/2024 10:00,0.494025,-6.0833335,105.250015,32.073627,29.384521
24/08/2024 11:00,0.494025,-6.0833335,105.250015,32.089344,29.325632
24/08/2024 12:00,0.494025,-6.0833335,105.250015,32.10357,29.27263
24/08/2024 13:00,0.494025,-6.0833335,105.250015,32.11785,29.221546
24/08/2024 14:00,0.494025,-6.0833335,105.250015,32.132305,29.171583
24/08/2024 15:00,0.494025,-6.0833335,105.250015,32.145367,29.12518
24/08/2024 16:00,0.494025,-6.0833335,105.250015,32.152653,29.084787
24/08/2024 17:00,0.494025,-6.0833335,105.250015,32.15505,29.053036
24/08/2024 18:00,0.494025,-6.0833335,105.250015,32.15621,29.02663
24/08/2024 19:00,0.494025,-6.0833335,105.250015,32.157116,29.003784
24/08/2024 20:00,0.494025,-6.0833335,105.250015,32.156876,28.98576
24/08/2024 21:00,0.494025,-6.0833335,105.250015,32.15597,28.972488
24/08/2024 22:00,0.494025,-6.0833335,105.250015,32.154915,28.963226
24/08/2024 23:00,0.494025,-6.0833335,105.250015,32.152706,28.96057
25/08/2024 00:00,0.494025,-6.0833335,105.250015,32.147854,28.97305
25/08/2024 01:00,0.494025,-6.0833335,105.250015,32.140804,29.00584
25/08/2024 02:00,0.494025,-6.0833335,105.250015,32.131287,29.06819
25/08/2024 03:00,0.494025,-6.0833335,105.250015,32.11953,29.159948
25/08/2024 04:00,0.494025,-6.0833335,105.250015,32.107647,29.265934
25/08/2024 05:00,0.494025,-6.0833335,105.250015,32.09703,29.374432
25/08/2024 06:00,0.494025,-6.0833335,105.250015,32.087837,29.486227
25/08/2024 07:00,0.494025,-6.0833335,105.250015,32.084156,29.591679
25/08/2024 08:00,0.494025,-6.0833335,105.250015,32.084484,29.660711
25/08/2024 09:00,0.494025,-6.0833335,105.250015,32.085285,29.666344
25/08/2024 10:00,0.494025,-6.0833335,105.250015,32.0897,29.589794
25/08/2024 11:00,0.494025,-6.0833335,105.250015,32.104057,29.48967
25/08/2024 12:00,0.494025,-6.0833335,105.250015,32.12061,29.407902
25/08/2024 13:00,0.494025,-6.0833335,105.250015,32.131725,29.351402
25/08/2024 14:00,0.494025,-6.0833335,105.250015,32.139385,29.312624
25/08/2024 15:00,0.494025,-6.0833335,105.250015,32.143097,29.283934
25/08/2024 16:00,0.494025,-6.0833335,105.250015,32.14436,29.261843
25/08/2024 17:00,0.494025,-6.0833335,105.250015,32.144436,29.243986
25/08/2024 18:00,0.494025,-6.0833335,105.250015,32.144043,29.229298
25/08/2024 19:00,0.494025,-6.0833335,105.250015,32.143547,29.216877
25/08/2024 20:00,0.494025,-6.0833335,105.250015,32.143433,29.205225
25/08/2024 21:00,0.494025,-6.0833335,105.250015,32.142735,29.192297
25/08/2024 22:00,0.494025,-6.0833335,105.250015,32.14132,29.178652
25/08/2024 23:00,0.494025,-6.0833335,105.250015,32.13903,29.170496
26/08/2024 00:00,0.494025,-6.0833335,105.250015,32.13584,29.183777
26/08/2024 01:00,0.494025,-6.0833335,105.250015,32.13239,29.223774
26/08/2024 02:00,0.494025,-6.0833335,105.250015,32.129246,29.281927
26/08/2024 03:00,0.494025,-6.0833335,105.250015,32.126812,29.346714
26/08/2024 04:00,0.494025,-6.0833335,105.250015,32.125076,29.415722
26/08/2024 05:00,0.494025,-6.0833335,105.250015,32.12385,29.48517
26/08/2024 06:00,0.494025,-6.0833335,105.250015,32.122925,29.544031
26/08/2024 07:00,0.494025,-6.0833335,105.250015,32.12211,29.590557
26/08/2024 08:00,0.494025,-6.0833335,105.250015,32.122097,29.60822
26/08/2024 09:00,0.494025,-6.0833335,105.250015,32.12624,29.57619
26/08/2024 10:00,0.494025,-6.0833335,105.250015,32.13884,29.50499
26/08/2024 11:00,0.494025,-6.0833335,105.250015,32.153896,29.427258
26/08/2024 12:00,0.494025,-6.0833335,105.250015,32.161705,29.375393
26/08/2024 13:00,0.494025,-6.0833335,105.250015,32.166294,29.335806
26/08/2024 14:00,0.494025,-6.0833335,105.250015,32.16884,29.30263
26/08/2024 15:00,0.494025,-6.0833335,105.250015,32.16978,29.273785
26/08/2024 16:00,0.494025,-6.0833335,105.250015,32.170166,29.24717
26/08/2024 17:00,0.494025,-6.0833335,105.250015,32.17145,29.218815
26/08/2024 18:00,0.494025,-6.0833335,105.250015,32.17311,29.190735
26/08/2024 19:00,0.494025,-6.0833335,105.250015,32.174553,29.164425
26/08/2024 20:00,0.494025,-6.0833335,105.250015,32.176,29.14156
26/08/2024 21:00,0.494025,-6.0833335,105.250015,32.1781,29.1204
26/08/2024 22:00,0.494025,-6.0833335,105.250015,32.1817,29.09885
26/08/2024 23:00,0.494025,-6.0833335,105.250015,32.188328,29.079866
27/08/2024 00:00,0.494025,-6.0833335,105.250015,32.199146,29.06475
27/08/2024 01:00,0.494025,-6.0833335,105.250015,32.215076,29.05403
27/08/2024 02:00,0.494025,-6.0833335,105.250015,32.231014,29.053493
27/08/2024 03:00,0.494025,-6.0833335,105.250015,32.240147,29.072483
27/08/2024 04:00,0.494025,-6.0833335,105.250015,32.246162,29.100943
27/08/2024 05:00,0.494025,-6.0833335,105.250015,32.251583,29.128736
27/08/2024 06:00,0.494025,-6.0833335,105.250015,32.255806,29.153841
27/08/2024 07:00,0.494025,-6.0833335,105.250015,32.260612,29.166813
27/08/2024 08:00,0.494025,-6.0833335,105.250015,32.266754,29.163528
27/08/2024 09:00,0.494025,-6.0833335,105.250015,32.271385,29.149513
27/08/2024 10:00,0.494025,-6.0833335,105.250015,32.2748,29.128498
27/08/2024 11:00,0.494025,-6.0833335,105.250015,32.278793,29.10543
27/08/2024 12:00,0.494025,-6.0833335,105.250015,32.28174,29.086815
27/08/2024 13:00,0.494025,-6.0833335,105.250015,32.28422,29.070307
27/08/2024 14:00,0.494025,-6.0833335,105.250015,32.28695,29.053005
27/08/2024 15:00,0.494025,-6.0833335,105.250015,32.289345,29.036476
27/08/2024 16:00,0.494025,-6.0833335,105.250015,32.29036,29.021782
27/08/2024 17:00,0.494025,-6.0833335,105.250015,32.28943,29.010479
27/08/2024 18:00,0.494025,-6.0833335,105.250015,32.286755,29.003042
27/08/2024 19:00,0.494025,-6.0833335,105.250015,32.28254,28.997578
27/08/2024 20:00,0.494025,-6.0833335,105.250015,32.276894,28.995619
27/08/2024 21:00,0.494025,-6.0833335,105.250015,32.269993,28.999313
27/08/2024 22:00,0.494025,-6.0833335,105.250015,32.26195,29.006695
27/08/2024 23:00,0.494025,-6.0833335,105.250015,32.253197,29.017035
28/08/2024 00:00,0.494025,-6.0833335,105.250015,32.2437,29.034704
28/08/2024 01:00,0.494025,-6.0833335,105.250015,32.233112,29.069633
28/08/2024 02:00,0.494025,-6.0833335,105.250015,32.21997,29.121023
28/08/2024 03:00,0.494025,-6.0833335,105.250015,32.206146,29.179966
28/08/2024 04:00,0.494025,-6.0833335,105.250015,32.19324,29.263592
28/08/2024 05:00,0.494025,-6.0833335,105.250015,32.18889,29.353548
28/08/2024 06:00,0.494025,-6.0833335,105.250015,32.19048,29.417488
28/08/2024 07:00,0.494025,-6.0833335,105.250015,32.19419,29.455221
28/08/2024 08:00,0.494025,-6.0833335,105.250015,32.20498,29.453615
28/08/2024 09:00,0.494025,-6.0833335,105.250015,32.22504,29.409271
28/08/2024 10:00,0.494025,-6.0833335,105.250015,32.24276,29.36124
28/08/2024 11:00,0.494025,-6.0833335,105.250015,32.253487,29.319305
28/08/2024 12:00,0.494025,-6.0833335,105.250015,32.25794,29.289642
28/08/2024 13:00,0.494025,-6.0833335,105.250015,32.259945,29.26741
28/08/2024 14:00,0.494025,-6.0833335,105.250015,32.262135,29.24523
28/08/2024 15:00,0.494025,-6.0833335,105.250015,32.26381,29.223825
28/08/2024 16:00,0.494025,-6.0833335,105.250015,32.265144,29.20505
28/08/2024 17:00,0.494025,-6.0833335,105.250015,32.266823,29.186668
28/08/2024 18:00,0.494025,-6.0833335,105.250015,32.26999,29.168644
28/08/2024 19:00,0.494025,-6.0833335,105.250015,32.27481,29.150085
28/08/2024 20:00,0.494025,-6.0833335,105.250015,32.28069,29.130577
28/08/2024 21:00,0.494025,-6.0833335,105.250015,32.289852,29.110767
28/08/2024 22:00,0.494025,-6.0833335,105.250015,32.302547,29.088375
28/08/2024 23:00,0.494025,-6.0833335,105.250015,32.3147,29.06878
29/08/2024 00:00,0.494025,-6.0833335,105.250015,32.324104,29.062302
29/08/2024 01:00,0.494025,-6.0833335,105.250015,32.33409,29.068497
29/08/2024 02:00,0.494025,-6.0833335,105.250015,32.34442,29.086374
29/08/2024 03:00,0.494025,-6.0833335,105.250015,32.3528,29.114721
29/08/2024 04:00,0.494025,-6.0833335,105.250015,32.359287,29.151585
29/08/2024 05:00,0.494025,-6.0833335,105.250015,32.365124,29.18218
29/08/2024 06:00,0.494025,-6.0833335,105.250015,32.372005,29.20092
29/08/2024 07:00,0.494025,-6.0833335,105.250015,32.380127,29.210194
29/08/2024 08:00,0.494025,-6.0833335,105.250015,32.388233,29.20825
29/08/2024 09:00,0.494025,-6.0833335,105.250015,32.396618,29.19223
29/08/2024 10:00,0.494025,-6.0833335,105.250015,32.405945,29.164635
29/08/2024 11:00,0.494025,-6.0833335,105.250015,32.416092,29.132027
29/08/2024 12:00,0.494025,-6.0833335,105.250015,32.424465,29.102001
29/08/2024 13:00,0.494025,-6.0833335,105.250015,32.43363,29.073101
29/08/2024 14:00,0.494025,-6.0833335,105.250015,32.443214,29.048634
29/08/2024 15:00,0.494025,-6.0833335,105.250015,32.448162,29.030437
29/08/2024 16:00,0.494025,-6.0833335,105.250015,32.452274,29.010918
29/08/2024 17:00,0.494025,-6.0833335,105.250015,32.455383,28.992327
29/08/2024 18:00,0.494025,-6.0833335,105.250015,32.45708,28.97548
29/08/2024 19:00,0.494025,-6.0833335,105.250015,32.457546,28.961088
29/08/2024 20:00,0.494025,-6.0833335,105.250015,32.457085,28.949915
29/08/2024 21:00,0.494025,-6.0833335,105.250015,32.45604,28.940588
29/08/2024 22:00,0.494025,-6.0833335,105.250015,32.45493,28.93234
29/08/2024 23:00,0.494025,-6.0833335,105.250015,32.4545,28.925009
30/08/2024 00:00,0.494025,-6.0833335,105.250015,32.454006,28.926647
30/08/2024 01:00,0.494025,-6.0833335,105.250015,32.45266,28.943335
30/08/2024 02:00,0.494025,-6.0833335,105.250015,32.450417,28.975866
30/08/2024 03:00,0.494025,-6.0833335,105.250015,32.44715,29.028542
30/08/2024 04:00,0.494025,-6.0833335,105.250015,32.440388,29.103424
30/08/2024 05:00,0.494025,-6.0833335,105.250015,32.433105,29.186245
30/08/2024 06:00,0.494025,-6.0833335,105.250015,32.42567,29.245234
30/08/2024 07:00,0.494025,-6.0833335,105.250015,32.418407,29.274176
30/08/2024 08:00,0.494025,-6.0833335,105.250015,32.41445,29.282084
30/08/2024 09:00,0.494025,-6.0833335,105.250015,32.418663,29.26047
30/08/2024 10:00,0.494025,-6.0833335,105.250015,32.427082,29.224934
30/08/2024 11:00,0.494025,-6.0833335,105.250015,32.434345,29.19496
30/08/2024 12:00,0.494025,-6.0833335,105.250015,32.44085,29.167383
30/08/2024 13:00,0.494025,-6.0833335,105.250015,32.44752,29.143963
30/08/2024 14:00,0.494025,-6.0833335,105.250015,32.4551,29.123302
30/08/2024 15:00,0.494025,-6.0833335,105.250015,32.462837,29.10535
30/08/2024 16:00,0.494025,-6.0833335,105.250015,32.47042,29.089083
30/08/2024 17:00,0.494025,-6.0833335,105.250015,32.47774,29.073359
30/08/2024 18:00,0.494025,-6.0833335,105.250015,32.484825,29.058218
30/08/2024 19:00,0.494025,-6.0833335,105.250015,32.49214,29.042826
30/08/2024 20:00,0.494025,-6.0833335,105.250015,32.49964,29.026724
30/08/2024 21:00,0.494025,-6.0833335,105.250015,32.50702,29.010748
30/08/2024 22:00,0.494025,-6.0833335,105.250015,32.51444,28.994352
30/08/2024 23:00,0.494025,-6.0833335,105.250015,32.52135,28.979107
31/08/2024 00:00,0.494025,-6.0833335,105.250015,32.525894,28.976377
31/08/2024 01:00,0.494025,-6.0833335,105.250015,32.528408,28.9931
31/08/2024 02:00,0.494025,-6.0833335,105.250015,32.529575,29.028278
31/08/2024 03:00,0.494025,-6.0833335,105.250015,32.529697,29.082779
31/08/2024 04:00,0.494025,-6.0833335,105.250015,32.529137,29.15026
31/08/2024 05:00,0.494025,-6.0833335,105.250015,32.527954,29.215094
31/08/2024 06:00,0.494025,-6.0833335,105.250015,32.525978,29.25396
31/08/2024 07:00,0.494025,-6.0833335,105.250015,32.524426,29.267048
31/08/2024 08:00,0.494025,-6.0833335,105.250015,32.52527,29.268118
31/08/2024 09:00,0.494025,-6.0833335,105.250015,32.527336,29.25868
31/08/2024 10:00,0.494025,-6.0833335,105.250015,32.52998,29.239298
31/08/2024 11:00,0.494025,-6.0833335,105.250015,32.534996,29.211094
31/08/2024 12:00,0.494025,-6.0833335,105.250015,32.540787,29.180506
31/08/2024 13:00,0.494025,-6.0833335,105.250015,32.545597,29.15301
31/08/2024 14:00,0.494025,-6.0833335,105.250015,32.54936,29.128479
31/08/2024 15:00,0.494025,-6.0833335,105.250015,32.552265,29.106245
31/08/2024 16:00,0.494025,-6.0833335,105.250015,32.554996,29.085531
31/08/2024 17:00,0.494025,-6.0833335,105.250015,32.558277,29.063513
31/08/2024 18:00,0.494025,-6.0833335,105.250015,32.56185,29.040798
31/08/2024 19:00,0.494025,-6.0833335,105.250015,32.565815,29.019041
31/08/2024 20:00,0.494025,-6.0833335,105.250015,32.570484,28.99798
31/08/2024 21:00,0.494025,-6.0833335,105.250015,32.576317,28.975983
31/08/2024 22:00,0.494025,-6.0833335,105.250015,32.58376,28.950996
31/08/2024 23:00,0.494025,-6.0833335,105.250015,32.591717,28.92769
01/09/2024 00:00,0.494025,-6.0833335,105.250015,32.597584,28.917654
01/09/2024 01:00,0.494025,-6.0833335,105.250015,32.60134,28.926207
01/09/2024 02:00,0.494025,-6.0833335,105.250015,32.60266,28.955976
01/09/2024 03:00,0.494025,-6.0833335,105.250015,32.601112,29.0133
01/09/2024 04:00,0.494025,-6.0833335,105.250015,32.597855,29.102772
01/09/2024 05:00,0.494025,-6.0833335,105.250015,32.59374,29.208223
01/09/2024 06:00,0.494025,-6.0833335,105.250015,32.588665,29.29816
01/09/2024 07:00,0.494025,-6.0833335,105.250015,32.582302,29.346863
01/09/2024 08:00,0.494025,-6.0833335,105.250015,32.574776,29.34835
01/09/2024 09:00,0.494025,-6.0833335,105.250015,32.567646,29.327785
01/09/2024 10:00,0.494025,-6.0833335,105.250015,32.56273,29.310005
01/09/2024 11:00,0.494025,-6.0833335,105.250015,32.561954,29.278059
01/09/2024 12:00,0.494025,-6.0833335,105.250015,32.561317,29.254902
01/09/2024 13:00,0.494025,-6.0833335,105.250015,32.561275,29.233856
01/09/2024 14:00,0.494025,-6.0833335,105.250015,32.562244,29.21633
01/09/2024 15:00,0.494025,-6.0833335,105.250015,32.562508,29.2012
01/09/2024 16:00,0.494025,-6.0833335,105.250015,32.56169,29.187588
01/09/2024 17:00,0.494025,-6.0833335,105.250015,32.559807,29.175486
01/09/2024 18:00,0.494025,-6.0833335,105.250015,32.559654,29.164394
01/09/2024 19:00,0.494025,-6.0833335,105.250015,32.56258,29.152325
01/09/2024 20:00,0.494025,-6.0833335,105.250015,32.56518,29.139324
01/09/2024 21:00,0.494025,-6.0833335,105.250015,32.566772,29.127218
01/09/2024 22:00,0.494025,-6.0833335,105.250015,32.566917,29.116602
01/09/2024 23:00,0.494025,-6.0833335,105.250015,32.564472,29.111792
02/09/2024 00:00,0.494025,-6.0833335,105.250015,32.56068,29.124971
02/09/2024 01:00,0.494025,-6.0833335,105.250015,32.556614,29.162573
02/09/2024 02:00,0.494025,-6.0833335,105.250015,32.552574,29.230183
02/09/2024 03:00,0.494025,-6.0833335,105.250015,32.548874,29.337437
02/09/2024 04:00,0.494025,-6.0833335,105.250015,32.545586,29.495743
02/09/2024 05:00,0.494025,-6.0833335,105.250015,32.541916,29.674452
02/09/2024 06:00,0.494025,-6.0833335,105.250015,32.538532,29.792253
02/09/2024 07:00,0.494025,-6.0833335,105.250015,32.538647,29.82187
02/09/2024 08:00,0.494025,-6.0833335,105.250015,32.539158,29.807384
02/09/2024 09:00,0.494025,-6.0833335,105.250015,32.53963,29.716738
02/09/2024 10:00,0.494025,-6.0833335,105.250015,32.54165,29.612906
02/09/2024 11:00,0.494025,-6.0833335,105.250015,32.54879,29.541203
02/09/2024 12:00,0.494025,-6.0833335,105.250015,32.55863,29.49283
02/09/2024 13:00,0.494025,-6.0833335,105.250015,32.5678,29.45455
02/09/2024 14:00,0.494025,-6.0833335,105.250015,32.577362,29.420252
02/09/2024 15:00,0.494025,-6.0833335,105.250015,32.586655,29.388628
02/09/2024 16:00,0.494025,-6.0833335,105.250015,32.59399,29.36193
02/09/2024 17:00,0.494025,-6.0833335,105.250015,32.601032,29.33508
02/09/2024 18:00,0.494025,-6.0833335,105.250015,32.60753,29.30726
02/09/2024 19:00,0.494025,-6.0833335,105.250015,32.611923,29.283653
02/09/2024 20:00,0.494025,-6.0833335,105.250015,32.61512,29.262896
02/09/2024 21:00,0.494025,-6.0833335,105.250015,32.61674,29.243916
02/09/2024 22:00,0.494025,-6.0833335,105.250015,32.616722,29.227991
02/09/2024 23:00,0.494025,-6.0833335,105.250015,32.61555,29.21856
03/09/2024 00:00,0.494025,-6.0833335,105.250015,32.613125,29.22886
03/09/2024 01:00,0.494025,-6.0833335,105.250015,32.60918,29.265034
03/09/2024 02:00,0.494025,-6.0833335,105.250015,32.60412,29.323057
03/09/2024 03:00,0.494025,-6.0833335,105.250015,32.59836,29.397387
03/09/2024 04:00,0.494025,-6.0833335,105.250015,32.59239,29.480799
03/09/2024 05:00,0.494025,-6.0833335,105.250015,32.588127,29.549135
03/09/2024 06:00,0.494025,-6.0833335,105.250015,32.58827,29.584326
03/09/2024 07:00,0.494025,-6.0833335,105.250015,32.5919,29.59843
03/09/2024 08:00,0.494025,-6.0833335,105.250015,32.596645,29.593964
03/09/2024 09:00,0.494025,-6.0833335,105.250015,32.599915,29.576635
03/09/2024 10:00,0.494025,-6.0833335,105.250015,32.602615,29.546255
03/09/2024 11:00,0.494025,-6.0833335,105.250015,32.60642,29.505703
03/09/2024 12:00,0.494025,-6.0833335,105.250015,32.60791,29.471645
03/09/2024 13:00,0.494025,-6.0833335,105.250015,32.610012,29.438208
03/09/2024 14:00,0.494025,-6.0833335,105.250015,32.6154,29.399399
03/09/2024 15:00,0.494025,-6.0833335,105.250015,32.622395,29.359934
03/09/2024 16:00,0.494025,-6.0833335,105.250015,32.629833,29.318285
03/09/2024 17:00,0.494025,-6.0833335,105.250015,32.6401,29.27329
03/09/2024 18:00,0.494025,-6.0833335,105.250015,32.650597,29.228888
03/09/2024 19:00,0.494025,-6.0833335,105.250015,32.661396,29.185005
03/09/2024 20:00,0.494025,-6.0833335,105.250015,32.671375,29.144855
03/09/2024 21:00,0.494025,-6.0833335,105.250015,32.679615,29.11051
03/09/2024 22:00,0.494025,-6.0833335,105.250015,32.68543,29.081116
03/09/2024 23:00,0.494025,-6.0833335,105.250015,32.689434,29.057014
04/09/2024 00:00,0.494025,-6.0833335,105.250015,32.691208,29.045013
04/09/2024 01:00,0.494025,-6.0833335,105.250015,32.69055,29.051289
04/09/2024 02:00,0.494025,-6.0833335,105.250015,32.687744,29.079395
04/09/2024 03:00,0.494025,-6.0833335,105.250015,32.68282,29.135374
04/09/2024 04:00,0.494025,-6.0833335,105.250015,32.67596,29.221718
04/09/2024 05:00,0.494025,-6.0833335,105.250015,32.667496,29.32518
04/09/2024 06:00,0.494025,-6.0833335,105.250015,32.657284,29.400969
04/09/2024 07:00,0.494025,-6.0833335,105.250015,32.6457,29.434483
04/09/2024 08:00,0.494025,-6.0833335,105.250015,32.633984,29.447502
04/09/2024 09:00,0.494025,-6.0833335,105.250015,32.62446,29.432806
04/09/2024 10:00,0.494025,-6.0833335,105.250015,32.621906,29.399588
04/09/2024 11:00,0.494025,-6.0833335,105.250015,32.62416,29.368004
04/09/2024 12:00,0.494025,-6.0833335,105.250015,32.626038,29.34635
04/09/2024 13:00,0.494025,-6.0833335,105.250015,32.626698,29.331942
04/09/2024 14:00,0.494025,-6.0833335,105.250015,32.625767,29.320929
04/09/2024 15:00,0.494025,-6.0833335,105.250015,32.624123,29.312084
04/09/2024 16:00,0.494025,-6.0833335,105.250015,32.62277,29.303928
04/09/2024 17:00,0.494025,-6.0833335,105.250015,32.62211,29.295053
04/09/2024 18:00,0.494025,-6.0833335,105.250015,32.623394,29.284466
04/09/2024 19:00,0.494025,-6.0833335,105.250015,32.626736,29.270851
04/09/2024 20:00,0.494025,-6.0833335,105.250015,32.63136,29.253279
04/09/2024 21:00,0.494025,-6.0833335,105.250015,32.635197,29.235115
04/09/2024 22:00,0.494025,-6.0833335,105.250015,32.638084,29.217627
04/09/2024 23:00,0.494025,-6.0833335,105.250015,32.64089,29.203344
05/09/2024 00:00,0.494025,-6.0833335,105.250015,32.644108,29.199675
05/09/2024 01:00,0.494025,-6.0833335,105.250015,32.64685,29.211632
05/09/2024 02:00,0.494025,-6.0833335,105.250015,32.648247,29.238102
05/09/2024 03:00,0.494025,-6.0833335,105.250015,32.64865,29.278526
05/09/2024 04:00,0.494025,-6.0833335,105.250015,32.64802,29.332422
05/09/2024 05:00,0.494025,-6.0833335,105.250015,32.64663,29.391445
05/09/2024 06:00,0.494025,-6.0833335,105.250015,32.645252,29.443905
05/09/2024 07:00,0.494025,-6.0833335,105.250015,32.645233,29.478502
05/09/2024 08:00,0.494025,-6.0833335,105.250015,32.647278,29.492136
05/09/2024 09:00,0.494025,-6.0833335,105.250015,32.65061,29.48687
05/09/2024 10:00,0.494025,-6.0833335,105.250015,32.654102,29.469364
05/09/2024 11:00,0.494025,-6.0833335,105.250015,32.657154,29.45013
05/09/2024 12:00,0.494025,-6.0833335,105.250015,32.659515,29.434448
05/09/2024 13:00,0.494025,-6.0833335,105.250015,32.661987,29.419893
05/09/2024 14:00,0.494025,-6.0833335,105.250015,32.663876,29.406433
05/09/2024 15:00,0.494025,-6.0833335,105.250015,32.665382,29.393818
05/09/2024 16:00,0.494025,-6.0833335,105.250015,32.667187,29.379864
05/09/2024 17:00,0.494025,-6.0833335,105.250015,32.668793,29.365456
05/09/2024 18:00,0.494025,-6.0833335,105.250015,32.66952,29.352207
05/09/2024 19:00,0.494025,-6.0833335,105.250015,32.669415,29.339972
05/09/2024 20:00,0.494025,-6.0833335,105.250015,32.668907,29.327738
05/09/2024 21:00,0.494025,-6.0833335,105.250015,32.667236,29.316614
05/09/2024 22:00,0.494025,-6.0833335,105.250015,32.664333,29.30754
05/09/2024 23:00,0.494025,-6.0833335,105.250015,32.661015,29.302305
06/09/2024 00:00,0.494025,-6.0833335,105.250015,32.656666,29.310467
06/09/2024 01:00,0.494025,-6.0833335,105.250015,32.65007,29.340527
06/09/2024 02:00,0.494025,-6.0833335,105.250015,32.64083,29.39727
06/09/2024 03:00,0.494025,-6.0833335,105.250015,32.62723,29.494469
06/09/2024 04:00,0.494025,-6.0833335,105.250015,32.61344,29.650599
06/09/2024 05:00,0.494025,-6.0833335,105.250015,32.601387,29.891926
06/09/2024 06:00,0.494025,-6.0833335,105.250015,32.59012,30.163939
06/09/2024 07:00,0.494025,-6.0833335,105.250015,32.584274,30.322536
06/09/2024 08:00,0.494025,-6.0833335,105.250015,32.583435,30.2672
06/09/2024 09:00,0.494025,-6.0833335,105.250015,32.582672,30.164604
06/09/2024 10:00,0.494025,-6.0833335,105.250015,32.58212,30.036987
06/09/2024 11:00,0.494025,-6.0833335,105.250015,32.58332,29.9319
06/09/2024 12:00,0.494025,-6.0833335,105.250015,32.58913,29.860195
06/09/2024 13:00,0.494025,-6.0833335,105.250015,32.59154,29.82581
06/09/2024 14:00,0.494025,-6.0833335,105.250015,32.593437,29.794613
06/09/2024 15:00,0.494025,-6.0833335,105.250015,32.59563,29.762636
06/09/2024 16:00,0.494025,-6.0833335,105.250015,32.598442,29.740995
06/09/2024 17:00,0.494025,-6.0833335,105.250015,32.60261,29.718475
06/09/2024 18:00,0.494025,-6.0833335,105.250015,32.607815,29.69507
06/09/2024 19:00,0.494025,-6.0833335,105.250015,32.616215,29.664904
06/09/2024 20:00,0.494025,-6.0833335,105.250015,32.62874,29.625633
06/09/2024 21:00,0.494025,-6.0833335,105.250015,32.641827,29.583937
06/09/2024 22:00,0.494025,-6.0833335,105.250015,32.650646,29.549414
06/09/2024 23:00,0.494025,-6.0833335,105.250015,32.653877,29.527002
07/09/2024 00:00,0.494025,-6.0833335,105.250015,32.654488,29.520405
07/09/2024 01:00,0.494025,-6.0833335,105.250015,32.654636,29.532589
07/09/2024 02:00,0.494025,-6.0833335,105.250015,32.652096,29.570322
07/09/2024 03:00,0.494025,-6.0833335,105.250015,32.645504,29.63808
07/09/2024 04:00,0.494025,-6.0833335,105.250015,32.63485,29.740852
07/09/2024 05:00,0.494025,-6.0833335,105.250015,32.623898,29.898632
07/09/2024 06:00,0.494025,-6.0833335,105.250015,32.614895,30.10503
07/09/2024 07:00,0.494025,-6.0833335,105.250015,32.606926,30.29009
07/09/2024 08:00,0.494025,-6.0833335,105.250015,32.59965,30.27879
07/09/2024 09:00,0.494025,-6.0833335,105.250015,32.600388,30.093082
07/09/2024 10:00,0.494025,-6.0833335,105.250015,32.615356,29.934385
07/09/2024 11:00,0.494025,-6.0833335,105.250015,32.63401,29.830368
07/09/2024 12:00,0.494025,-6.0833335,105.250015,32.64138,29.780308
07/09/2024 13:00,0.494025,-6.0833335,105.250015,32.64191,29.751726
07/09/2024 14:00,0.494025,-6.0833335,105.250015,32.638927,29.73361
07/09/2024 15:00,0.494025,-6.0833335,105.250015,32.633385,29.722902
07/09/2024 16:00,0.494025,-6.0833335,105.250015,32.626873,29.717041
07/09/2024 17:00,0.494025,-6.0833335,105.250015,32.62083,29.713905
07/09/2024 18:00,0.494025,-6.0833335,105.250015,32.616295,29.71166
07/09/2024 19:00,0.494025,-6.0833335,105.250015,32.61402,29.70753
07/09/2024 20:00,0.494025,-6.0833335,105.250015,32.613667,29.698812
07/09/2024 21:00,0.494025,-6.0833335,105.250015,32.614136,29.6878
07/09/2024 22:00,0.494025,-6.0833335,105.250015,32.615513,29.675745
07/09/2024 23:00,0.494025,-6.0833335,105.250015,32.61803,29.666594
08/09/2024 00:00,0.494025,-6.0833335,105.250015,32.62011,29.672304
08/09/2024 01:00,0.494025,-6.0833335,105.250015,32.61999,29.703825
08/09/2024 02:00,0.494025,-6.0833335,105.250015,32.618114,29.763687
08/09/2024 03:00,0.494025,-6.0833335,105.250015,32.615906,29.843107
08/09/2024 04:00,0.494025,-6.0833335,105.250015,32.61408,29.939377
08/09/2024 05:00,0.494025,-6.0833335,105.250015,32.612846,30.043995
08/09/2024 06:00,0.494025,-6.0833335,105.250015,32.612724,30.128347
08/09/2024 07:00,0.494025,-6.0833335,105.250015,32.613583,30.147251
08/09/2024 08:00,0.494025,-6.0833335,105.250015,32.61851,30.093443
08/09/2024 09:00,0.494025,-6.0833335,105.250015,32.63189,30.007898
08/09/2024 10:00,0.494025,-6.0833335,105.250015,32.64944,29.913197
08/09/2024 11:00,0.494025,-6.0833335,105.250015,32.661785,29.838926
08/09/2024 12:00,0.494025,-6.0833335,105.250015,32.664963,29.791925
08/09/2024 13:00,0.494025,-6.0833335,105.250015,32.661938,29.766628
08/09/2024 14:00,0.494025,-6.0833335,105.250015,32.656384,29.75104
08/09/2024 15:00,0.494025,-6.0833335,105.250015,32.656185,29.729494
08/09/2024 16:00,0.494025,-6.0833335,105.250015,32.656475,29.6987
08/09/2024 17:00,0.494025,-6.0833335,105.250015,32.638096,29.6826
08/09/2024 18:00,0.494025,-6.0833335,105.250015,32.611996,29.671686
08/09/2024 19:00,0.494025,-6.0833335,105.250015,32.58001,29.663002
08/09/2024 20:00,0.494025,-6.0833335,105.250015,32.569504,29.667742
08/09/2024 21:00,0.494025,-6.0833335,105.250015,32.575783,29.675419
08/09/2024 22:00,0.494025,-6.0833335,105.250015,32.57848,29.681568
08/09/2024 23:00,0.494025,-6.0833335,105.250015,32.580982,29.685785
09/09/2024 00:00,0.494025,-6.0833335,105.250015,32.582836,29.702988
09/09/2024 01:00,0.494025,-6.0833335,105.250015,32.584194,29.745214
09/09/2024 02:00,0.494025,-6.0833335,105.250015,32.585342,29.7946
09/09/2024 03:00,0.494025,-6.0833335,105.250015,32.58516,29.89953
09/09/2024 04:00,0.494025,-6.0833335,105.250015,32.58316,30.09136
09/09/2024 05:00,0.494025,-6.0833335,105.250015,32.583843,30.29906
09/09/2024 06:00,0.494025,-6.0833335,105.250015,32.58445,30.491734
09/09/2024 07:00,0.494025,-6.0833335,105.250015,32.58364,30.633495
09/09/2024 08:00,0.494025,-6.0833335,105.250015,32.58365,30.608126
09/09/2024 09:00,0.494025,-6.0833335,105.250015,32.58146,30.299894
09/09/2024 10:00,0.494025,-6.0833335,105.250015,32.585197,30.115341
09/09/2024 11:00,0.494025,-6.0833335,105.250015,32.58901,30.015007
09/09/2024 12:00,0.494025,-6.0833335,105.250015,32.591103,29.951849
09/09/2024 13:00,0.494025,-6.0833335,105.250015,32.593655,29.9078
09/09/2024 14:00,0.494025,-6.0833335,105.250015,32.59404,29.869995
09/09/2024 15:00,0.494025,-6.0833335,105.250015,32.5934,29.841682
09/09/2024 16:00,0.494025,-6.0833335,105.250015,32.59217,29.820087
09/09/2024 17:00,0.494025,-6.0833335,105.250015,32.59095,29.80504
09/09/2024 18:00,0.494025,-6.0833335,105.250015,32.590816,29.795727
09/09/2024 19:00,0.494025,-6.0833335,105.250015,32.589493,29.790066
09/09/2024 20:00,0.494025,-6.0833335,105.250015,32.52583,29.754948
09/09/2024 21:00,0.494025,-6.0833335,105.250015,32.44922,29.671934
09/09/2024 22:00,0.494025,-6.0833335,105.250015,32.468613,29.623413
09/09/2024 23:00,0.494025,-6.0833335,105.250015,32.493717,29.6192
10/09/2024 00:00,0.494025,-6.0833335,105.250015,32.546337,29.747307
10/09/2024 01:00,0.494025,-6.0833335,105.250015,32.55891,29.811098
10/09/2024 02:00,0.494025,-6.0833335,105.250015,32.56144,29.889275
10/09/2024 03:00,0.494025,-6.0833335,105.250015,32.558132,30.001896
10/09/2024 04:00,0.494025,-6.0833335,105.250015,32.55398,30.0685
10/09/2024 05:00,0.494025,-6.0833335,105.250015,32.55384,30.120607
10/09/2024 06:00,0.494025,-6.0833335,105.250015,32.556843,30.238356
10/09/2024 07:00,0.494025,-6.0833335,105.250015,32.5554,30.381485
10/09/2024 08:00,0.494025,-6.0833335,105.250015,32.53179,30.353804
10/09/2024 09:00,0.494025,-6.0833335,105.250015,32.526802,30.237791
10/09/2024 10:00,0.494025,-6.0833335,105.250015,32.53826,30.132565
10/09/2024 11:00,0.494025,-6.0833335,105.250015,32.544582,30.05268
10/09/2024 12:00,0.494025,-6.0833335,105.250015,32.54958,29.996872
10/09/2024 13:00,0.494025,-6.0833335,105.250015,32.553246,29.957087
10/09/2024 14:00,0.494025,-6.0833335,105.250015,32.5567,29.927896
10/09/2024 15:00,0.494025,-6.0833335,105.250015,32.558994,29.901178
10/09/2024 16:00,0.494025,-6.0833335,105.250015,32.56166,29.877611
10/09/2024 17:00,0.494025,-6.0833335,105.250015,32.564964,29.851507
10/09/2024 18:00,0.494025,-6.0833335,105.250015,32.57101,29.821081
10/09/2024 19:00,0.494025,-6.0833335,105.250015,32.578037,29.788792
10/09/2024 20:00,0.494025,-6.0833335,105.250015,32.584217,29.757906
10/09/2024 21:00,0.494025,-6.0833335,105.250015,32.5908,29.726564
10/09/2024 22:00,0.494025,-6.0833335,105.250015,32.598747,29.694395
10/09/2024 23:00,0.494025,-6.0833335,105.250015,32.608128,29.665363
11/09/2024 00:00,0.494025,-6.0833335,105.250015,32.617264,29.653337
11/09/2024 01:00,0.494025,-6.0833335,105.250015,32.624783,29.668663
11/09/2024 02:00,0.494025,-6.0833335,105.250015,32.629753,29.710808
11/09/2024 03:00,0.494025,-6.0833335,105.250015,32.633293,29.795134
11/09/2024 04:00,0.494025,-6.0833335,105.250015,32.636646,29.945263
11/09/2024 05:00,0.494025,-6.0833335,105.250015,32.640472,30.182978
11/09/2024 06:00,0.494025,-6.0833335,105.250015,32.6439,30.42803
11/09/2024 07:00,0.494025,-6.0833335,105.250015,32.646744,30.599771
11/09/2024 08:00,0.494025,-6.0833335,105.250015,32.64779,30.587778
11/09/2024 09:00,0.494025,-6.0833335,105.250015,32.645527,30.444841
11/09/2024 10:00,0.494025,-6.0833335,105.250015,32.644184,30.325296
11/09/2024 11:00,0.494025,-6.0833335,105.250015,32.641876,30.145802
11/09/2024 12:00,0.494025,-6.0833335,105.250015,32.640884,30.034927
11/09/2024 13:00,0.494025,-6.0833335,105.250015,32.643555,29.965391
11/09/2024 14:00,0.494025,-6.0833335,105.250015,32.645214,29.920712
11/09/2024 15:00,0.494025,-6.0833335,105.250015,32.647114,29.88215
11/09/2024 16:00,0.494025,-6.0833335,105.250015,32.649647,29.846203
11/09/2024 17:00,0.494025,-6.0833335,105.250015,32.65245,29.812254
11/09/2024 18:00,0.494025,-6.0833335,105.250015,32.655785,29.780474
11/09/2024 19:00,0.494025,-6.0833335,105.250015,32.658287,29.754164
11/09/2024 20:00,0.494025,-6.0833335,105.250015,32.6599,29.731728
11/09/2024 21:00,0.494025,-6.0833335,105.250015,32.65921,29.714798
11/09/2024 22:00,0.494025,-6.0833335,105.250015,32.65957,29.703264
11/09/2024 23:00,0.494025,-6.0833335,105.250015,32.662766,29.695105
12/09/2024 00:00,0.494025,-6.0833335,105.250015,32.665,29.69235
12/09/2024 01:00,0.494025,-6.0833335,105.250015,32.66625,29.708813
12/09/2024 02:00,0.494025,-6.0833335,105.250015,32.66522,29.754671
12/09/2024 03:00,0.494025,-6.0833335,105.250015,32.66083,29.837593
12/09/2024 04:00,0.494025,-6.0833335,105.250015,32.65539,29.974052
12/09/2024 05:00,0.494025,-6.0833335,105.250015,32.65585,30.179544
12/09/2024 06:00,0.494025,-6.0833335,105.250015,32.656254,30.407553
12/09/2024 07:00,0.494025,-6.0833335,105.250015,32.656727,30.57506
12/09/2024 08:00,0.494025,-6.0833335,105.250015,32.658043,30.618858
12/09/2024 09:00,0.494025,-6.0833335,105.250015,32.659103,30.405478
12/09/2024 10:00,0.494025,-6.0833335,105.250015,32.659645,30.166174
12/09/2024 11:00,0.494025,-6.0833335,105.250015,32.666862,29.97122
12/09/2024 12:00,0.494025,-6.0833335,105.250015,32.680527,29.833378
12/09/2024 13:00,0.494025,-6.0833335,105.250015,32.69154,29.746647
12/09/2024 14:00,0.494025,-6.0833335,105.250015,32.69734,29.694649
12/09/2024 15:00,0.494025,-6.0833335,105.250015,32.701885,29.656734
12/09/2024 16:00,0.494025,-6.0833335,105.250015,32.70369,29.630608
12/09/2024 17:00,0.494025,-6.0833335,105.250015,32.70241,29.613762
12/09/2024 18:00,0.494025,-6.0833335,105.250015,32.69942,29.606596
12/09/2024 19:00,0.494025,-6.0833335,105.250015,32.696243,29.601576
12/09/2024 20:00,0.494025,-6.0833335,105.250015,32.693142,29.59503
12/09/2024 21:00,0.494025,-6.0833335,105.250015,32.692913,29.584974
12/09/2024 22:00,0.494025,-6.0833335,105.250015,32.69471,29.570673
12/09/2024 23:00,0.494025,-6.0833335,105.250015,32.69476,29.559881
13/09/2024 00:00,0.494025,-6.0833335,105.250015,32.6942,29.5621
13/09/2024 01:00,0.494025,-6.0833335,105.250015,32.694435,29.58218
13/09/2024 02:00,0.494025,-6.0833335,105.250015,32.693943,29.623528
13/09/2024 03:00,0.494025,-6.0833335,105.250015,32.6935,29.692518
13/09/2024 04:00,0.494025,-6.0833335,105.250015,32.693787,29.786875
13/09/2024 05:00,0.494025,-6.0833335,105.250015,32.69411,29.901272
13/09/2024 06:00,0.494025,-6.0833335,105.250015,32.694523,30.016407
13/09/2024 07:00,0.494025,-6.0833335,105.250015,32.695206,30.107317
13/09/2024 08:00,0.494025,-6.0833335,105.250015,32.69574,30.143456
13/09/2024 09:00,0.494025,-6.0833335,105.250015,32.695904,30.063862
13/09/2024 10:00,0.494025,-6.0833335,105.250015,32.6968,29.920792
13/09/2024 11:00,0.494025,-6.0833335,105.250015,32.70083,29.815428
13/09/2024 12:00,0.494025,-6.0833335,105.250015,32.7076,29.737823
13/09/2024 13:00,0.494025,-6.0833335,105.250015,32.714874,29.668678
13/09/2024 14:00,0.494025,-6.0833335,105.250015,32.721184,29.612782
13/09/2024 15:00,0.494025,-6.0833335,105.250015,32.72995,29.55436
13/09/2024 16:00,0.494025,-6.0833335,105.250015,32.740063,29.498848
13/09/2024 17:00,0.494025,-6.0833335,105.250015,32.75084,29.449121
13/09/2024 18:00,0.494025,-6.0833335,105.250015,32.763435,29.401632
13/09/2024 19:00,0.494025,-6.0833335,105.250015,32.780254,29.354671
13/09/2024 20:00,0.494025,-6.0833335,105.250015,32.800888,29.301952
13/09/2024 21:00,0.494025,-6.0833335,105.250015,32.819485,29.251247
13/09/2024 22:00,0.494025,-6.0833335,105.250015,32.83487,29.206419
13/09/2024 23:00,0.494025,-6.0833335,105.250015,32.842743,29.178396
14/09/2024 00:00,0.494025,-6.0833335,105.250015,32.844475,29.170485
14/09/2024 01:00,0.494025,-6.0833335,105.250015,32.84246,29.184315
14/09/2024 02:00,0.494025,-6.0833335,105.250015,32.836945,29.221872
14/09/2024 03:00,0.494025,-6.0833335,105.250015,32.828655,29.284117
14/09/2024 04:00,0.494025,-6.0833335,105.250015,32.819027,29.370014
14/09/2024 05:00,0.494025,-6.0833335,105.250015,32.80915,29.474586
14/09/2024 06:00,0.494025,-6.0833335,105.250015,32.799168,29.572704
14/09/2024 07:00,0.494025,-6.0833335,105.250015,32.78887,29.62474
14/09/2024 08:00,0.494025,-6.0833335,105.250015,32.780106,29.626783
14/09/2024 09:00,0.494025,-6.0833335,105.250015,32.77712,29.5997
14/09/2024 10:00,0.494025,-6.0833335,105.250015,32.779533,29.556839
14/09/2024 11:00,0.494025,-6.0833335,105.250015,32.78504,29.51065
14/09/2024 12:00,0.494025,-6.0833335,105.250015,32.791485,29.465494
14/09/2024 13:00,0.494025,-6.0833335,105.250015,32.797344,29.42651
14/09/2024 14:00,0.494025,-6.0833335,105.250015,32.803116,29.390965
14/09/2024 15:00,0.494025,-6.0833335,105.250015,32.809315,29.356627
14/09/2024 16:00,0.494025,-6.0833335,105.250015,32.815,29.324726
14/09/2024 17:00,0.494025,-6.0833335,105.250015,32.81938,29.297125
14/09/2024 18:00,0.494025,-6.0833335,105.250015,32.823112,29.272007
14/09/2024 19:00,0.494025,-6.0833335,105.250015,32.824413,29.252592
14/09/2024 20:00,0.494025,-6.0833335,105.250015,32.822998,29.240189
14/09/2024 21:00,0.494025,-6.0833335,105.250015,32.82274,29.22772
14/09/2024 22:00,0.494025,-6.0833335,105.250015,32.829037,29.203264
14/09/2024 23:00,0.494025,-6.0833335,105.250015,32.83569,29.179213
15/09/2024 00:00,0.494025,-6.0833335,105.250015,32.836903,29.177223
15/09/2024 01:00,0.494025,-6.0833335,105.250015,32.834652,29.199589
15/09/2024 02:00,0.494025,-6.0833335,105.250015,32.82964,29.244549
15/09/2024 03:00,0.494025,-6.0833335,105.250015,32.822,29.310919
15/09/2024 04:00,0.494025,-6.0833335,105.250015,32.81236,29.396778
15/09/2024 05:00,0.494025,-6.0833335,105.250015,32.801514,29.499865
15/09/2024 06:00,0.494025,-6.0833335,105.250015,32.789845,29.61184
15/09/2024 07:00,0.494025,-6.0833335,105.250015,32.777378,29.695219
15/09/2024 08:00,0.494025,-6.0833335,105.250015,32.765125,29.709568
15/09/2024 09:00,0.494025,-6.0833335,105.250015,32.756947,29.675804
15/09/2024 10:00,0.494025,-6.0833335,105.250015,32.756485,29.624714
15/09/2024 11:00,0.494025,-6.0833335,105.250015,32.761253,29.567116
15/09/2024 12:00,0.494025,-6.0833335,105.250015,32.76696,29.515759
15/09/2024 13:00,0.494025,-6.0833335,105.250015,32.7712,29.473423
15/09/2024 14:00,0.494025,-6.0833335,105.250015,32.772846,29.437975
15/09/2024 15:00,0.494025,-6.0833335,105.250015,32.773613,29.405529
15/09/2024 16:00,0.494025,-6.0833335,105.250015,32.776062,29.369677
15/09/2024 17:00,0.494025,-6.0833335,105.250015,32.778076,29.33424
15/09/2024 18:00,0.494025,-6.0833335,105.250015,32.77779,29.304089
15/09/2024 19:00,0.494025,-6.0833335,105.250015,32.776657,29.27675
15/09/2024 20:00,0.494025,-6.0833335,105.250015,32.7765,29.248255
15/09/2024 21:00,0.494025,-6.0833335,105.250015,32.781178,29.213394
15/09/2024 22:00,0.494025,-6.0833335,105.250015,32.791565,29.171858
15/09/2024 23:00,0.494025,-6.0833335,105.250015,32.80649,29.129921
16/09/2024 00:00,0.494025,-6.0833335,105.250015,32.814674,29.112295
16/09/2024 01:00,0.494025,-6.0833335,105.250015,32.82018,29.117262
16/09/2024 02:00,0.494025,-6.0833335,105.250015,32.824562,29.140175
16/09/2024 03:00,0.494025,-6.0833335,105.250015,32.828632,29.177559
16/09/2024 04:00,0.494025,-6.0833335,105.250015,32.83409,29.220156
16/09/2024 05:00,0.494025,-6.0833335,105.250015,32.844994,29.25092
16/09/2024 06:00,0.494025,-6.0833335,105.250015,32.860416,29.265366
16/09/2024 07:00,0.494025,-6.0833335,105.250015,32.873856,29.27041
16/09/2024 08:00,0.494025,-6.0833335,105.250015,32.88892,29.25722
16/09/2024 09:00,0.494025,-6.0833335,105.250015,32.90329,29.228838
16/09/2024 10:00,0.494025,-6.0833335,105.250015,32.91425,29.192432
16/09/2024 11:00,0.494025,-6.0833335,105.250015,32.922752,29.15397
16/09/2024 12:00,0.494025,-6.0833335,105.250015,32.9292,29.118406
16/09/2024 13:00,0.494025,-6.0833335,105.250015,32.93425,29.086594
16/09/2024 14:00,0.494025,-6.0833335,105.250015,32.938587,29.056885
16/09/2024 15:00,0.494025,-6.0833335,105.250015,32.943924,29.02588
16/09/2024 16:00,0.494025,-6.0833335,105.250015,32.94932,28.994118
16/09/2024 17:00,0.494025,-6.0833335,105.250015,32.953888,28.963915
16/09/2024 18:00,0.494025,-6.0833335,105.250015,32.958145,28.933947
16/09/2024 19:00,0.494025,-6.0833335,105.250015,32.962013,28.905
16/09/2024 20:00,0.494025,-6.0833335,105.250015,32.96549,28.877182
16/09/2024 21:00,0.494025,-6.0833335,105.250015,32.96805,28.850897
16/09/2024 22:00,0.494025,-6.0833335,105.250015,32.97037,28.825487
16/09/2024 23:00,0.494025,-6.0833335,105.250015,32.974323,28.8028
17/09/2024 00:00,0.494025,-6.0833335,105.250015,32.978184,28.792273
17/09/2024 01:00,0.494025,-6.0833335,105.250015,32.97856,28.798935
17/09/2024 02:00,0.494025,-6.0833335,105.250015,32.975742,28.824064
17/09/2024 03:00,0.494025,-6.0833335,105.250015,32.97101,28.86353
17/09/2024 04:00,0.494025,-6.0833335,105.250015,32.96493,28.911766
17/09/2024 05:00,0.494025,-6.0833335,105.250015,32.958073,28.96349
17/09/2024 06:00,0.494025,-6.0833335,105.250015,32.9511,29.012043
17/09/2024 07:00,0.494025,-6.0833335,105.250015,32.944157,29.051504
17/09/2024 08:00,0.494025,-6.0833335,105.250015,32.9387,29.072975
17/09/2024 09:00,0.494025,-6.0833335,105.250015,32.936234,29.071795
17/09/2024 10:00,0.494025,-6.0833335,105.250015,32.93402,29.05581
17/09/2024 11:00,0.494025,-6.0833335,105.250015,32.930832,29.03656
17/09/2024 12:00,0.494025,-6.0833335,105.250015,32.927074,29.018204
17/09/2024 13:00,0.494025,-6.0833335,105.250015,32.92277,29.000965
17/09/2024 14:00,0.494025,-6.0833335,105.250015,32.91844,28.984333
17/09/2024 15:00,0.494025,-6.0833335,105.250015,32.914852,28.966892
17/09/2024 16:00,0.494025,-6.0833335,105.250015,32.91179,28.948515
17/09/2024 17:00,0.494025,-6.0833335,105.250015,32.909485,28.929447
17/09/2024 18:00,0.494025,-6.0833335,105.250015,32.90844,28.90891
17/09/2024 19:00,0.494025,-6.0833335,105.250015,32.90796,28.888977
17/09/2024 20:00,0.494025,-6.0833335,105.250015,32.907085,28.871792
17/09/2024 21:00,0.494025,-6.0833335,105.250015,32.906124,28.856781
17/09/2024 22:00,0.494025,-6.0833335,105.250015,32.9057,28.841295
17/09/2024 23:00,0.494025,-6.0833335,105.250015,32.905888,28.829039
18/09/2024 00:00,0.494025,-6.0833335,105.250015,32.905624,28.831594
18/09/2024 01:00,0.494025,-6.0833335,105.250015,32.903908,28.853628
18/09/2024 02:00,0.494025,-6.0833335,105.250015,32.900696,28.894464
18/09/2024 03:00,0.494025,-6.0833335,105.250015,32.896366,28.951536
18/09/2024 04:00,0.494025,-6.0833335,105.250015,32.89174,29.016926
18/09/2024 05:00,0.494025,-6.0833335,105.250015,32.888386,29.081076
18/09/2024 06:00,0.494025,-6.0833335,105.250015,32.891003,29.134867
18/09/2024 07:00,0.494025,-6.0833335,105.250015,32.896114,29.170252
18/09/2024 08:00,0.494025,-6.0833335,105.250015,32.902042,29.183376
18/09/2024 09:00,0.494025,-6.0833335,105.250015,32.908173,29.171274
18/09/2024 10:00,0.494025,-6.0833335,105.250015,32.91362,29.142654
18/09/2024 11:00,0.494025,-6.0833335,105.250015,32.918213,29.10932
18/09/2024 12:00,0.494025,-6.0833335,105.250015,32.922215,29.074955
18/09/2024 13:00,0.494025,-6.0833335,105.250015,32.92599,29.042664
18/09/2024 14:00,0.494025,-6.0833335,105.250015,32.92917,29.013363
18/09/2024 15:00,0.494025,-6.0833335,105.250015,32.931095,28.987852
18/09/2024 16:00,0.494025,-6.0833335,105.250015,32.93291,28.966982
18/09/2024 17:00,0.494025,-6.0833335,105.250015,32.936695,28.94634
18/09/2024 18:00,0.494025,-6.0833335,105.250015,32.941883,28.925306
18/09/2024 19:00,0.494025,-6.0833335,105.250015,32.94574,28.903555
18/09/2024 20:00,0.494025,-6.0833335,105.250015,32.94919,28.881311
18/09/2024 21:00,0.494025,-6.0833335,105.250015,32.953354,28.858704
18/09/2024 22:00,0.494025,-6.0833335,105.250015,32.959145,28.836359
18/09/2024 23:00,0.494025,-6.0833335,105.250015,32.965534,28.817608
19/09/2024 00:00,0.494025,-6.0833335,105.250015,32.969883,28.813015
19/09/2024 01:00,0.494025,-6.0833335,105.250015,32.97245,28.829031
19/09/2024 02:00,0.494025,-6.0833335,105.250015,32.974262,28.863136
19/09/2024 03:00,0.494025,-6.0833335,105.250015,32.97519,28.914455
19/09/2024 04:00,0.494025,-6.0833335,105.250015,32.975113,28.98274
19/09/2024 05:00,0.494025,-6.0833335,105.250015,32.974632,29.061565
19/09/2024 06:00,0.494025,-6.0833335,105.250015,32.97363,29.12374
19/09/2024 07:00,0.494025,-6.0833335,105.250015,32.97191,29.151127
19/09/2024 08:00,0.494025,-6.0833335,105.250015,32.970085,29.153355
19/09/2024 09:00,0.494025,-6.0833335,105.250015,32.968716,29.138031
19/09/2024 10:00,0.494025,-6.0833335,105.250015,32.967445,29.106804
19/09/2024 11:00,0.494025,-6.0833335,105.250015,32.96507,29.06779
19/09/2024 12:00,0.494025,-6.0833335,105.250015,32.962753,29.04273
19/09/2024 13:00,0.494025,-6.0833335,105.250015,32.96116,29.03333
19/09/2024 14:00,0.494025,-6.0833335,105.250015,32.959606,29.027824
19/09/2024 15:00,0.494025,-6.0833335,105.250015,32.957993,29.0221
19/09/2024 16:00,0.494025,-6.0833335,105.250015,32.95626,29.015589
19/09/2024 17:00,0.494025,-6.0833335,105.250015,32.954308,29.010588
19/09/2024 18:00,0.494025,-6.0833335,105.250015,32.95235,29.007368
19/09/2024 19:00,0.494025,-6.0833335,105.250015,32.95083,29.004093
19/09/2024 20:00,0.494025,-6.0833335,105.250015,32.94974,28.999264
19/09/2024 21:00,0.494025,-6.0833335,105.250015,32.94891,28.992758
19/09/2024 22:00,0.494025,-6.0833335,105.250015,32.948254,28.98571
19/09/2024 23:00,0.494025,-6.0833335,105.250015,32.947216,28.981243
20/09/2024 00:00,0.494025,-6.0833335,105.250015,32.945408,28.989616
20/09/2024 01:00,0.494025,-6.0833335,105.250015,32.94376,29.013548
20/09/2024 02:00,0.494025,-6.0833335,105.250015,32.94198,29.053408
20/09/2024 03:00,0.494025,-6.0833335,105.250015,32.940086,29.10996
20/09/2024 04:00,0.494025,-6.0833335,105.250015,32.938553,29.180052
20/09/2024 05:00,0.494025,-6.0833335,105.250015,32.9374,29.255116
20/09/2024 06:00,0.494025,-6.0833335,105.250015,32.936493,29.322626
20/09/2024 07:00,0.494025,-6.0833335,105.250015,32.93569,29.37272
20/09/2024 08:00,0.494025,-6.0833335,105.250015,32.93442,29.388594
20/09/2024 09:00,0.494025,-6.0833335,105.250015,32.932037,29.36915
20/09/2024 10:00,0.494025,-6.0833335,105.250015,32.928646,29.329165
20/09/2024 11:00,0.494025,-6.0833335,105.250015,32.926003,29.290024
20/09/2024 12:00,0.494025,-6.0833335,105.250015,32.926132,29.26146
20/09/2024 13:00,0.494025,-6.0833335,105.250015,32.927174,29.2411
20/09/2024 14:00,0.494025,-6.0833335,105.250015,32.928406,29.221836
20/09/2024 15:00,0.494025,-6.0833335,105.250015,32.929535,29.203903
20/09/2024 16:00,0.494025,-6.0833335,105.250015,32.93065,29.188143
20/09/2024 17:00,0.494025,-6.0833335,105.250015,32.931854,29.173946
20/09/2024 18:00,0.494025,-6.0833335,105.250015,32.933117,29.16112
20/09/2024 19:00,0.494025,-6.0833335,105.250015,32.93445,29.149433
20/09/2024 20:00,0.494025,-6.0833335,105.250015,32.935745,29.13694
20/09/2024 21:00,0.494025,-6.0833335,105.250015,32.937004,29.124443
20/09/2024 22:00,0.494025,-6.0833335,105.250015,32.938305,29.111282
20/09/2024 23:00,0.494025,-6.0833335,105.250015,32.93965,29.102499
21/09/2024 00:00,0.494025,-6.0833335,105.250015,32.94093,29.106749
21/09/2024 01:00,0.494025,-6.0833335,105.250015,32.941998,29.128042
21/09/2024 02:00,0.494025,-6.0833335,105.250015,32.942837,29.170689
21/09/2024 03:00,0.494025,-6.0833335,105.250015,32.943493,29.243195
21/09/2024 04:00,0.494025,-6.0833335,105.250015,32.94422,29.352188
21/09/2024 05:00,0.494025,-6.0833335,105.250015,32.94529,29.490421
21/09/2024 06:00,0.494025,-6.0833335,105.250015,32.946617,29.630116
21/09/2024 07:00,0.494025,-6.0833335,105.250015,32.94737,29.696095
21/09/2024 08:00,0.494025,-6.0833335,105.250015,32.947407,29.663954
21/09/2024 09:00,0.494025,-6.0833335,105.250015,32.947052,29.573992
21/09/2024 10:00,0.494025,-6.0833335,105.250015,32.946842,29.482405
21/09/2024 11:00,0.494025,-6.0833335,105.250015,32.9468,29.414543
21/09/2024 12:00,0.494025,-6.0833335,105.250015,32.946835,29.364504
21/09/2024 13:00,0.494025,-6.0833335,105.250015,32.94707,29.327387
21/09/2024 14:00,0.494025,-6.0833335,105.250015,32.947853,29.300112
21/09/2024 15:00,0.494025,-6.0833335,105.250015,32.949017,29.27548
21/09/2024 16:00,0.494025,-6.0833335,105.250015,32.95045,29.256882
21/09/2024 17:00,0.494025,-6.0833335,105.250015,32.95209,29.239653
21/09/2024 18:00,0.494025,-6.0833335,105.250015,32.95361,29.224998
21/09/2024 19:00,0.494025,-6.0833335,105.250015,32.95507,29.214062
21/09/2024 20:00,0.494025,-6.0833335,105.250015,32.956512,29.205517
21/09/2024 21:00,0.494025,-6.0833335,105.250015,32.957993,29.196484
21/09/2024 22:00,0.494025,-6.0833335,105.250015,32.959602,29.186361
21/09/2024 23:00,0.494025,-6.0833335,105.250015,32.961445,29.181334
22/09/2024 00:00,0.494025,-6.0833335,105.250015,32.963352,29.192066
22/09/2024 01:00,0.494025,-6.0833335,105.250015,32.964893,29.228296
22/09/2024 02:00,0.494025,-6.0833335,105.250015,32.96656,29.313976
22/09/2024 03:00,0.494025,-6.0833335,105.250015,32.96892,29.490791
22/09/2024 04:00,0.494025,-6.0833335,105.250015,32.9714,29.739153
22/09/2024 05:00,0.494025,-6.0833335,105.250015,32.973804,29.984844
22/09/2024 06:00,0.494025,-6.0833335,105.250015,32.976955,30.178032
22/09/2024 07:00,0.494025,-6.0833335,105.250015,32.981014,30.293297
22/09/2024 08:00,0.494025,-6.0833335,105.250015,32.983215,30.230799
22/09/2024 09:00,0.494025,-6.0833335,105.250015,32.9806,30.01753
22/09/2024 10:00,0.494025,-6.0833335,105.250015,32.979393,29.835558
22/09/2024 11:00,0.494025,-6.0833335,105.250015,32.979347,29.691257
22/09/2024 12:00,0.494025,-6.0833335,105.250015,32.98051,29.61089
22/09/2024 13:00,0.494025,-6.0833335,105.250015,32.981976,29.555908
22/09/2024 14:00,0.494025,-6.0833335,105.250015,32.983845,29.5088
22/09/2024 15:00,0.494025,-6.0833335,105.250015,32.985954,29.471197
22/09/2024 16:00,0.494025,-6.0833335,105.250015,32.988182,29.438944
22/09/2024 17:00,0.494025,-6.0833335,105.250015,32.990517,29.412777
22/09/2024 18:00,0.494025,-6.0833335,105.250015,32.992893,29.395313
22/09/2024 19:00,0.494025,-6.0833335,105.250015,32.99538,29.388618
22/09/2024 20:00,0.494025,-6.0833335,105.250015,32.998135,29.385654
22/09/2024 21:00,0.494025,-6.0833335,105.250015,33.000885,29.380053
22/09/2024 22:00,0.494025,-6.0833335,105.250015,33.0034,29.372381
22/09/2024 23:00,0.494025,-6.0833335,105.250015,33.00567,29.368332
23/09/2024 00:00,0.494025,-6.0833335,105.250015,33.00772,29.375973
23/09/2024 01:00,0.494025,-6.0833335,105.250015,33.010216,29.429144
23/09/2024 02:00,0.494025,-6.0833335,105.250015,33.01341,29.573654
23/09/2024 03:00,0.494025,-6.0833335,105.250015,33.016666,29.787024
23/09/2024 04:00,0.494025,-6.0833335,105.250015,33.01994,30.023613
23/09/2024 05:00,0.494025,-6.0833335,105.250015,33.022842,30.264389
23/09/2024 06:00,0.494025,-6.0833335,105.250015,33.025578,30.487097
23/09/2024 07:00,0.494025,-6.0833335,105.250015,33.029015,30.639462
23/09/2024 08:00,0.494025,-6.0833335,105.250015,33.032887,30.700878
23/09/2024 09:00,0.494025,-6.0833335,105.250015,33.03694,30.642477
23/09/2024 10:00,0.494025,-6.0833335,105.250015,33.03515,30.286177
23/09/2024 11:00,0.494025,-6.0833335,105.250015,33.02879,30.069767
23/09/2024 12:00,0.494025,-6.0833335,105.250015,33.023838,29.940763
23/09/2024 13:00,0.494025,-6.0833335,105.250015,33.025867,29.833376
23/09/2024 14:00,0.494025,-6.0833335,105.250015,33.028187,29.736504
23/09/2024 15:00,0.494025,-6.0833335,105.250015,33.029423,29.655237
23/09/2024 16:00,0.494025,-6.0833335,105.250015,33.030167,29.592852
23/09/2024 17:00,0.494025,-6.0833335,105.250015,33.025684,29.537004
23/09/2024 18:00,0.494025,-6.0833335,105.250015,33.02618,29.501625
23/09/2024 19:00,0.494025,-6.0833335,105.250015,33.03241,29.488905
23/09/2024 20:00,0.494025,-6.0833335,105.250015,33.031864,29.467228
23/09/2024 21:00,0.494025,-6.0833335,105.250015,33.03194,29.438078
23/09/2024 22:00,0.494025,-6.0833335,105.250015,33.039604,29.431845
23/09/2024 23:00,0.494025,-6.0833335,105.250015,33.043015,29.425705
24/09/2024 00:00,0.494025,-6.0833335,105.250015,33.045532,29.437637
24/09/2024 01:00,0.494025,-6.0833335,105.250015,33.04786,29.494751
24/09/2024 02:00,0.494025,-6.0833335,105.250015,33.049984,29.63177
24/09/2024 03:00,0.494025,-6.0833335,105.250015,33.052498,29.815626
24/09/2024 04:00,0.494025,-6.0833335,105.250015,33.021847,30.007736
24/09/2024 05:00,0.494025,-6.0833335,105.250015,32.993637,30.016928
24/09/2024 06:00,0.494025,-6.0833335,105.250015,32.990837,30.08668
24/09/2024 07:00,0.494025,-6.0833335,105.250015,32.99932,30.081516
24/09/2024 08:00,0.494025,-6.0833335,105.250015,33.017002,29.966578
24/09/2024 09:00,0.494025,-6.0833335,105.250015,33.02424,29.923262
24/09/2024 10:00,0.494025,-6.0833335,105.250015,33.02727,29.880007
24/09/2024 11:00,0.494025,-6.0833335,105.250015,33.029873,29.821733
24/09/2024 12:00,0.494025,-6.0833335,105.250015,33.03239,29.76657
24/09/2024 13:00,0.494025,-6.0833335,105.250015,33.035183,29.714329
24/09/2024 14:00,0.494025,-6.0833335,105.250015,33.03832,29.664663
24/09/2024 15:00,0.494025,-6.0833335,105.250015,33.043385,29.61359
24/09/2024 16:00,0.494025,-6.0833335,105.250015,33.052258,29.57439
24/09/2024 17:00,0.494025,-6.0833335,105.250015,33.058384,29.541323
24/09/2024 18:00,0.494025,-6.0833335,105.250015,33.062927,29.51909
24/09/2024 19:00,0.494025,-6.0833335,105.250015,33.065304,29.5058
24/09/2024 20:00,0.494025,-6.0833335,105.250015,33.066647,29.495155
24/09/2024 21:00,0.494025,-6.0833335,105.250015,33.0675,29.486609
24/09/2024 22:00,0.494025,-6.0833335,105.250015,33.068153,29.483725
24/09/2024 23:00,0.494025,-6.0833335,105.250015,33.06831,29.48468
25/09/2024 00:00,0.494025,-6.0833335,105.250015,33.06831,29.499155
25/09/2024 01:00,0.494025,-6.0833335,105.250015,33.06823,29.552528
25/09/2024 02:00,0.494025,-6.0833335,105.250015,33.06826,29.668568
25/09/2024 03:00,0.494025,-6.0833335,105.250015,33.068314,29.860708
25/09/2024 04:00,0.494025,-6.0833335,105.250015,33.068096,30.09341
25/09/2024 05:00,0.494025,-6.0833335,105.250015,33.067467,30.324072
25/09/2024 06:00,0.494025,-6.0833335,105.250015,33.066273,30.523602
25/09/2024 07:00,0.494025,-6.0833335,105.250015,33.064728,30.663084
25/09/2024 08:00,0.494025,-6.0833335,105.250015,33.06315,30.708368
25/09/2024 09:00,0.494025,-6.0833335,105.250015,33.06032,30.568443
25/09/2024 10:00,0.494025,-6.0833335,105.250015,33.054504,30.286863
25/09/2024 11:00,0.494025,-6.0833335,105.250015,33.049965,30.079468
25/09/2024 12:00,0.494025,-6.0833335,105.250015,33.04632,29.92861
25/09/2024 13:00,0.494025,-6.0833335,105.250015,33.04167,29.854063
25/09/2024 14:00,0.494025,-6.0833335,105.250015,33.036804,29.804865
25/09/2024 15:00,0.494025,-6.0833335,105.250015,33.032032,29.77083
25/09/2024 16:00,0.494025,-6.0833335,105.250015,33.02705,29.745304
25/09/2024 17:00,0.494025,-6.0833335,105.250015,33.02297,29.734463
25/09/2024 18:00,0.494025,-6.0833335,105.250015,33.017597,29.727942
25/09/2024 19:00,0.494025,-6.0833335,105.250015,33.012062,29.715649
25/09/2024 20:00,0.494025,-6.0833335,105.250015,33.007504,29.70414
25/09/2024 21:00,0.494025,-6.0833335,105.250015,33.003838,29.692377
25/09/2024 22:00,0.494025,-6.0833335,105.250015,33.000843,29.681843
25/09/2024 23:00,0.494025,-6.0833335,105.250015,32.9984,29.678751
26/09/2024 00:00,0.494025,-6.0833335,105.250015,32.9961,29.701551
26/09/2024 01:00,0.494025,-6.0833335,105.250015,32.99412,29.775087
26/09/2024 02:00,0.494025,-6.0833335,105.250015,32.992973,29.93449
26/09/2024 03:00,0.494025,-6.0833335,105.250015,32.99223,30.151508
26/09/2024 04:00,0.494025,-6.0833335,105.250015,32.99169,30.401114
26/09/2024 05:00,0.494025,-6.0833335,105.250015,32.991634,30.650023
26/09/2024 06:00,0.494025,-6.0833335,105.250015,32.992764,30.851498
26/09/2024 07:00,0.494025,-6.0833335,105.250015,32.99517,30.96326
26/09/2024 08:00,0.494025,-6.0833335,105.250015,32.9964,30.82824
26/09/2024 09:00,0.494025,-6.0833335,105.250015,32.995106,30.560135
26/09/2024 10:00,0.494025,-6.0833335,105.250015,32.99591,30.42542
26/09/2024 11:00,0.494025,-6.0833335,105.250015,32.996494,30.291975
26/09/2024 12:00,0.494025,-6.0833335,105.250015,32.9983,30.197983
26/09/2024 13:00,0.494025,-6.0833335,105.250015,33.000694,30.094004
26/09/2024 14:00,0.494025,-6.0833335,105.250015,33.004375,30.02717
26/09/2024 15:00,0.494025,-6.0833335,105.250015,33.00853,29.964064
26/09/2024 16:00,0.494025,-6.0833335,105.250015,33.0129,29.909101
26/09/2024 17:00,0.494025,-6.0833335,105.250015,33.017517,29.86114
26/09/2024 18:00,0.494025,-6.0833335,105.250015,33.021156,29.822897
26/09/2024 19:00,0.494025,-6.0833335,105.250015,33.024162,29.79263
26/09/2024 20:00,0.494025,-6.0833335,105.250015,33.026493,29.767393
26/09/2024 21:00,0.494025,-6.0833335,105.250015,33.028294,29.745333
26/09/2024 22:00,0.494025,-6.0833335,105.250015,33.029884,29.726528
26/09/2024 23:00,0.494025,-6.0833335,105.250015,33.031425,29.715216
27/09/2024 00:00,0.494025,-6.0833335,105.250015,33.032608,29.718676
27/09/2024 01:00,0.494025,-6.0833335,105.250015,33.03293,29.741337
27/09/2024 02:00,0.494025,-6.0833335,105.250015,33.032265,29.788149
27/09/2024 03:00,0.494025,-6.0833335,105.250015,33.031116,29.865839
27/09/2024 04:00,0.494025,-6.0833335,105.250015,33.030025,29.984589
27/09/2024 05:00,0.494025,-6.0833335,105.250015,33.029243,30.14245
27/09/2024 06:00,0.494025,-6.0833335,105.250015,33.028812,30.2947
27/09/2024 07:00,0.494025,-6.0833335,105.250015,33.02836,30.361769
27/09/2024 08:00,0.494025,-6.0833335,105.250015,33.02886,30.337387
27/09/2024 09:00,0.494025,-6.0833335,105.250015,33.02928,30.23323
27/09/2024 10:00,0.494025,-6.0833335,105.250015,33.029976,30.131948
27/09/2024 11:00,0.494025,-6.0833335,105.250015,33.0315,30.054024
27/09/2024 12:00,0.494025,-6.0833335,105.250015,33.033394,30.006504
27/09/2024 13:00,0.494025,-6.0833335,105.250015,33.035934,29.971289
27/09/2024 14:00,0.494025,-6.0833335,105.250015,33.039062,29.93476
27/09/2024 15:00,0.494025,-6.0833335,105.250015,33.043083,29.898048
27/09/2024 16:00,0.494025,-6.0833335,105.250015,33.04731,29.865118
27/09/2024 17:00,0.494025,-6.0833335,105.250015,33.051006,29.837395
27/09/2024 18:00,0.494025,-6.0833335,105.250015,33.054596,29.810787
27/09/2024 19:00,0.494025,-6.0833335,105.250015,33.057335,29.783306
27/09/2024 20:00,0.494025,-6.0833335,105.250015,33.059837,29.757912
27/09/2024 21:00,0.494025,-6.0833335,105.250015,33.062805,29.734306
27/09/2024 22:00,0.494025,-6.0833335,105.250015,33.0669,29.70959
27/09/2024 23:00,0.494025,-6.0833335,105.250015,33.068592,29.690825
28/09/2024 00:00,0.494025,-6.0833335,105.250015,33.07118,29.686651
28/09/2024 01:00,0.494025,-6.0833335,105.250015,33.073097,29.709156
28/09/2024 02:00,0.494025,-6.0833335,105.250015,33.06923,29.766214
28/09/2024 03:00,0.494025,-6.0833335,105.250015,33.06384,29.846666
28/09/2024 04:00,0.494025,-6.0833335,105.250015,33.06003,30.019054
28/09/2024 05:00,0.494025,-6.0833335,105.250015,33.057674,30.289536
28/09/2024 06:00,0.494025,-6.0833335,105.250015,33.05563,30.532103
28/09/2024 07:00,0.494025,-6.0833335,105.250015,33.054264,30.706152
28/09/2024 08:00,0.494025,-6.0833335,105.250015,33.05316,30.780952
28/09/2024 09:00,0.494025,-6.0833335,105.250015,33.047714,30.58278
28/09/2024 10:00,0.494025,-6.0833335,105.250015,33.042522,30.401653
28/09/2024 11:00,0.494025,-6.0833335,105.250015,33.038418,30.267834
28/09/2024 12:00,0.494025,-6.0833335,105.250015,33.03667,30.1677
28/09/2024 13:00,0.494025,-6.0833335,105.250015,33.03785,30.096458
28/09/2024 14:00,0.494025,-6.0833335,105.250015,33.03916,30.049488
28/09/2024 15:00,0.494025,-6.0833335,105.250015,33.040695,30.011734
28/09/2024 16:00,0.494025,-6.0833335,105.250015,33.041874,29.981497
28/09/2024 17:00,0.494025,-6.0833335,105.250015,33.042408,29.957443
28/09/2024 18:00,0.494025,-6.0833335,105.250015,33.04254,29.93644
28/09/2024 19:00,0.494025,-6.0833335,105.250015,33.043633,29.915607
28/09/2024 20:00,0.494025,-6.0833335,105.250015,33.046402,29.890852
28/09/2024 21:00,0.494025,-6.0833335,105.250015,33.048325,29.868372
28/09/2024 22:00,0.494025,-6.0833335,105.250015,33.04874,29.84917
28/09/2024 23:00,0.494025,-6.0833335,105.250015,33.0481,29.840477
29/09/2024 00:00,0.494025,-6.0833335,105.250015,33.047012,29.855185
29/09/2024 01:00,0.494025,-6.0833335,105.250015,33.046154,29.89266
29/09/2024 02:00,0.494025,-6.0833335,105.250015,33.04688,29.955389
29/09/2024 03:00,0.494025,-6.0833335,105.250015,33.047745,30.057993
29/09/2024 04:00,0.494025,-6.0833335,105.250015,33.04816,30.203396
29/09/2024 05:00,0.494025,-6.0833335,105.250015,33.048332,30.42173
29/09/2024 06:00,0.494025,-6.0833335,105.250015,33.04895,30.649754
29/09/2024 07:00,0.494025,-6.0833335,105.250015,33.04965,30.82234
29/09/2024 08:00,0.494025,-6.0833335,105.250015,33.050926,30.917027
29/09/2024 09:00,0.494025,-6.0833335,105.250015,33.05327,30.785234
29/09/2024 10:00,0.494025,-6.0833335,105.250015,33.05447,30.589075
29/09/2024 11:00,0.494025,-6.0833335,105.250015,33.05569,30.434776
29/09/2024 12:00,0.494025,-6.0833335,105.250015,33.05725,30.336979
29/09/2024 13:00,0.494025,-6.0833335,105.250015,33.05891,30.259747
29/09/2024 14:00,0.494025,-6.0833335,105.250015,33.052784,30.190025
29/09/2024 15:00,0.494025,-6.0833335,105.250015,33.052475,30.138292
29/09/2024 16:00,0.494025,-6.0833335,105.250015,33.05892,30.10878
29/09/2024 17:00,0.494025,-6.0833335,105.250015,33.0628,30.076502
29/09/2024 18:00,0.494025,-6.0833335,105.250015,33.066315,30.051035
29/09/2024 19:00,0.494025,-6.0833335,105.250015,33.07002,30.027134
29/09/2024 20:00,0.494025,-6.0833335,105.250015,33.07399,29.998896
29/09/2024 21:00,0.494025,-6.0833335,105.250015,33.07824,29.961056
29/09/2024 22:00,0.494025,-6.0833335,105.250015,33.083748,29.928728
29/09/2024 23:00,0.494025,-6.0833335,105.250015,33.090496,29.908045
30/09/2024 00:00,0.494025,-6.0833335,105.250015,33.09866,29.913652
30/09/2024 01:00,0.494025,-6.0833335,105.250015,33.104824,29.952507
30/09/2024 02:00,0.494025,-6.0833335,105.250015,33.108543,30.045406
30/09/2024 03:00,0.494025,-6.0833335,105.250015,33.111874,30.219212
30/09/2024 04:00,0.494025,-6.0833335,105.250015,33.115074,30.446907
30/09/2024 05:00,0.494025,-6.0833335,105.250015,33.118687,30.63279
30/09/2024 06:00,0.494025,-6.0833335,105.250015,33.12379,30.811304
30/09/2024 07:00,0.494025,-6.0833335,105.250015,33.129086,30.963821
30/09/2024 08:00,0.494025,-6.0833335,105.250015,33.134613,31.025795
30/09/2024 09:00,0.494025,-6.0833335,105.250015,33.14039,30.977175
30/09/2024 10:00,0.494025,-6.0833335,105.250015,33.1412,30.71165
30/09/2024 11:00,0.494025,-6.0833335,105.250015,33.14668,30.41907
30/09/2024 12:00,0.494025,-6.0833335,105.250015,33.161285,30.248636
30/09/2024 13:00,0.494025,-6.0833335,105.250015,33.172123,30.142899
30/09/2024 14:00,0.494025,-6.0833335,105.250015,33.178772,30.070303
30/09/2024 15:00,0.494025,-6.0833335,105.250015,33.182255,30.024164
30/09/2024 16:00,0.494025,-6.0833335,105.250015,33.184853,29.990578
30/09/2024 17:00,0.494025,-6.0833335,105.250015,33.18569,29.967216
30/09/2024 18:00,0.494025,-6.0833335,105.250015,33.18485,29.950247
30/09/2024 19:00,0.494025,-6.0833335,105.250015,33.18304,29.939262
30/09/2024 20:00,0.494025,-6.0833335,105.250015,33.18053,29.93213
30/09/2024 21:00,0.494025,-6.0833335,105.250015,33.177807,29.92537
30/09/2024 22:00,0.494025,-6.0833335,105.250015,33.17563,29.9166
30/09/2024 23:00,0.494025,-6.0833335,105.250015,33.173676,29.912756
01/10/2024 00:00,0.494025,-6.0833335,105.250015,33.170757,29.930805
01/10/2024 01:00,0.494025,-6.0833335,105.250015,33.16696,29.975054
01/10/2024 02:00,0.494025,-6.0833335,105.250015,33.163666,30.045002
01/10/2024 03:00,0.494025,-6.0833335,105.250015,33.16434,30.145967
01/10/2024 04:00,0.494025,-6.0833335,105.250015,33.165226,30.277554
01/10/2024 05:00,0.494025,-6.0833335,105.250015,33.166058,30.42082
01/10/2024 06:00,0.494025,-6.0833335,105.250015,33.167004,30.511957
01/10/2024 07:00,0.494025,-6.0833335,105.250015,33.168106,30.486416
01/10/2024 08:00,0.494025,-6.0833335,105.250015,33.16978,30.441372
01/10/2024 09:00,0.494025,-6.0833335,105.250015,33.172955,30.382132
01/10/2024 10:00,0.494025,-6.0833335,105.250015,33.180584,30.299799
01/10/2024 11:00,0.494025,-6.0833335,105.250015,33.19119,30.210117
01/10/2024 12:00,0.494025,-6.0833335,105.250015,33.20455,30.119684
01/10/2024 13:00,0.494025,-6.0833335,105.250015,33.216766,30.040981
01/10/2024 14:00,0.494025,-6.0833335,105.250015,33.228157,29.96965
01/10/2024 15:00,0.494025,-6.0833335,105.250015,33.238228,29.905758
01/10/2024 16:00,0.494025,-6.0833335,105.250015,33.245564,29.855629
01/10/2024 17:00,0.494025,-6.0833335,105.250015,33.251503,29.816395
01/10/2024 18:00,0.494025,-6.0833335,105.250015,33.257,29.784729
01/10/2024 19:00,0.494025,-6.0833335,105.250015,33.261463,29.76433
01/10/2024 20:00,0.494025,-6.0833335,105.250015,33.26485,29.752577
01/10/2024 21:00,0.494025,-6.0833335,105.250015,33.267174,29.747492
01/10/2024 22:00,0.494025,-6.0833335,105.250015,33.26887,29.747364
01/10/2024 23:00,0.494025,-6.0833335,105.250015,33.270313,29.755629
02/10/2024 00:00,0.494025,-6.0833335,105.250015,33.27158,29.7836
02/10/2024 01:00,0.494025,-6.0833335,105.250015,33.272686,29.835402
02/10/2024 02:00,0.494025,-6.0833335,105.250015,33.273922,29.90426
02/10/2024 03:00,0.494025,-6.0833335,105.250015,33.275608,29.992672
02/10/2024 04:00,0.494025,-6.0833335,105.250015,33.27796,30.125462
02/10/2024 05:00,0.494025,-6.0833335,105.250015,33.281147,30.311056
02/10/2024 06:00,0.494025,-6.0833335,105.250015,33.28474,30.483837
02/10/2024 07:00,0.494025,-6.0833335,105.250015,33.28702,30.524548
02/10/2024 08:00,0.494025,-6.0833335,105.250015,33.288754,30.48552
02/10/2024 09:00,0.494025,-6.0833335,105.250015,33.289997,30.392841
02/10/2024 10:00,0.494025,-6.0833335,105.250015,33.292175,30.317894
02/10/2024 11:00,0.494025,-6.0833335,105.250015,33.29588,30.272285
02/10/2024 12:00,0.494025,-6.0833335,105.250015,33.302555,30.2292
02/10/2024 13:00,0.494025,-6.0833335,105.250015,33.3098,30.192898
02/10/2024 14:00,0.494025,-6.0833335,105.250015,33.318504,30.151733
02/10/2024 15:00,0.494025,-6.0833335,105.250015,33.326416,30.122128
02/10/2024 16:00,0.494025,-6.0833335,105.250015,33.334843,30.093636
02/10/2024 17:00,0.494025,-6.0833335,105.250015,33.34423,30.063726
02/10/2024 18:00,0.494025,-6.0833335,105.250015,33.353584,30.033276
02/10/2024 19:00,0.494025,-6.0833335,105.250015,33.362816,30.002895
02/10/2024 20:00,0.494025,-6.0833335,105.250015,33.37149,29.972944
02/10/2024 21:00,0.494025,-6.0833335,105.250015,33.379047,29.945072
02/10/2024 22:00,0.494025,-6.0833335,105.250015,33.385273,29.920118
02/10/2024 23:00,0.494025,-6.0833335,105.250015,33.390205,29.904556
03/10/2024 00:00,0.494025,-6.0833335,105.250015,33.394047,29.906395
03/10/2024 01:00,0.494025,-6.0833335,105.250015,33.397038,29.924368
03/10/2024 02:00,0.494025,-6.0833335,105.250015,33.39866,29.958689
03/10/2024 03:00,0.494025,-6.0833335,105.250015,33.39897,30.018734
03/10/2024 04:00,0.494025,-6.0833335,105.250015,33.398224,30.114021
03/10/2024 05:00,0.494025,-6.0833335,105.250015,33.396816,30.265347
03/10/2024 06:00,0.494025,-6.0833335,105.250015,33.39557,30.456142
03/10/2024 07:00,0.494025,-6.0833335,105.250015,33.393166,30.564716
03/10/2024 08:00,0.494025,-6.0833335,105.250015,33.388515,30.54695
03/10/2024 09:00,0.494025,-6.0833335,105.250015,33.383232,30.473385
03/10/2024 10:00,0.494025,-6.0833335,105.250015,33.379692,30.384645
03/10/2024 11:00,0.494025,-6.0833335,105.250015,33.37855,30.30585
03/10/2024 12:00,0.494025,-6.0833335,105.250015,33.38067,30.2337
03/10/2024 13:00,0.494025,-6.0833335,105.250015,33.385857,30.164
03/10/2024 14:00,0.494025,-6.0833335,105.250015,33.389065,30.113169
03/10/2024 15:00,0.494025,-6.0833335,105.250015,33.389496,30.078564
03/10/2024 16:00,0.494025,-6.0833335,105.250015,33.389446,30.052378
03/10/2024 17:00,0.494025,-6.0833335,105.250015,33.389362,30.030918
03/10/2024 18:00,0.494025,-6.0833335,105.250015,33.389435,30.010641
03/10/2024 19:00,0.494025,-6.0833335,105.250015,33.3903,29.992079
03/10/2024 20:00,0.494025,-6.0833335,105.250015,33.391922,29.976194
03/10/2024 21:00,0.494025,-6.0833335,105.250015,33.394146,29.963646
03/10/2024 22:00,0.494025,-6.0833335,105.250015,33.3969,29.952526
03/10/2024 23:00,0.494025,-6.0833335,105.250015,33.399933,29.949125
04/10/2024 00:00,0.494025,-6.0833335,105.250015,33.40186,29.966017
04/10/2024 01:00,0.494025,-6.0833335,105.250015,33.398533,30.001574
04/10/2024 02:00,0.494025,-6.0833335,105.250015,33.395176,30.071432
04/10/2024 03:00,0.494025,-6.0833335,105.250015,33.39518,30.208303
04/10/2024 04:00,0.494025,-6.0833335,105.250015,33.395214,30.42648
04/10/2024 05:00,0.494025,-6.0833335,105.250015,33.39465,30.68248
04/10/2024 06:00,0.494025,-6.0833335,105.250015,33.394173,30.895144
04/10/2024 07:00,0.494025,-6.0833335,105.250015,33.394547,31.013182
04/10/2024 08:00,0.494025,-6.0833335,105.250015,33.392822,30.96617
04/10/2024 09:00,0.494025,-6.0833335,105.250015,33.389965,30.77924
04/10/2024 10:00,0.494025,-6.0833335,105.250015,33.387314,30.692139
04/10/2024 11:00,0.494025,-6.0833335,105.250015,33.362045,30.572517
04/10/2024 12:00,0.494025,-6.0833335,105.250015,33.350853,30.473204
04/10/2024 13:00,0.494025,-6.0833335,105.250015,33.36973,30.387636
04/10/2024 14:00,0.494025,-6.0833335,105.250015,33.381554,30.323305
04/10/2024 15:00,0.494025,-6.0833335,105.250015,33.38395,30.281569
04/10/2024 16:00,0.494025,-6.0833335,105.250015,33.388046,30.24557
04/10/2024 17:00,0.494025,-6.0833335,105.250015,33.39632,30.222916
04/10/2024 18:00,0.494025,-6.0833335,105.250015,33.40233,30.200214
04/10/2024 19:00,0.494025,-6.0833335,105.250015,33.405624,30.181223
04/10/2024 20:00,0.494025,-6.0833335,105.250015,33.40926,30.164753
04/10/2024 21:00,0.494025,-6.0833335,105.250015,33.410706,30.136646
04/10/2024 22:00,0.494025,-6.0833335,105.250015,33.414295,30.115604
04/10/2024 23:00,0.494025,-6.0833335,105.250015,33.417137,30.103146
05/10/2024 00:00,0.494025,-6.0833335,105.250015,33.419155,30.107666
05/10/2024 01:00,0.494025,-6.0833335,105.250015,33.417103,30.129255
05/10/2024 02:00,0.494025,-6.0833335,105.250015,33.41471,30.193996
05/10/2024 03:00,0.494025,-6.0833335,105.250015,33.41847,30.342724
05/10/2024 04:00,0.494025,-6.0833335,105.250015,33.422432,30.55735
05/10/2024 05:00,0.494025,-6.0833335,105.250015,33.426624,30.804071
05/10/2024 06:00,0.494025,-6.0833335,105.250015,33.4313,31.030872
05/10/2024 07:00,0.494025,-6.0833335,105.250015,33.436565,31.187088
05/10/2024 08:00,0.494025,-6.0833335,105.250015,33.442608,31.253729
05/10/2024 09:00,0.494025,-6.0833335,105.250015,33.44911,31.230377
05/10/2024 10:00,0.494025,-6.0833335,105.250015,33.45518,31.090214
05/10/2024 11:00,0.494025,-6.0833335,105.250015,33.45317,30.762976
05/10/2024 12:00,0.494025,-6.0833335,105.250015,33.451828,30.562214
05/10/2024 13:00,0.494025,-6.0833335,105.250015,33.45133,30.463017
05/10/2024 14:00,0.494025,-6.0833335,105.250015,33.42247,30.38384
05/10/2024 15:00,0.494025,-6.0833335,105.250015,33.404797,30.32615
05/10/2024 16:00,0.494025,-6.0833335,105.250015,33.40681,30.289566
05/10/2024 17:00,0.494025,-6.0833335,105.250015,33.407158,30.257719
05/10/2024 18:00,0.494025,-6.0833335,105.250015,33.417065,30.229166
05/10/2024 19:00,0.494025,-6.0833335,105.250015,33.42682,30.20201
05/10/2024 20:00,0.494025,-6.0833335,105.250015,33.433846,30.178085
05/10/2024 21:00,0.494025,-6.0833335,105.250015,33.439476,30.160223
05/10/2024 22:00,0.494025,-6.0833335,105.250015,33.442394,30.147472
05/10/2024 23:00,0.494025,-6.0833335,105.250015,33.44839,30.150331
06/10/2024 00:00,0.494025,-6.0833335,105.250015,33.45352,30.169432
06/10/2024 01:00,0.494025,-6.0833335,105.250015,33.456078,30.215132
06/10/2024 02:00,0.494025,-6.0833335,105.250015,33.458492,30.328182
06/10/2024 03:00,0.494025,-6.0833335,105.250015,33.461056,30.521984
06/10/2024 04:00,0.494025,-6.0833335,105.250015,33.46299,30.760983
06/10/2024 05:00,0.494025,-6.0833335,105.250015,33.464737,31.00119
06/10/2024 06:00,0.494025,-6.0833335,105.250015,33.466904,31.194826
06/10/2024 07:00,0.494025,-6.0833335,105.250015,33.469448,31.31571
06/10/2024 08:00,0.494025,-6.0833335,105.250015,33.471893,31.350912
06/10/2024 09:00,0.494025,-6.0833335,105.250015,33.474224,31.29403
06/10/2024 10:00,0.494025,-6.0833335,105.250015,33.47622,31.147604
06/10/2024 11:00,0.494025,-6.0833335,105.250015,33.47371,30.888954
06/10/2024 12:00,0.494025,-6.0833335,105.250015,33.469193,30.660841
06/10/2024 13:00,0.494025,-6.0833335,105.250015,33.468018,30.51527
06/10/2024 14:00,0.494025,-6.0833335,105.250015,33.467854,30.432577
06/10/2024 15:00,0.494025,-6.0833335,105.250015,33.468174,30.382486
06/10/2024 16:00,0.494025,-6.0833335,105.250015,33.469997,30.351917
06/10/2024 17:00,0.494025,-6.0833335,105.250015,33.47259,30.328436
06/10/2024 18:00,0.494025,-6.0833335,105.250015,33.475845,30.30696
06/10/2024 19:00,0.494025,-6.0833335,105.250015,33.47923,30.289165
06/10/2024 20:00,0.494025,-6.0833335,105.250015,33.482513,30.275587
06/10/2024 21:00,0.494025,-6.0833335,105.250015,33.485092,30.261389
06/10/2024 22:00,0.494025,-6.0833335,105.250015,33.48754,30.246527
06/10/2024 23:00,0.494025,-6.0833335,105.250015,33.490112,30.237411
07/10/2024 00:00,0.494025,-6.0833335,105.250015,33.492764,30.244396
07/10/2024 01:00,0.494025,-6.0833335,105.250015,33.495186,30.270546
07/10/2024 02:00,0.494025,-6.0833335,105.250015,33.49727,30.320507
07/10/2024 03:00,0.494025,-6.0833335,105.250015,33.499313,30.404533
07/10/2024 04:00,0.494025,-6.0833335,105.250015,33.50141,30.522913
07/10/2024 05:00,0.494025,-6.0833335,105.250015,33.503742,30.671825
07/10/2024 06:00,0.494025,-6.0833335,105.250015,33.50655,30.828667
07/10/2024 07:00,0.494025,-6.0833335,105.250015,33.50921,30.924948
07/10/2024 08:00,0.494025,-6.0833335,105.250015,33.51026,30.911892
07/10/2024 09:00,0.494025,-6.0833335,105.250015,33.51106,30.840559
07/10/2024 10:00,0.494025,-6.0833335,105.250015,33.510178,30.705416
07/10/2024 11:00,0.494025,-6.0833335,105.250015,33.509335,30.582197
07/10/2024 12:00,0.494025,-6.0833335,105.250015,33.50939,30.489399
07/10/2024 13:00,0.494025,-6.0833335,105.250015,33.51136,30.428684
07/10/2024 14:00,0.494025,-6.0833335,105.250015,33.51436,30.384514
07/10/2024 15:00,0.494025,-6.0833335,105.250015,33.51745,30.34572
07/10/2024 16:00,0.494025,-6.0833335,105.250015,33.519897,30.312084
07/10/2024 17:00,0.494025,-6.0833335,105.250015,33.521355,30.280973
07/10/2024 18:00,0.494025,-6.0833335,105.250015,33.52235,30.253021
07/10/2024 19:00,0.494025,-6.0833335,105.250015,33.523247,30.227152
07/10/2024 20:00,0.494025,-6.0833335,105.250015,33.525063,30.201305
07/10/2024 21:00,0.494025,-6.0833335,105.250015,33.527393,30.175728
07/10/2024 22:00,0.494025,-6.0833335,105.250015,33.529705,30.151764
07/10/2024 23:00,0.494025,-6.0833335,105.250015,33.531513,30.134428
08/10/2024 00:00,0.494025,-6.0833335,105.250015,33.532894,30.132664
08/10/2024 01:00,0.494025,-6.0833335,105.250015,33.53407,30.145992
08/10/2024 02:00,0.494025,-6.0833335,105.250015,33.535057,30.176558
08/10/2024 03:00,0.494025,-6.0833335,105.250015,33.53585,30.225307
08/10/2024 04:00,0.494025,-6.0833335,105.250015,33.53657,30.289112
08/10/2024 05:00,0.494025,-6.0833335,105.250015,33.537727,30.367529
08/10/2024 06:00,0.494025,-6.0833335,105.250015,33.53934,30.451643
08/10/2024 07:00,0.494025,-6.0833335,105.250015,33.54089,30.507774
08/10/2024 08:00,0.494025,-6.0833335,105.250015,33.541237,30.476885
08/10/2024 09:00,0.494025,-6.0833335,105.250015,33.540752,30.383547
08/10/2024 10:00,0.494025,-6.0833335,105.250015,33.542164,30.31049
08/10/2024 11:00,0.494025,-6.0833335,105.250015,33.548187,30.25327
08/10/2024 12:00,0.494025,-6.0833335,105.250015,33.555103,30.206175
08/10/2024 13:00,0.494025,-6.0833335,105.250015,33.56224,30.164886
08/10/2024 14:00,0.494025,-6.0833335,105.250015,33.569042,30.12688
08/10/2024 15:00,0.494025,-6.0833335,105.250015,33.573994,30.095781
08/10/2024 16:00,0.494025,-6.0833335,105.250015,33.57784,30.069086
08/10/2024 17:00,0.494025,-6.0833335,105.250015,33.581394,30.04489
08/10/2024 18:00,0.494025,-6.0833335,105.250015,33.584854,30.022058
08/10/2024 19:00,0.494025,-6.0833335,105.250015,33.588043,30.001335
08/10/2024 20:00,0.494025,-6.0833335,105.250015,33.591015,29.982697
08/10/2024 21:00,0.494025,-6.0833335,105.250015,33.59353,29.965963
08/10/2024 22:00,0.494025,-6.0833335,105.250015,33.595043,29.953465
08/10/2024 23:00,0.494025,-6.0833335,105.250015,33.595375,29.951918
09/10/2024 00:00,0.494025,-6.0833335,105.250015,33.594852,29.97108
09/10/2024 01:00,0.494025,-6.0833335,105.250015,33.593983,30.013775
09/10/2024 02:00,0.494025,-6.0833335,105.250015,33.591377,30.072226
09/10/2024 03:00,0.494025,-6.0833335,105.250015,33.587082,30.148142
09/10/2024 04:00,0.494025,-6.0833335,105.250015,33.581455,30.235477
09/10/2024 05:00,0.494025,-6.0833335,105.250015,33.57547,30.328846
09/10/2024 06:00,0.494025,-6.0833335,105.250015,33.569622,30.408915
09/10/2024 07:00,0.494025,-6.0833335,105.250015,33.56442,30.451279
09/10/2024 08:00,0.494025,-6.0833335,105.250015,33.562946,30.445429
09/10/2024 09:00,0.494025,-6.0833335,105.250015,33.568447,30.40317
09/10/2024 10:00,0.494025,-6.0833335,105.250015,33.574883,30.35315
09/10/2024 11:00,0.494025,-6.0833335,105.250015,33.58044,30.296368
09/10/2024 12:00,0.494025,-6.0833335,105.250015,33.586437,30.244366
09/10/2024 13:00,0.494025,-6.0833335,105.250015,33.592415,30.196447
09/10/2024 14:00,0.494025,-6.0833335,105.250015,33.597427,30.153776
09/10/2024 15:00,0.494025,-6.0833335,105.250015,33.602524,30.112682
09/10/2024 16:00,0.494025,-6.0833335,105.250015,33.610638,30.064898
09/10/2024 17:00,0.494025,-6.0833335,105.250015,33.61806,30.020365
09/10/2024 18:00,0.494025,-6.0833335,105.250015,33.62269,29.984228
09/10/2024 19:00,0.494025,-6.0833335,105.250015,33.62467,29.955282
09/10/2024 20:00,0.494025,-6.0833335,105.250015,33.62531,29.929844
09/10/2024 21:00,0.494025,-6.0833335,105.250015,33.62534,29.90583
09/10/2024 22:00,0.494025,-6.0833335,105.250015,33.62461,29.88428
09/10/2024 23:00,0.494025,-6.0833335,105.250015,33.623035,29.871702
10/10/2024 00:00,0.494025,-6.0833335,105.250015,33.620804,29.877924
10/10/2024 01:00,0.494025,-6.0833335,105.250015,33.61697,29.909554
10/10/2024 02:00,0.494025,-6.0833335,105.250015,33.61073,29.971464
10/10/2024 03:00,0.494025,-6.0833335,105.250015,33.602737,30.06698
10/10/2024 04:00,0.494025,-6.0833335,105.250015,33.594204,30.214901
10/10/2024 05:00,0.494025,-6.0833335,105.250015,33.588924,30.423174
10/10/2024 06:00,0.494025,-6.0833335,105.250015,33.585777,30.607744
10/10/2024 07:00,0.494025,-6.0833335,105.250015,33.58631,30.62623
10/10/2024 08:00,0.494025,-6.0833335,105.250015,33.58753,30.557236
10/10/2024 09:00,0.494025,-6.0833335,105.250015,33.590332,30.453968
10/10/2024 10:00,0.494025,-6.0833335,105.250015,33.59808,30.357935
10/10/2024 11:00,0.494025,-6.0833335,105.250015,33.60896,30.276192
10/10/2024 12:00,0.494025,-6.0833335,105.250015,33.618053,30.219864
10/10/2024 13:00,0.494025,-6.0833335,105.250015,33.625317,30.174995
10/10/2024 14:00,0.494025,-6.0833335,105.250015,33.631374,30.135548
10/10/2024 15:00,0.494025,-6.0833335,105.250015,33.637215,30.10035
10/10/2024 16:00,0.494025,-6.0833335,105.250015,33.643024,30.06651
10/10/2024 17:00,0.494025,-6.0833335,105.250015,33.643612,30.04148
10/10/2024 18:00,0.494025,-6.0833335,105.250015,33.636845,30.02576
10/10/2024 19:00,0.494025,-6.0833335,105.250015,33.629456,30.01792
10/10/2024 20:00,0.494025,-6.0833335,105.250015,33.622128,30.020071
10/10/2024 21:00,0.494025,-6.0833335,105.250015,33.61466,30.025322
10/10/2024 22:00,0.494025,-6.0833335,105.250015,33.60843,30.034634
10/10/2024 23:00,0.494025,-6.0833335,105.250015,33.60293,30.058458
11/10/2024 00:00,0.494025,-6.0833335,105.250015,33.59776,30.106863
11/10/2024 01:00,0.494025,-6.0833335,105.250015,33.596245,30.203058
11/10/2024 02:00,0.494025,-6.0833335,105.250015,33.59573,30.344814
11/10/2024 03:00,0.494025,-6.0833335,105.250015,33.59494,30.530628
11/10/2024 04:00,0.494025,-6.0833335,105.250015,33.595028,30.730713
11/10/2024 05:00,0.494025,-6.0833335,105.250015,33.595596,30.886631
11/10/2024 06:00,0.494025,-6.0833335,105.250015,33.595436,30.948261
11/10/2024 07:00,0.494025,-6.0833335,105.250015,33.595406,30.931953
11/10/2024 08:00,0.494025,-6.0833335,105.250015,33.595272,30.883427
11/10/2024 09:00,0.494025,-6.0833335,105.250015,33.596054,30.78733
11/10/2024 10:00,0.494025,-6.0833335,105.250015,33.599644,30.673027
11/10/2024 11:00,0.494025,-6.0833335,105.250015,33.60331,30.575357
11/10/2024 12:00,0.494025,-6.0833335,105.250015,33.608063,30.508461
11/10/2024 13:00,0.494025,-6.0833335,105.250015,33.611538,30.470346
11/10/2024 14:00,0.494025,-6.0833335,105.250015,33.617622,30.4244
11/10/2024 15:00,0.494025,-6.0833335,105.250015,33.620834,30.397516
11/10/2024 16:00,0.494025,-6.0833335,105.250015,33.620922,30.380844
11/10/2024 17:00,0.494025,-6.0833335,105.250015,33.62036,30.370625
11/10/2024 18:00,0.494025,-6.0833335,105.250015,33.619797,30.363781
11/10/2024 19:00,0.494025,-6.0833335,105.250015,33.619495,30.358765
11/10/2024 20:00,0.494025,-6.0833335,105.250015,33.61958,30.354723
11/10/2024 21:00,0.494025,-6.0833335,105.250015,33.619793,30.34292
11/10/2024 22:00,0.494025,-6.0833335,105.250015,33.620567,30.323568
11/10/2024 23:00,0.494025,-6.0833335,105.250015,33.62074,30.312363
12/10/2024 00:00,0.494025,-6.0833335,105.250015,33.621773,30.313095
12/10/2024 01:00,0.494025,-6.0833335,105.250015,33.617058,30.336248
12/10/2024 02:00,0.494025,-6.0833335,105.250015,33.61192,30.364746
12/10/2024 03:00,0.494025,-6.0833335,105.250015,33.61214,30.426254
12/10/2024 04:00,0.494025,-6.0833335,105.250015,33.61425,30.5741
12/10/2024 05:00,0.494025,-6.0833335,105.250015,33.616055,30.803528
12/10/2024 06:00,0.494025,-6.0833335,105.250015,33.616203,31.024931
12/10/2024 07:00,0.494025,-6.0833335,105.250015,33.61589,31.164467
12/10/2024 08:00,0.494025,-6.0833335,105.250015,33.616657,31.074833
12/10/2024 09:00,0.494025,-6.0833335,105.250015,33.61565,30.908855
12/10/2024 10:00,0.494025,-6.0833335,105.250015,33.612305,30.813389
12/10/2024 11:00,0.494025,-6.0833335,105.250015,33.608818,30.707342
12/10/2024 12:00,0.494025,-6.0833335,105.250015,33.60857,30.627096
12/10/2024 13:00,0.494025,-6.0833335,105.250015,33.609394,30.569782
12/10/2024 14:00,0.494025,-6.0833335,105.250015,33.60796,30.513254
12/10/2024 15:00,0.494025,-6.0833335,105.250015,33.606293,30.463434
12/10/2024 16:00,0.494025,-6.0833335,105.250015,33.60806,30.430716
12/10/2024 17:00,0.494025,-6.0833335,105.250015,33.609592,30.395866
12/10/2024 18:00,0.494025,-6.0833335,105.250015,33.611355,30.358
12/10/2024 19:00,0.494025,-6.0833335,105.250015,33.615612,30.322834
12/10/2024 20:00,0.494025,-6.0833335,105.250015,33.619625,30.291018
12/10/2024 21:00,0.494025,-6.0833335,105.250015,33.62167,30.259308
12/10/2024 22:00,0.494025,-6.0833335,105.250015,33.623257,30.225378
12/10/2024 23:00,0.494025,-6.0833335,105.250015,33.621788,30.199724
13/10/2024 00:00,0.494025,-6.0833335,105.250015,33.622776,30.203314
13/10/2024 01:00,0.494025,-6.0833335,105.250015,33.6264,30.243158
13/10/2024 02:00,0.494025,-6.0833335,105.250015,33.625435,30.316263
13/10/2024 03:00,0.494025,-6.0833335,105.250015,33.616528,30.42392
13/10/2024 04:00,0.494025,-6.0833335,105.250015,33.594563,30.525904
13/10/2024 05:00,0.494025,-6.0833335,105.250015,33.581856,30.594717
13/10/2024 06:00,0.494025,-6.0833335,105.250015,33.572533,30.649323
13/10/2024 07:00,0.494025,-6.0833335,105.250015,33.53773,30.63683
13/10/2024 08:00,0.494025,-6.0833335,105.250015,33.513947,30.59344
13/10/2024 09:00,0.494025,-6.0833335,105.250015,33.521114,30.564201
13/10/2024 10:00,0.494025,-6.0833335,105.250015,33.52714,30.52457
13/10/2024 11:00,0.494025,-6.0833335,105.250015,33.534706,30.47534
13/10/2024 12:00,0.494025,-6.0833335,105.250015,33.54437,30.427158
13/10/2024 13:00,0.494025,-6.0833335,105.250015,33.557022,30.390873
13/10/2024 14:00,0.494025,-6.0833335,105.250015,33.565533,30.360468
13/10/2024 15:00,0.494025,-6.0833335,105.250015,33.573784,30.337952
13/10/2024 16:00,0.494025,-6.0833335,105.250015,33.586353,30.330975
13/10/2024 17:00,0.494025,-6.0833335,105.250015,33.59744,30.32575
13/10/2024 18:00,0.494025,-6.0833335,105.250015,33.60174,30.300488
13/10/2024 19:00,0.494025,-6.0833335,105.250015,33.60582,30.270922
13/10/2024 20:00,0.494025,-6.0833335,105.250015,33.610077,30.244677
13/10/2024 21:00,0.494025,-6.0833335,105.250015,33.616833,30.224524
13/10/2024 22:00,0.494025,-6.0833335,105.250015,33.628498,30.219517
13/10/2024 23:00,0.494025,-6.0833335,105.250015,33.6342,30.214874
14/10/2024 00:00,0.494025,-6.0833335,105.250015,33.63998,30.243269
14/10/2024 01:00,0.494025,-6.0833335,105.250015,33.641575,30.298157
14/10/2024 02:00,0.494025,-6.0833335,105.250015,33.64214,30.39003
14/10/2024 03:00,0.494025,-6.0833335,105.250015,33.642654,30.503
14/10/2024 04:00,0.494025,-6.0833335,105.250015,33.643185,30.601759
14/10/2024 05:00,0.494025,-6.0833335,105.250015,33.643314,30.650394
14/10/2024 06:00,0.494025,-6.0833335,105.250015,33.64351,30.687073
14/10/2024 07:00,0.494025,-6.0833335,105.250015,33.64376,30.714586
14/10/2024 08:00,0.494025,-6.0833335,105.250015,33.644405,30.70877
14/10/2024 09:00,0.494025,-6.0833335,105.250015,33.64416,30.666933
14/10/2024 10:00,0.494025,-6.0833335,105.250015,33.64388,30.619272
14/10/2024 11:00,0.494025,-6.0833335,105.250015,33.644184,30.570763
14/10/2024 12:00,0.494025,-6.0833335,105.250015,33.64692,30.50543
14/10/2024 13:00,0.494025,-6.0833335,105.250015,33.653305,30.427925
14/10/2024 14:00,0.494025,-6.0833335,105.250015,33.657555,30.376436
14/10/2024 15:00,0.494025,-6.0833335,105.250015,33.654346,30.33635
14/10/2024 16:00,0.494025,-6.0833335,105.250015,33.65267,30.301855
14/10/2024 17:00,0.494025,-6.0833335,105.250015,33.655067,30.276478
14/10/2024 18:00,0.494025,-6.0833335,105.250015,33.65771,30.249054
14/10/2024 19:00,0.494025,-6.0833335,105.250015,33.661095,30.222204
14/10/2024 20:00,0.494025,-6.0833335,105.250015,33.66384,30.195
14/10/2024 21:00,0.494025,-6.0833335,105.250015,33.6661,30.168776
14/10/2024 22:00,0.494025,-6.0833335,105.250015,33.6681,30.144587
14/10/2024 23:00,0.494025,-6.0833335,105.250015,33.66939,30.128372
15/10/2024 00:00,0.494025,-6.0833335,105.250015,33.669735,30.124573
15/10/2024 01:00,0.494025,-6.0833335,105.250015,33.67,30.134861
15/10/2024 02:00,0.494025,-6.0833335,105.250015,33.67012,30.165598
15/10/2024 03:00,0.494025,-6.0833335,105.250015,33.669994,30.21447
15/10/2024 04:00,0.494025,-6.0833335,105.250015,33.669903,30.277866
15/10/2024 05:00,0.494025,-6.0833335,105.250015,33.669926,30.348116
15/10/2024 06:00,0.494025,-6.0833335,105.250015,33.669823,30.407967
15/10/2024 07:00,0.494025,-6.0833335,105.250015,33.669266,30.430712
15/10/2024 08:00,0.494025,-6.0833335,105.250015,33.66791,30.41939
15/10/2024 09:00,0.494025,-6.0833335,105.250015,33.666702,30.383802
15/10/2024 10:00,0.494025,-6.0833335,105.250015,33.665913,30.335073
15/10/2024 11:00,0.494025,-6.0833335,105.250015,33.6653,30.29024
15/10/2024 12:00,0.494025,-6.0833335,105.250015,33.66539,30.253504
15/10/2024 13:00,0.494025,-6.0833335,105.250015,33.666206,30.221443
15/10/2024 14:00,0.494025,-6.0833335,105.250015,33.667385,30.194958
15/10/2024 15:00,0.494025,-6.0833335,105.250015,33.668808,30.174356
15/10/2024 16:00,0.494025,-6.0833335,105.250015,33.67067,30.156492
15/10/2024 17:00,0.494025,-6.0833335,105.250015,33.6723,30.138744
15/10/2024 18:00,0.494025,-6.0833335,105.250015,33.673897,30.1199
15/10/2024 19:00,0.494025,-6.0833335,105.250015,33.67589,30.099466
15/10/2024 20:00,0.494025,-6.0833335,105.250015,33.678345,30.077574
15/10/2024 21:00,0.494025,-6.0833335,105.250015,33.681236,30.055586
15/10/2024 22:00,0.494025,-6.0833335,105.250015,33.684326,30.032894
15/10/2024 23:00,0.494025,-6.0833335,105.250015,33.68734,30.016167
16/10/2024 00:00,0.494025,-6.0833335,105.250015,33.69004,30.013
16/10/2024 01:00,0.494025,-6.0833335,105.250015,33.692078,30.02414
16/10/2024 02:00,0.494025,-6.0833335,105.250015,33.69349,30.050465
16/10/2024 03:00,0.494025,-6.0833335,105.250015,33.6946,30.092625
16/10/2024 04:00,0.494025,-6.0833335,105.250015,33.695724,30.15009
16/10/2024 05:00,0.494025,-6.0833335,105.250015,33.696957,30.213135
16/10/2024 06:00,0.494025,-6.0833335,105.250015,33.697933,30.254038
16/10/2024 07:00,0.494025,-6.0833335,105.250015,33.698345,30.257774
16/10/2024 08:00,0.494025,-6.0833335,105.250015,33.698605,30.230707
16/10/2024 09:00,0.494025,-6.0833335,105.250015,33.69951,30.194036
16/10/2024 10:00,0.494025,-6.0833335,105.250015,33.702106,30.155054
16/10/2024 11:00,0.494025,-6.0833335,105.250015,33.705387,30.120916
16/10/2024 12:00,0.494025,-6.0833335,105.250015,33.71282,30.077936
16/10/2024 13:00,0.494025,-6.0833335,105.250015,33.722206,30.032175
16/10/2024 14:00,0.494025,-6.0833335,105.250015,33.731113,29.989586
16/10/2024 15:00,0.494025,-6.0833335,105.250015,33.739773,29.949047
16/10/2024 16:00,0.494025,-6.0833335,105.250015,33.74893,29.906733
16/10/2024 17:00,0.494025,-6.0833335,105.250015,33.75926,29.860193
16/10/2024 18:00,0.494025,-6.0833335,105.250015,33.769684,29.813507
16/10/2024 19:00,0.494025,-6.0833335,105.250015,33.779976,29.768385
16/10/2024 20:00,0.494025,-6.0833335,105.250015,33.790314,29.725145
16/10/2024 21:00,0.494025,-6.0833335,105.250015,33.800224,29.683662
16/10/2024 22:00,0.494025,-6.0833335,105.250015,33.809914,29.643728
16/10/2024 23:00,0.494025,-6.0833335,105.250015,33.8197,29.608852
17/10/2024 00:00,0.494025,-6.0833335,105.250015,33.82829,29.58815
17/10/2024 01:00,0.494025,-6.0833335,105.250015,33.835674,29.582964
17/10/2024 02:00,0.494025,-6.0833335,105.250015,33.8422,29.590487
17/10/2024 03:00,0.494025,-6.0833335,105.250015,33.84834,29.605858
17/10/2024 04:00,0.494025,-6.0833335,105.250015,33.85405,29.62275
17/10/2024 05:00,0.494025,-6.0833335,105.250015,33.85943,29.6367
17/10/2024 06:00,0.494025,-6.0833335,105.250015,33.864292,29.645908
17/10/2024 07:00,0.494025,-6.0833335,105.250015,33.868603,29.647005
17/10/2024 08:00,0.494025,-6.0833335,105.250015,33.872524,29.635841
17/10/2024 09:00,0.494025,-6.0833335,105.250015,33.876053,29.61358
17/10/2024 10:00,0.494025,-6.0833335,105.250015,33.879086,29.589954
17/10/2024 11:00,0.494025,-6.0833335,105.250015,33.88231,29.566362
17/10/2024 12:00,0.494025,-6.0833335,105.250015,33.88518,29.545097
17/10/2024 13:00,0.494025,-6.0833335,105.250015,33.887733,29.526052
17/10/2024 14:00,0.494025,-6.0833335,105.250015,33.890408,29.50628
17/10/2024 15:00,0.494025,-6.0833335,105.250015,33.89336,29.486008
17/10/2024 16:00,0.494025,-6.0833335,105.250015,33.89671,29.464687
17/10/2024 17:00,0.494025,-6.0833335,105.250015,33.90059,29.442566
17/10/2024 18:00,0.494025,-6.0833335,105.250015,33.904606,29.421465
17/10/2024 19:00,0.494025,-6.0833335,105.250015,33.908478,29.401804
17/10/2024 20:00,0.494025,-6.0833335,105.250015,33.912056,29.38373
17/10/2024 21:00,0.494025,-6.0833335,105.250015,33.915047,29.366722
17/10/2024 22:00,0.494025,-6.0833335,105.250015,33.917397,29.350399
17/10/2024 23:00,0.494025,-6.0833335,105.250015,33.91922,29.339733
18/10/2024 00:00,0.494025,-6.0833335,105.250015,33.92051,29.341408
18/10/2024 01:00,0.494025,-6.0833335,105.250015,33.921295,29.357773
18/10/2024 02:00,0.494025,-6.0833335,105.250015,33.921864,29.393906
18/10/2024 03:00,0.494025,-6.0833335,105.250015,33.92265,29.46235
18/10/2024 04:00,0.494025,-6.0833335,105.250015,33.92383,29.566866
18/10/2024 05:00,0.494025,-6.0833335,105.250015,33.92515,29.67934
18/10/2024 06:00,0.494025,-6.0833335,105.250015,33.926037,29.754194
18/10/2024 07:00,0.494025,-6.0833335,105.250015,33.926346,29.79071
18/10/2024 08:00,0.494025,-6.0833335,105.250015,33.925827,29.785362
18/10/2024 09:00,0.494025,-6.0833335,105.250015,33.923733,29.738596
18/10/2024 10:00,0.494025,-6.0833335,105.250015,33.917233,29.652662
18/10/2024 11:00,0.494025,-6.0833335,105.250015,33.90825,29.578705
18/10/2024 12:00,0.494025,-6.0833335,105.250015,33.898643,29.540201
18/10/2024 13:00,0.494025,-6.0833335,105.250015,33.891453,29.526913
18/10/2024 14:00,0.494025,-6.0833335,105.250015,33.88756,29.52358
18/10/2024 15:00,0.494025,-6.0833335,105.250015,33.883987,29.522163
18/10/2024 16:00,0.494025,-6.0833335,105.250015,33.880375,29.52075
18/10/2024 17:00,0.494025,-6.0833335,105.250015,33.876728,29.519604
18/10/2024 18:00,0.494025,-6.0833335,105.250015,33.873127,29.519241
18/10/2024 19:00,0.494025,-6.0833335,105.250015,33.86965,29.519312
18/10/2024 20:00,0.494025,-6.0833335,105.250015,33.866356,29.519115
18/10/2024 21:00,0.494025,-6.0833335,105.250015,33.863182,29.518923
18/10/2024 22:00,0.494025,-6.0833335,105.250015,33.8601,29.51789
18/10/2024 23:00,0.494025,-6.0833335,105.250015,33.857166,29.521091
19/10/2024 00:00,0.494025,-6.0833335,105.250015,33.85465,29.534052
19/10/2024 01:00,0.494025,-6.0833335,105.250015,33.852695,29.569094
19/10/2024 02:00,0.494025,-6.0833335,105.250015,33.851665,29.636028
19/10/2024 03:00,0.494025,-6.0833335,105.250015,33.85129,29.734436
19/10/2024 04:00,0.494025,-6.0833335,105.250015,33.85129,29.862982
19/10/2024 05:00,0.494025,-6.0833335,105.250015,33.851448,29.99521
19/10/2024 06:00,0.494025,-6.0833335,105.250015,33.850872,30.081295
19/10/2024 07:00,0.494025,-6.0833335,105.250015,33.84894,30.085655
19/10/2024 08:00,0.494025,-6.0833335,105.250015,33.845608,30.028446
19/10/2024 09:00,0.494025,-6.0833335,105.250015,33.842415,29.954784
19/10/2024 10:00,0.494025,-6.0833335,105.250015,33.839542,29.878504
19/10/2024 11:00,0.494025,-6.0833335,105.250015,33.83739,29.817379
19/10/2024 12:00,0.494025,-6.0833335,105.250015,33.835854,29.771917
19/10/2024 13:00,0.494025,-6.0833335,105.250015,33.834904,29.734861
19/10/2024 14:00,0.494025,-6.0833335,105.250015,33.834496,29.704958
19/10/2024 15:00,0.494025,-6.0833335,105.250015,33.83444,29.682281
19/10/2024 16:00,0.494025,-6.0833335,105.250015,33.835125,29.66185
19/10/2024 17:00,0.494025,-6.0833335,105.250015,33.83628,29.644436
19/10/2024 18:00,0.494025,-6.0833335,105.250015,33.837593,29.629295
19/10/2024 19:00,0.494025,-6.0833335,105.250015,33.839157,29.613508
19/10/2024 20:00,0.494025,-6.0833335,105.250015,33.8407,29.597443
19/10/2024 21:00,0.494025,-6.0833335,105.250015,33.842155,29.582228
19/10/2024 22:00,0.494025,-6.0833335,105.250015,33.84348,29.567762
19/10/2024 23:00,0.494025,-6.0833335,105.250015,33.844738,29.558943
20/10/2024 00:00,0.494025,-6.0833335,105.250015,33.84603,29.558722
20/10/2024 01:00,0.494025,-6.0833335,105.250015,33.84738,29.568872
20/10/2024 02:00,0.494025,-6.0833335,105.250015,33.848957,29.5957
20/10/2024 03:00,0.494025,-6.0833335,105.250015,33.85092,29.641682
20/10/2024 04:00,0.494025,-6.0833335,105.250015,33.85302,29.697012
20/10/2024 05:00,0.494025,-6.0833335,105.250015,33.85493,29.74968
20/10/2024 06:00,0.494025,-6.0833335,105.250015,33.856335,29.780876
20/10/2024 07:00,0.494025,-6.0833335,105.250015,33.856674,29.783073
20/10/2024 08:00,0.494025,-6.0833335,105.250015,33.85556,29.754818
20/10/2024 09:00,0.494025,-6.0833335,105.250015,33.85418,29.707561
20/10/2024 10:00,0.494025,-6.0833335,105.250015,33.85269,29.653894
20/10/2024 11:00,0.494025,-6.0833335,105.250015,33.851147,29.605433
20/10/2024 12:00,0.494025,-6.0833335,105.250015,33.849674,29.566624
20/10/2024 13:00,0.494025,-6.0833335,105.250015,33.84821,29.538052
20/10/2024 14:00,0.494025,-6.0833335,105.250015,33.84703,29.514336
20/10/2024 15:00,0.494025,-6.0833335,105.250015,33.84575,29.493362
20/10/2024 16:00,0.494025,-6.0833335,105.250015,33.844166,29.473518
20/10/2024 17:00,0.494025,-6.0833335,105.250015,33.84242,29.453213
20/10/2024 18:00,0.494025,-6.0833335,105.250015,33.840637,29.432755
20/10/2024 19:00,0.494025,-6.0833335,105.250015,33.83899,29.414335
20/10/2024 20:00,0.494025,-6.0833335,105.250015,33.837772,29.399471
20/10/2024 21:00,0.494025,-6.0833335,105.250015,33.836063,29.384779
20/10/2024 22:00,0.494025,-6.0833335,105.250015,33.833614,29.36881
20/10/2024 23:00,0.494025,-6.0833335,105.250015,33.830944,29.360386
21/10/2024 00:00,0.494025,-6.0833335,105.250015,33.82824,29.367664
21/10/2024 01:00,0.494025,-6.0833335,105.250015,33.826122,29.404732
21/10/2024 02:00,0.494025,-6.0833335,105.250015,33.82498,29.504753
21/10/2024 03:00,0.494025,-6.0833335,105.250015,33.82431,29.647003
21/10/2024 04:00,0.494025,-6.0833335,105.250015,33.823563,29.789118
21/10/2024 05:00,0.494025,-6.0833335,105.250015,33.822536,29.893862
21/10/2024 06:00,0.494025,-6.0833335,105.250015,33.82039,29.903706
21/10/2024 07:00,0.494025,-6.0833335,105.250015,33.818516,29.871338
21/10/2024 08:00,0.494025,-6.0833335,105.250015,33.816418,29.806599
21/10/2024 09:00,0.494025,-6.0833335,105.250015,33.814972,29.749014
21/10/2024 10:00,0.494025,-6.0833335,105.250015,33.81332,29.692108
21/10/2024 11:00,0.494025,-6.0833335,105.250015,33.811,29.646582
21/10/2024 12:00,0.494025,-6.0833335,105.250015,33.807373,29.619667
21/10/2024 13:00,0.494025,-6.0833335,105.250015,33.801777,29.606491
21/10/2024 14:00,0.494025,-6.0833335,105.250015,33.793316,29.60012
21/10/2024 15:00,0.494025,-6.0833335,105.250015,33.781906,29.596697
21/10/2024 16:00,0.494025,-6.0833335,105.250015,33.767883,29.59402
21/10/2024 17:00,0.494025,-6.0833335,105.250015,33.751152,29.591105
21/10/2024 18:00,0.494025,-6.0833335,105.250015,33.732307,29.588694
21/10/2024 19:00,0.494025,-6.0833335,105.250015,33.711014,29.586964
21/10/2024 20:00,0.494025,-6.0833335,105.250015,33.680477,29.582874
21/10/2024 21:00,0.494025,-6.0833335,105.250015,33.64955,29.578014
21/10/2024 22:00,0.494025,-6.0833335,105.250015,33.628376,29.573574
21/10/2024 23:00,0.494025,-6.0833335,105.250015,33.608616,29.57445
22/10/2024 00:00,0.494025,-6.0833335,105.250015,33.58835,29.588629
22/10/2024 01:00,0.494025,-6.0833335,105.250015,33.57091,29.62597
22/10/2024 02:00,0.494025,-6.0833335,105.250015,33.557335,29.705809
22/10/2024 03:00,0.494025,-6.0833335,105.250015,33.548016,29.83052
22/10/2024 04:00,0.494025,-6.0833335,105.250015,33.542515,29.954824
22/10/2024 05:00,0.494025,-6.0833335,105.250015,33.540325,30.048225
22/10/2024 06:00,0.494025,-6.0833335,105.250015,33.54051,30.092815
22/10/2024 07:00,0.494025,-6.0833335,105.250015,33.541615,30.082449
22/10/2024 08:00,0.494025,-6.0833335,105.250015,33.542736,30.019545
22/10/2024 09:00,0.494025,-6.0833335,105.250015,33.544205,29.951956
22/10/2024 10:00,0.494025,-6.0833335,105.250015,33.542698,29.876684
22/10/2024 11:00,0.494025,-6.0833335,105.250015,33.53734,29.808449
22/10/2024 12:00,0.494025,-6.0833335,105.250015,33.52945,29.754957
22/10/2024 13:00,0.494025,-6.0833335,105.250015,33.522034,29.716475
22/10/2024 14:00,0.494025,-6.0833335,105.250015,33.516026,29.691664
22/10/2024 15:00,0.494025,-6.0833335,105.250015,33.509583,29.673092
22/10/2024 16:00,0.494025,-6.0833335,105.250015,33.50361,29.657942
22/10/2024 17:00,0.494025,-6.0833335,105.250015,33.497955,29.644598
22/10/2024 18:00,0.494025,-6.0833335,105.250015,33.492634,29.633118
22/10/2024 19:00,0.494025,-6.0833335,105.250015,33.487793,29.6221
22/10/2024 20:00,0.494025,-6.0833335,105.250015,33.483963,29.61054
22/10/2024 21:00,0.494025,-6.0833335,105.250015,33.48382,29.598623
22/10/2024 22:00,0.494025,-6.0833335,105.250015,33.486702,29.586899
22/10/2024 23:00,0.494025,-6.0833335,105.250015,33.489914,29.578375
23/10/2024 00:00,0.494025,-6.0833335,105.250015,33.49411,29.579266
23/10/2024 01:00,0.494025,-6.0833335,105.250015,33.499733,29.594563
23/10/2024 02:00,0.494025,-6.0833335,105.250015,33.50627,29.623953
23/10/2024 03:00,0.494025,-6.0833335,105.250015,33.51363,29.665398
23/10/2024 04:00,0.494025,-6.0833335,105.250015,33.521744,29.712423
23/10/2024 05:00,0.494025,-6.0833335,105.250015,33.53058,29.754211
23/10/2024 06:00,0.494025,-6.0833335,105.250015,33.53999,29.77852
23/10/2024 07:00,0.494025,-6.0833335,105.250015,33.549843,29.782515
23/10/2024 08:00,0.494025,-6.0833335,105.250015,33.5607,29.768108
23/10/2024 09:00,0.494025,-6.0833335,105.250015,33.574467,29.740665
23/10/2024 10:00,0.494025,-6.0833335,105.250015,33.593636,29.707382
23/10/2024 11:00,0.494025,-6.0833335,105.250015,33.616245,29.67785
23/10/2024 12:00,0.494025,-6.0833335,105.250015,33.635498,29.656662
23/10/2024 13:00,0.494025,-6.0833335,105.250015,33.652096,29.642641
23/10/2024 14:00,0.494025,-6.0833335,105.250015,33.667847,29.631071
23/10/2024 15:00,0.494025,-6.0833335,105.250015,33.68269,29.620285
23/10/2024 16:00,0.494025,-6.0833335,105.250015,33.69638,29.609562
23/10/2024 17:00,0.494025,-6.0833335,105.250015,33.709244,29.59858
23/10/2024 18:00,0.494025,-6.0833335,105.250015,33.721226,29.586897
23/10/2024 19:00,0.494025,-6.0833335,105.250015,33.73114,29.573326
23/10/2024 20:00,0.494025,-6.0833335,105.250015,33.740753,29.556707
23/10/2024 21:00,0.494025,-6.0833335,105.250015,33.751,29.544744
23/10/2024 22:00,0.494025,-6.0833335,105.250015,33.760857,29.53329
23/10/2024 23:00,0.494025,-6.0833335,105.250015,33.77059,29.524765
24/10/2024 00:00,0.494025,-6.0833335,105.250015,33.77994,29.525492
24/10/2024 01:00,0.494025,-6.0833335,105.250015,33.78826,29.533312
24/10/2024 02:00,0.494025,-6.0833335,105.250015,33.794678,29.551546
24/10/2024 03:00,0.494025,-6.0833335,105.250015,33.799286,29.577833
24/10/2024 04:00,0.494025,-6.0833335,105.250015,33.802616,29.610466
24/10/2024 05:00,0.494025,-6.0833335,105.250015,33.80487,29.63782
24/10/2024 06:00,0.494025,-6.0833335,105.250015,33.80581,29.660124
24/10/2024 07:00,0.494025,-6.0833335,105.250015,33.805305,29.677185
24/10/2024 08:00,0.494025,-6.0833335,105.250015,33.803143,29.673244
24/10/2024 09:00,0.494025,-6.0833335,105.250015,33.799267,29.638727
24/10/2024 10:00,0.494025,-6.0833335,105.250015,33.79565,29.586838
24/10/2024 11:00,0.494025,-6.0833335,105.250015,33.79671,29.541332
24/10/2024 12:00,0.494025,-6.0833335,105.250015,33.801113,29.511421
24/10/2024 13:00,0.494025,-6.0833335,105.250015,33.80601,29.490278
24/10/2024 14:00,0.494025,-6.0833335,105.250015,33.8103,29.47384
24/10/2024 15:00,0.494025,-6.0833335,105.250015,33.813293,29.459421
24/10/2024 16:00,0.494025,-6.0833335,105.250015,33.814274,29.445818
24/10/2024 17:00,0.494025,-6.0833335,105.250015,33.812805,29.431543
24/10/2024 18:00,0.494025,-6.0833335,105.250015,33.807392,29.414522
24/10/2024 19:00,0.494025,-6.0833335,105.250015,33.799213,29.398184
24/10/2024 20:00,0.494025,-6.0833335,105.250015,33.789513,29.383005
24/10/2024 21:00,0.494025,-6.0833335,105.250015,33.780525,29.37157
24/10/2024 22:00,0.494025,-6.0833335,105.250015,33.771378,29.359331
24/10/2024 23:00,0.494025,-6.0833335,105.250015,33.751835,29.349548
25/10/2024 00:00,0.494025,-6.0833335,105.250015,33.73763,29.346952
25/10/2024 01:00,0.494025,-6.0833335,105.250015,33.726967,29.367706
25/10/2024 02:00,0.494025,-6.0833335,105.250015,33.712967,29.40968
25/10/2024 03:00,0.494025,-6.0833335,105.250015,33.69949,29.46885
25/10/2024 04:00,0.494025,-6.0833335,105.250015,33.688244,29.544056
25/10/2024 05:00,0.494025,-6.0833335,105.250015,33.67821,29.625124
25/10/2024 06:00,0.494025,-6.0833335,105.250015,33.669388,29.68418
25/10/2024 07:00,0.494025,-6.0833335,105.250015,33.664345,29.697521
25/10/2024 08:00,0.494025,-6.0833335,105.250015,33.659767,29.672749
25/10/2024 09:00,0.494025,-6.0833335,105.250015,33.655266,29.637856
25/10/2024 10:00,0.494025,-6.0833335,105.250015,33.652153,29.600763
25/10/2024 11:00,0.494025,-6.0833335,105.250015,33.65092,29.56577
25/10/2024 12:00,0.494025,-6.0833335,105.250015,33.65035,29.53493
25/10/2024 13:00,0.494025,-6.0833335,105.250015,33.650444,29.509579
25/10/2024 14:00,0.494025,-6.0833335,105.250015,33.650913,29.489231
25/10/2024 15:00,0.494025,-6.0833335,105.250015,33.65122,29.473894
25/10/2024 16:00,0.494025,-6.0833335,105.250015,33.652824,29.460503
25/10/2024 17:00,0.494025,-6.0833335,105.250015,33.657204,29.450146
25/10/2024 18:00,0.494025,-6.0833335,105.250015,33.66423,29.442562
25/10/2024 19:00,0.494025,-6.0833335,105.250015,33.671677,29.437273
25/10/2024 20:00,0.494025,-6.0833335,105.250015,33.678463,29.43472
25/10/2024 21:00,0.494025,-6.0833335,105.250015,33.685196,29.435165
25/10/2024 22:00,0.494025,-6.0833335,105.250015,33.692158,29.437277
25/10/2024 23:00,0.494025,-6.0833335,105.250015,33.69931,29.443989
26/10/2024 00:00,0.494025,-6.0833335,105.250015,33.70552,29.461273
26/10/2024 01:00,0.494025,-6.0833335,105.250015,33.70972,29.489561
26/10/2024 02:00,0.494025,-6.0833335,105.250015,33.711678,29.528955
26/10/2024 03:00,0.494025,-6.0833335,105.250015,33.711544,29.580952
26/10/2024 04:00,0.494025,-6.0833335,105.250015,33.709934,29.639343
26/10/2024 05:00,0.494025,-6.0833335,105.250015,33.707497,29.687511
26/10/2024 06:00,0.494025,-6.0833335,105.250015,33.704567,29.714548
26/10/2024 07:00,0.494025,-6.0833335,105.250015,33.701485,29.720472
26/10/2024 08:00,0.494025,-6.0833335,105.250015,33.698715,29.70974
26/10/2024 09:00,0.494025,-6.0833335,105.250015,33.6967,29.687468
26/10/2024 10:00,0.494025,-6.0833335,105.250015,33.695587,29.659681
26/10/2024 11:00,0.494025,-6.0833335,105.250015,33.695663,29.634644
26/10/2024 12:00,0.494025,-6.0833335,105.250015,33.696346,29.615097
26/10/2024 13:00,0.494025,-6.0833335,105.250015,33.69695,29.601948
26/10/2024 14:00,0.494025,-6.0833335,105.250015,33.697315,29.5927
26/10/2024 15:00,0.494025,-6.0833335,105.250015,33.69724,29.58506
26/10/2024 16:00,0.494025,-6.0833335,105.250015,33.696636,29.57819
26/10/2024 17:00,0.494025,-6.0833335,105.250015,33.695797,29.571398
26/10/2024 18:00,0.494025,-6.0833335,105.250015,33.694916,29.564636
26/10/2024 19:00,0.494025,-6.0833335,105.250015,33.693687,29.557333
26/10/2024 20:00,0.494025,-6.0833335,105.250015,33.69276,29.550058
26/10/2024 21:00,0.494025,-6.0833335,105.250015,33.692345,29.543533
26/10/2024 22:00,0.494025,-6.0833335,105.250015,33.69206,29.53842
26/10/2024 23:00,0.494025,-6.0833335,105.250015,33.69176,29.539692
27/10/2024 00:00,0.494025,-6.0833335,105.250015,33.691227,29.549791
27/10/2024 01:00,0.494025,-6.0833335,105.250015,33.689854,29.57028
27/10/2024 02:00,0.494025,-6.0833335,105.250015,33.68746,29.606237
27/10/2024 03:00,0.494025,-6.0833335,105.250015,33.684093,29.657667
27/10/2024 04:00,0.494025,-6.0833335,105.250015,33.680195,29.719128
27/10/2024 05:00,0.494025,-6.0833335,105.250015,33.676426,29.786516
27/10/2024 06:00,0.494025,-6.0833335,105.250015,33.672794,29.834103
27/10/2024 07:00,0.494025,-6.0833335,105.250015,33.66927,29.841145
27/10/2024 08:00,0.494025,-6.0833335,105.250015,33.666313,29.820286
27/10/2024 09:00,0.494025,-6.0833335,105.250015,33.663982,29.792854
27/10/2024 10:00,0.494025,-6.0833335,105.250015,33.66197,29.757345
27/10/2024 11:00,0.494025,-6.0833335,105.250015,33.660442,29.721188
27/10/2024 12:00,0.494025,-6.0833335,105.250015,33.65984,29.689835
27/10/2024 13:00,0.494025,-6.0833335,105.250015,33.66007,29.664576
27/10/2024 14:00,0.494025,-6.0833335,105.250015,33.660812,29.646362
27/10/2024 15:00,0.494025,-6.0833335,105.250015,33.662086,29.632284
27/10/2024 16:00,0.494025,-6.0833335,105.250015,33.663685,29.6205
27/10/2024 17:00,0.494025,-6.0833335,105.250015,33.665188,29.610716
27/10/2024 18:00,0.494025,-6.0833335,105.250015,33.666637,29.602568
27/10/2024 19:00,0.494025,-6.0833335,105.250015,33.668163,29.59583
27/10/2024 20:00,0.494025,-6.0833335,105.250015,33.66974,29.588846
27/10/2024 21:00,0.494025,-6.0833335,105.250015,33.671276,29.58192
27/10/2024 22:00,0.494025,-6.0833335,105.250015,33.672535,29.575006
27/10/2024 23:00,0.494025,-6.0833335,105.250015,33.67357,29.571165
28/10/2024 00:00,0.494025,-6.0833335,105.250015,33.673824,29.579084
28/10/2024 01:00,0.494025,-6.0833335,105.250015,33.673428,29.598183
28/10/2024 02:00,0.494025,-6.0833335,105.250015,33.672413,29.636126
28/10/2024 03:00,0.494025,-6.0833335,105.250015,33.671017,29.696402
28/10/2024 04:00,0.494025,-6.0833335,105.250015,33.66939,29.77548
28/10/2024 05:00,0.494025,-6.0833335,105.250015,33.66747,29.859034
28/10/2024 06:00,0.494025,-6.0833335,105.250015,33.664986,29.913054
28/10/2024 07:00,0.494025,-6.0833335,105.250015,33.66177,29.918737
28/10/2024 08:00,0.494025,-6.0833335,105.250015,33.65819,29.893772
28/10/2024 09:00,0.494025,-6.0833335,105.250015,33.65466,29.858788
28/10/2024 10:00,0.494025,-6.0833335,105.250015,33.651134,29.822376
28/10/2024 11:00,0.494025,-6.0833335,105.250015,33.64762,29.78789
28/10/2024 12:00,0.494025,-6.0833335,105.250015,33.64413,29.75815
28/10/2024 13:00,0.494025,-6.0833335,105.250015,33.640892,29.731934
28/10/2024 14:00,0.494025,-6.0833335,105.250015,33.63803,29.708607
28/10/2024 15:00,0.494025,-6.0833335,105.250015,33.63425,29.68727
28/10/2024 16:00,0.494025,-6.0833335,105.250015,33.632027,29.669262
28/10/2024 17:00,0.494025,-6.0833335,105.250015,33.631145,29.655428
28/10/2024 18:00,0.494025,-6.0833335,105.250015,33.631046,29.642714
28/10/2024 19:00,0.494025,-6.0833335,105.250015,33.631485,29.631016
28/10/2024 20:00,0.494025,-6.0833335,105.250015,33.632534,29.619999
28/10/2024 21:00,0.494025,-6.0833335,105.250015,33.634007,29.609766
28/10/2024 22:00,0.494025,-6.0833335,105.250015,33.63488,29.598902
28/10/2024 23:00,0.494025,-6.0833335,105.250015,33.63434,29.591232
29/10/2024 00:00,0.494025,-6.0833335,105.250015,33.634823,29.595304
29/10/2024 01:00,0.494025,-6.0833335,105.250015,33.635574,29.611294
29/10/2024 02:00,0.494025,-6.0833335,105.250015,33.63519,29.639463
29/10/2024 03:00,0.494025,-6.0833335,105.250015,33.633747,29.683897
29/10/2024 04:00,0.494025,-6.0833335,105.250015,33.631657,29.740198
29/10/2024 05:00,0.494025,-6.0833335,105.250015,33.629253,29.791132
29/10/2024 06:00,0.494025,-6.0833335,105.250015,33.626812,29.82701
29/10/2024 07:00,0.494025,-6.0833335,105.250015,33.624554,29.842266
29/10/2024 08:00,0.494025,-6.0833335,105.250015,33.622627,29.837505
29/10/2024 09:00,0.494025,-6.0833335,105.250015,33.621117,29.811852
29/10/2024 10:00,0.494025,-6.0833335,105.250015,33.620354,29.773802
29/10/2024 11:00,0.494025,-6.0833335,105.250015,33.62043,29.737782
29/10/2024 12:00,0.494025,-6.0833335,105.250015,33.621353,29.710321
29/10/2024 13:00,0.494025,-6.0833335,105.250015,33.623627,29.68882
29/10/2024 14:00,0.494025,-6.0833335,105.250015,33.626938,29.670683
29/10/2024 15:00,0.494025,-6.0833335,105.250015,33.630558,29.655426
29/10/2024 16:00,0.494025,-6.0833335,105.250015,33.633717,29.641357
29/10/2024 17:00,0.494025,-6.0833335,105.250015,33.636074,29.6288
29/10/2024 18:00,0.494025,-6.0833335,105.250015,33.637863,29.61799
29/10/2024 19:00,0.494025,-6.0833335,105.250015,33.639496,29.608463
29/10/2024 20:00,0.494025,-6.0833335,105.250015,33.64106,29.599012
29/10/2024 21:00,0.494025,-6.0833335,105.250015,33.64256,29.589813
29/10/2024 22:00,0.494025,-6.0833335,105.250015,33.64403,29.58125
29/10/2024 23:00,0.494025,-6.0833335,105.250015,33.645317,29.577648
30/10/2024 00:00,0.494025,-6.0833335,105.250015,33.646065,29.584309
30/10/2024 01:00,0.494025,-6.0833335,105.250015,33.645866,29.602863
30/10/2024 02:00,0.494025,-6.0833335,105.250015,33.6448,29.63501
30/10/2024 03:00,0.494025,-6.0833335,105.250015,33.64333,29.681974
30/10/2024 04:00,0.494025,-6.0833335,105.250015,33.641785,29.739807
30/10/2024 05:00,0.494025,-6.0833335,105.250015,33.640224,29.795046
30/10/2024 06:00,0.494025,-6.0833335,105.250015,33.638573,29.830208
30/10/2024 07:00,0.494025,-6.0833335,105.250015,33.63684,29.838467
30/10/2024 08:00,0.494025,-6.0833335,105.250015,33.635277,29.816233
30/10/2024 09:00,0.494025,-6.0833335,105.250015,33.634235,29.780478
30/10/2024 10:00,0.494025,-6.0833335,105.250015,33.63384,29.744106
30/10/2024 11:00,0.494025,-6.0833335,105.250015,33.634262,29.710829
30/10/2024 12:00,0.494025,-6.0833335,105.250015,33.635883,29.683502
30/10/2024 13:00,0.494025,-6.0833335,105.250015,33.638256,29.662807
30/10/2024 14:00,0.494025,-6.0833335,105.250015,33.641018,29.647259
30/10/2024 15:00,0.494025,-6.0833335,105.250015,33.643944,29.634792
30/10/2024 16:00,0.494025,-6.0833335,105.250015,33.64686,29.622982
30/10/2024 17:00,0.494025,-6.0833335,105.250015,33.64885,29.610462
30/10/2024 18:00,0.494025,-6.0833335,105.250015,33.650723,29.596956
30/10/2024 19:00,0.494025,-6.0833335,105.250015,33.652817,29.587591
30/10/2024 20:00,0.494025,-6.0833335,105.250015,33.654873,29.579414
30/10/2024 21:00,0.494025,-6.0833335,105.250015,33.65529,29.571907
30/10/2024 22:00,0.494025,-6.0833335,105.250015,33.65677,29.564713
30/10/2024 23:00,0.494025,-6.0833335,105.250015,33.657913,29.56512
31/10/2024 00:00,0.494025,-6.0833335,105.250015,33.65862,29.575031
31/10/2024 01:00,0.494025,-6.0833335,105.250015,33.65855,29.5993
31/10/2024 02:00,0.494025,-6.0833335,105.250015,33.657974,29.650076
31/10/2024 03:00,0.494025,-6.0833335,105.250015,33.65755,29.732485
31/10/2024 04:00,0.494025,-6.0833335,105.250015,33.657063,29.832104
31/10/2024 05:00,0.494025,-6.0833335,105.250015,33.656002,29.883865
31/10/2024 06:00,0.494025,-6.0833335,105.250015,33.654564,29.90579
31/10/2024 07:00,0.494025,-6.0833335,105.250015,33.652893,29.933237
31/10/2024 08:00,0.494025,-6.0833335,105.250015,33.650898,29.941843
31/10/2024 09:00,0.494025,-6.0833335,105.250015,33.64906,29.926592
31/10/2024 10:00,0.494025,-6.0833335,105.250015,33.647087,29.89176
31/10/2024 11:00,0.494025,-6.0833335,105.250015,33.64485,29.847866
31/10/2024 12:00,0.494025,-6.0833335,105.250015,33.64269,29.811886
31/10/2024 13:00,0.494025,-6.0833335,105.250015,33.640675,29.784382
31/10/2024 14:00,0.494025,-6.0833335,105.250015,33.638733,29.758696
31/10/2024 15:00,0.494025,-6.0833335,105.250015,33.636684,29.733301
31/10/2024 16:00,0.494025,-6.0833335,105.250015,33.634727,29.708485
31/10/2024 17:00,0.494025,-6.0833335,105.250015,33.632744,29.68394
31/10/2024 18:00,0.494025,-6.0833335,105.250015,33.630386,29.65977
31/10/2024 19:00,0.494025,-6.0833335,105.250015,33.627308,29.638351
31/10/2024 20:00,0.494025,-6.0833335,105.250015,33.624733,29.620115
31/10/2024 21:00,0.494025,-6.0833335,105.250015,33.623997,29.606537
31/10/2024 22:00,0.494025,-6.0833335,105.250015,33.62388,29.594969
31/10/2024 23:00,0.494025,-6.0833335,105.250015,33.62358,29.58961
01/11/2024 00:00,0.494025,-6.0833335,105.250015,33.622105,29.59987
01/11/2024 01:00,0.494025,-6.0833335,105.250015,33.617752,29.634119
01/11/2024 02:00,0.494025,-6.0833335,105.250015,33.612217,29.717587
01/11/2024 03:00,0.494025,-6.0833335,105.250015,33.609283,29.887705
01/11/2024 04:00,0.494025,-6.0833335,105.250015,33.60858,30.108858
01/11/2024 05:00,0.494025,-6.0833335,105.250015,33.607834,30.317156
01/11/2024 06:00,0.494025,-6.0833335,105.250015,33.607098,30.444857
01/11/2024 07:00,0.494025,-6.0833335,105.250015,33.60573,30.462585
01/11/2024 08:00,0.494025,-6.0833335,105.250015,33.60256,30.3815
01/11/2024 09:00,0.494025,-6.0833335,105.250015,33.592014,30.281458
01/11/2024 10:00,0.494025,-6.0833335,105.250015,33.579502,30.154572
01/11/2024 11:00,0.494025,-6.0833335,105.250015,33.57581,30.045675
01/11/2024 12:00,0.494025,-6.0833335,105.250015,33.57658,29.971018
01/11/2024 13:00,0.494025,-6.0833335,105.250015,33.57732,29.910305
01/11/2024 14:00,0.494025,-6.0833335,105.250015,33.57738,29.859095
01/11/2024 15:00,0.494025,-6.0833335,105.250015,33.57714,29.81565
01/11/2024 16:00,0.494025,-6.0833335,105.250015,33.57517,29.7813
01/11/2024 17:00,0.494025,-6.0833335,105.250015,33.57418,29.756012
01/11/2024 18:00,0.494025,-6.0833335,105.250015,33.573895,29.728872
01/11/2024 19:00,0.494025,-6.0833335,105.250015,33.57309,29.700596
01/11/2024 20:00,0.494025,-6.0833335,105.250015,33.56806,29.675665
01/11/2024 21:00,0.494025,-6.0833335,105.250015,33.561546,29.651075
01/11/2024 22:00,0.494025,-6.0833335,105.250015,33.56237,29.629988
01/11/2024 23:00,0.494025,-6.0833335,105.250015,33.55868,29.61579
02/11/2024 00:00,0.494025,-6.0833335,105.250015,33.542797,29.60932
02/11/2024 01:00,0.494025,-6.0833335,105.250015,33.5288,29.616169
02/11/2024 02:00,0.494025,-6.0833335,105.250015,33.530827,29.655293
02/11/2024 03:00,0.494025,-6.0833335,105.250015,33.53429,29.728964
02/11/2024 04:00,0.494025,-6.0833335,105.250015,33.53536,29.90233
02/11/2024 05:00,0.494025,-6.0833335,105.250015,33.535263,30.144068
02/11/2024 06:00,0.494025,-6.0833335,105.250015,33.535294,30.351528
02/11/2024 07:00,0.494025,-6.0833335,105.250015,33.53769,30.284344
02/11/2024 08:00,0.494025,-6.0833335,105.250015,33.54356,30.038258
02/11/2024 09:00,0.494025,-6.0833335,105.250015,33.54181,29.968891
02/11/2024 10:00,0.494025,-6.0833335,105.250015,33.504555,29.912685
02/11/2024 11:00,0.494025,-6.0833335,105.250015,33.478054,29.860472
02/11/2024 12:00,0.494025,-6.0833335,105.250015,33.45348,29.816923
02/11/2024 13:00,0.494025,-6.0833335,105.250015,33.42986,29.758514
02/11/2024 14:00,0.494025,-6.0833335,105.250015,33.417217,29.706165
02/11/2024 15:00,0.494025,-6.0833335,105.250015,33.354992,29.634172
02/11/2024 16:00,0.494025,-6.0833335,105.250015,33.28489,29.532927
02/11/2024 17:00,0.494025,-6.0833335,105.250015,33.306633,29.495861
02/11/2024 18:00,0.494025,-6.0833335,105.250015,33.342583,29.531708
02/11/2024 19:00,0.494025,-6.0833335,105.250015,33.351597,29.531342
02/11/2024 20:00,0.494025,-6.0833335,105.250015,33.364414,29.51265
02/11/2024 21:00,0.494025,-6.0833335,105.250015,33.388596,29.502628
02/11/2024 22:00,0.494025,-6.0833335,105.250015,33.424408,29.510183
02/11/2024 23:00,0.494025,-6.0833335,105.250015,33.44256,29.498201
03/11/2024 00:00,0.494025,-6.0833335,105.250015,33.455513,29.514015
03/11/2024 01:00,0.494025,-6.0833335,105.250015,33.456852,29.527443
03/11/2024 02:00,0.494025,-6.0833335,105.250015,33.45531,29.54346
03/11/2024 03:00,0.494025,-6.0833335,105.250015,33.457127,29.58099
03/11/2024 04:00,0.494025,-6.0833335,105.250015,33.45679,29.623915
03/11/2024 05:00,0.494025,-6.0833335,105.250015,33.457928,29.6653
03/11/2024 06:00,0.494025,-6.0833335,105.250015,33.462162,29.710522
03/11/2024 07:00,0.494025,-6.0833335,105.250015,33.467712,29.736378
03/11/2024 08:00,0.494025,-6.0833335,105.250015,33.473476,29.742348
03/11/2024 09:00,0.494025,-6.0833335,105.250015,33.47193,29.727638
03/11/2024 10:00,0.494025,-6.0833335,105.250015,33.47008,29.699408
03/11/2024 11:00,0.494025,-6.0833335,105.250015,33.475002,29.676594
03/11/2024 12:00,0.494025,-6.0833335,105.250015,33.477936,29.66049
03/11/2024 13:00,0.494025,-6.0833335,105.250015,33.479904,29.648592
03/11/2024 14:00,0.494025,-6.0833335,105.250015,33.483326,29.637257
03/11/2024 15:00,0.494025,-6.0833335,105.250015,33.488586,29.62532
03/11/2024 16:00,0.494025,-6.0833335,105.250015,33.494373,29.612303
03/11/2024 17:00,0.494025,-6.0833335,105.250015,33.499233,29.598171
03/11/2024 18:00,0.494025,-6.0833335,105.250015,33.50276,29.583323
03/11/2024 19:00,0.494025,-6.0833335,105.250015,33.505955,29.570745
03/11/2024 20:00,0.494025,-6.0833335,105.250015,33.50918,29.560644
03/11/2024 21:00,0.494025,-6.0833335,105.250015,33.51276,29.552183
03/11/2024 22:00,0.494025,-6.0833335,105.250015,33.516396,29.544502
03/11/2024 23:00,0.494025,-6.0833335,105.250015,33.519062,29.537428
04/11/2024 00:00,0.494025,-6.0833335,105.250015,33.519085,29.542717
04/11/2024 01:00,0.494025,-6.0833335,105.250015,33.50452,29.54558
04/11/2024 02:00,0.494025,-6.0833335,105.250015,33.487522,29.531963
04/11/2024 03:00,0.494025,-6.0833335,105.250015,33.480103,29.584322
04/11/2024 04:00,0.494025,-6.0833335,105.250015,33.468555,29.66961
04/11/2024 05:00,0.494025,-6.0833335,105.250015,33.46029,29.712164
04/11/2024 06:00,0.494025,-6.0833335,105.250015,33.4588,29.782557
04/11/2024 07:00,0.494025,-6.0833335,105.250015,33.46092,29.838072
04/11/2024 08:00,0.494025,-6.0833335,105.250015,33.474365,29.810667
04/11/2024 09:00,0.494025,-6.0833335,105.250015,33.48728,29.758171
04/11/2024 10:00,0.494025,-6.0833335,105.250015,33.496716,29.708908
04/11/2024 11:00,0.494025,-6.0833335,105.250015,33.50406,29.669264
04/11/2024 12:00,0.494025,-6.0833335,105.250015,33.507565,29.644571
04/11/2024 13:00,0.494025,-6.0833335,105.250015,33.509647,29.628714
04/11/2024 14:00,0.494025,-6.0833335,105.250015,33.512474,29.61508
04/11/2024 15:00,0.494025,-6.0833335,105.250015,33.516506,29.605856
04/11/2024 16:00,0.494025,-6.0833335,105.250015,33.52103,29.610277
04/11/2024 17:00,0.494025,-6.0833335,105.250015,33.523575,29.610262
04/11/2024 18:00,0.494025,-6.0833335,105.250015,33.525192,29.606768
04/11/2024 19:00,0.494025,-6.0833335,105.250015,33.526283,29.606503
04/11/2024 20:00,0.494025,-6.0833335,105.250015,33.526917,29.606445
04/11/2024 21:00,0.494025,-6.0833335,105.250015,33.527493,29.603914
04/11/2024 22:00,0.494025,-6.0833335,105.250015,33.52769,29.604313
04/11/2024 23:00,0.494025,-6.0833335,105.250015,33.527405,29.608822
05/11/2024 00:00,0.494025,-6.0833335,105.250015,33.526173,29.631037
05/11/2024 01:00,0.494025,-6.0833335,105.250015,33.523678,29.714956
05/11/2024 02:00,0.494025,-6.0833335,105.250015,33.51501,29.877207
05/11/2024 03:00,0.494025,-6.0833335,105.250015,33.49537,29.999393
05/11/2024 04:00,0.494025,-6.0833335,105.250015,33.494,29.94252
05/11/2024 05:00,0.494025,-6.0833335,105.250015,33.493847,29.964308
05/11/2024 06:00,0.494025,-6.0833335,105.250015,33.490803,29.997053
05/11/2024 07:00,0.494025,-6.0833335,105.250015,33.485847,30.002447
05/11/2024 08:00,0.494025,-6.0833335,105.250015,33.478756,29.99181
05/11/2024 09:00,0.494025,-6.0833335,105.250015,33.471115,29.968166
05/11/2024 10:00,0.494025,-6.0833335,105.250015,33.460987,29.927618
05/11/2024 11:00,0.494025,-6.0833335,105.250015,33.45258,29.883282
05/11/2024 12:00,0.494025,-6.0833335,105.250015,33.43678,29.840998
05/11/2024 13:00,0.494025,-6.0833335,105.250015,33.422077,29.802017
05/11/2024 14:00,0.494025,-6.0833335,105.250015,33.416992,29.77015
05/11/2024 15:00,0.494025,-6.0833335,105.250015,33.41875,29.746035
05/11/2024 16:00,0.494025,-6.0833335,105.250015,33.404053,29.716589
05/11/2024 17:00,0.494025,-6.0833335,105.250015,33.318493,29.651913
05/11/2024 18:00,0.494025,-6.0833335,105.250015,33.23141,29.563868
05/11/2024 19:00,0.494025,-6.0833335,105.250015,33.232307,29.519558
05/11/2024 20:00,0.494025,-6.0833335,105.250015,33.241657,29.498466
05/11/2024 21:00,0.494025,-6.0833335,105.250015,33.26362,29.510479
05/11/2024 22:00,0.494025,-6.0833335,105.250015,33.27456,29.51477
05/11/2024 23:00,0.494025,-6.0833335,105.250015,33.280567,29.51419
06/11/2024 00:00,0.494025,-6.0833335,105.250015,33.281456,29.534231
06/11/2024 01:00,0.494025,-6.0833335,105.250015,33.275238,29.599962
06/11/2024 02:00,0.494025,-6.0833335,105.250015,33.27039,29.730143
06/11/2024 03:00,0.494025,-6.0833335,105.250015,33.267056,29.882477
06/11/2024 04:00,0.494025,-6.0833335,105.250015,33.26423,30.0509
06/11/2024 05:00,0.494025,-6.0833335,105.250015,33.26161,30.245562
06/11/2024 06:00,0.494025,-6.0833335,105.250015,33.245277,30.425861
06/11/2024 07:00,0.494025,-6.0833335,105.250015,33.226524,30.490232
06/11/2024 08:00,0.494025,-6.0833335,105.250015,33.2205,30.48251
06/11/2024 09:00,0.494025,-6.0833335,105.250015,33.21375,30.455948
06/11/2024 10:00,0.494025,-6.0833335,105.250015,33.20398,30.365128
06/11/2024 11:00,0.494025,-6.0833335,105.250015,33.188866,30.205591
06/11/2024 12:00,0.494025,-6.0833335,105.250015,33.18515,30.069557
06/11/2024 13:00,0.494025,-6.0833335,105.250015,33.09889,29.97201
06/11/2024 14:00,0.494025,-6.0833335,105.250015,32.957287,29.826536
06/11/2024 15:00,0.494025,-6.0833335,105.250015,32.946102,29.716135
06/11/2024 16:00,0.494025,-6.0833335,105.250015,32.965683,29.61985
06/11/2024 17:00,0.494025,-6.0833335,105.250015,32.98505,29.531233
06/11/2024 18:00,0.494025,-6.0833335,105.250015,33.07232,29.597467
06/11/2024 19:00,0.494025,-6.0833335,105.250015,33.1345,29.645668
06/11/2024 20:00,0.494025,-6.0833335,105.250015,33.136116,29.601357
06/11/2024 21:00,0.494025,-6.0833335,105.250015,33.135433,29.562263
06/11/2024 22:00,0.494025,-6.0833335,105.250015,33.133465,29.51805
06/11/2024 23:00,0.494025,-6.0833335,105.250015,33.13025,29.481972
07/11/2024 00:00,0.494025,-6.0833335,105.250015,33.13544,29.487074
07/11/2024 01:00,0.494025,-6.0833335,105.250015,33.140045,29.54874
07/11/2024 02:00,0.494025,-6.0833335,105.250015,33.146034,29.666985
07/11/2024 03:00,0.494025,-6.0833335,105.250015,33.146317,29.807121
07/11/2024 04:00,0.494025,-6.0833335,105.250015,33.100956,29.964664
07/11/2024 05:00,0.494025,-6.0833335,105.250015,33.058334,30.111364
07/11/2024 06:00,0.494025,-6.0833335,105.250015,33.066605,30.275208
07/11/2024 07:00,0.494025,-6.0833335,105.250015,33.100643,30.33311
07/11/2024 08:00,0.494025,-6.0833335,105.250015,33.167313,30.232622
07/11/2024 09:00,0.494025,-6.0833335,105.250015,33.223503,30.176657
07/11/2024 10:00,0.494025,-6.0833335,105.250015,33.259743,30.114899
07/11/2024 11:00,0.494025,-6.0833335,105.250015,33.281387,30.055046
07/11/2024 12:00,0.494025,-6.0833335,105.250015,33.270023,29.997257
07/11/2024 13:00,0.494025,-6.0833335,105.250015,33.213844,29.91421
07/11/2024 14:00,0.494025,-6.0833335,105.250015,33.215244,29.873644
07/11/2024 15:00,0.494025,-6.0833335,105.250015,33.254604,29.873508
07/11/2024 16:00,0.494025,-6.0833335,105.250015,33.283245,29.850622
07/11/2024 17:00,0.494025,-6.0833335,105.250015,33.310448,29.827291
07/11/2024 18:00,0.494025,-6.0833335,105.250015,33.337997,29.808006
07/11/2024 19:00,0.494025,-6.0833335,105.250015,33.36111,29.785543
07/11/2024 20:00,0.494025,-6.0833335,105.250015,33.379974,29.76558
07/11/2024 21:00,0.494025,-6.0833335,105.250015,33.394135,29.74611
07/11/2024 22:00,0.494025,-6.0833335,105.250015,33.40225,29.72679
07/11/2024 23:00,0.494025,-6.0833335,105.250015,33.411,29.715773
08/11/2024 00:00,0.494025,-6.0833335,105.250015,33.422577,29.726938
08/11/2024 01:00,0.494025,-6.0833335,105.250015,33.4306,29.75542
08/11/2024 02:00,0.494025,-6.0833335,105.250015,33.434433,29.80222
08/11/2024 03:00,0.494025,-6.0833335,105.250015,33.435577,29.871864
08/11/2024 04:00,0.494025,-6.0833335,105.250015,33.435684,29.955612
08/11/2024 05:00,0.494025,-6.0833335,105.250015,33.435307,30.036875
08/11/2024 06:00,0.494025,-6.0833335,105.250015,33.43445,30.079004
08/11/2024 07:00,0.494025,-6.0833335,105.250015,33.433746,30.083044
08/11/2024 08:00,0.494025,-6.0833335,105.250015,33.434227,30.064646
08/11/2024 09:00,0.494025,-6.0833335,105.250015,33.43687,30.03222
08/11/2024 10:00,0.494025,-6.0833335,105.250015,33.44259,29.992435
08/11/2024 11:00,0.494025,-6.0833335,105.250015,33.44959,29.957067
08/11/2024 12:00,0.494025,-6.0833335,105.250015,33.455803,29.929878
08/11/2024 13:00,0.494025,-6.0833335,105.250015,33.46057,29.908773
08/11/2024 14:00,0.494025,-6.0833335,105.250015,33.464516,29.89182
08/11/2024 15:00,0.494025,-6.0833335,105.250015,33.467316,29.876974
08/11/2024 16:00,0.494025,-6.0833335,105.250015,33.46948,29.8643
08/11/2024 17:00,0.494025,-6.0833335,105.250015,33.47114,29.852066
08/11/2024 18:00,0.494025,-6.0833335,105.250015,33.472107,29.840363
08/11/2024 19:00,0.494025,-6.0833335,105.250015,33.47321,29.829487
08/11/2024 20:00,0.494025,-6.0833335,105.250015,33.474373,29.817837
08/11/2024 21:00,0.494025,-6.0833335,105.250015,33.47557,29.804644
08/11/2024 22:00,0.494025,-6.0833335,105.250015,33.47591,29.79175
08/11/2024 23:00,0.494025,-6.0833335,105.250015,33.47246,29.787813
09/11/2024 00:00,0.494025,-6.0833335,105.250015,33.47213,29.797415
09/11/2024 01:00,0.494025,-6.0833335,105.250015,33.472145,29.825487
09/11/2024 02:00,0.494025,-6.0833335,105.250015,33.470543,29.869492
09/11/2024 03:00,0.494025,-6.0833335,105.250015,33.469013,29.937956
09/11/2024 04:00,0.494025,-6.0833335,105.250015,33.467457,30.039879
09/11/2024 05:00,0.494025,-6.0833335,105.250015,33.466072,30.148375
09/11/2024 06:00,0.494025,-6.0833335,105.250015,33.463707,30.239843
09/11/2024 07:00,0.494025,-6.0833335,105.250015,33.459007,30.286594
09/11/2024 08:00,0.494025,-6.0833335,105.250015,33.452118,30.25764
09/11/2024 09:00,0.494025,-6.0833335,105.250015,33.447903,30.186739
09/11/2024 10:00,0.494025,-6.0833335,105.250015,33.448383,30.11227
09/11/2024 11:00,0.494025,-6.0833335,105.250015,33.451202,30.03703
09/11/2024 12:00,0.494025,-6.0833335,105.250015,33.453808,29.974045
09/11/2024 13:00,0.494025,-6.0833335,105.250015,33.456394,29.928263
09/11/2024 14:00,0.494025,-6.0833335,105.250015,33.45949,29.8937
09/11/2024 15:00,0.494025,-6.0833335,105.250015,33.462776,29.86933
09/11/2024 16:00,0.494025,-6.0833335,105.250015,33.466476,29.850985
09/11/2024 17:00,0.494025,-6.0833335,105.250015,33.471134,29.83693
09/11/2024 18:00,0.494025,-6.0833335,105.250015,33.475624,29.822308
09/11/2024 19:00,0.494025,-6.0833335,105.250015,33.480247,29.801695
09/11/2024 20:00,0.494025,-6.0833335,105.250015,33.485455,29.786629
09/11/2024 21:00,0.494025,-6.0833335,105.250015,33.490673,29.773697
09/11/2024 22:00,0.494025,-6.0833335,105.250015,33.495735,29.763418
09/11/2024 23:00,0.494025,-6.0833335,105.250015,33.50034,29.763407
10/11/2024 00:00,0.494025,-6.0833335,105.250015,33.503773,29.77934
10/11/2024 01:00,0.494025,-6.0833335,105.250015,33.50656,29.83513
10/11/2024 02:00,0.494025,-6.0833335,105.250015,33.509888,29.959536
10/11/2024 03:00,0.494025,-6.0833335,105.250015,33.513535,30.157547
10/11/2024 04:00,0.494025,-6.0833335,105.250015,33.5168,30.394941
10/11/2024 05:00,0.494025,-6.0833335,105.250015,33.519493,30.639107
10/11/2024 06:00,0.494025,-6.0833335,105.250015,33.52098,30.843592
10/11/2024 07:00,0.494025,-6.0833335,105.250015,33.51461,30.9565
10/11/2024 08:00,0.494025,-6.0833335,105.250015,33.506714,30.948524
10/11/2024 09:00,0.494025,-6.0833335,105.250015,33.509895,30.838959
10/11/2024 10:00,0.494025,-6.0833335,105.250015,33.516903,30.648006
10/11/2024 11:00,0.494025,-6.0833335,105.250015,33.52271,30.421223
10/11/2024 12:00,0.494025,-6.0833335,105.250015,33.525875,30.3426
10/11/2024 13:00,0.494025,-6.0833335,105.250015,33.528793,30.284338
10/11/2024 14:00,0.494025,-6.0833335,105.250015,33.531036,30.232037
10/11/2024 15:00,0.494025,-6.0833335,105.250015,33.531178,30.179546
10/11/2024 16:00,0.494025,-6.0833335,105.250015,33.531036,30.12398
10/11/2024 17:00,0.494025,-6.0833335,105.250015,33.52636,30.074566
10/11/2024 18:00,0.494025,-6.0833335,105.250015,33.5083,30.02022
10/11/2024 19:00,0.494025,-6.0833335,105.250015,33.501667,29.963135
10/11/2024 20:00,0.494025,-6.0833335,105.250015,33.504337,29.91737
10/11/2024 21:00,0.494025,-6.0833335,105.250015,33.499035,29.87591
10/11/2024 22:00,0.494025,-6.0833335,105.250015,33.499702,29.83994
10/11/2024 23:00,0.494025,-6.0833335,105.250015,33.505756,29.824858
11/11/2024 00:00,0.494025,-6.0833335,105.250015,33.51099,29.825214
11/11/2024 01:00,0.494025,-6.0833335,105.250015,33.515965,29.836557
11/11/2024 02:00,0.494025,-6.0833335,105.250015,33.51842,29.857504
11/11/2024 03:00,0.494025,-6.0833335,105.250015,33.51953,29.89541
11/11/2024 04:00,0.494025,-6.0833335,105.250015,33.519432,29.948101
11/11/2024 05:00,0.494025,-6.0833335,105.250015,33.518723,29.980364
11/11/2024 06:00,0.494025,-6.0833335,105.250015,33.518436,29.999723
11/11/2024 07:00,0.494025,-6.0833335,105.250015,33.517902,30.017303
11/11/2024 08:00,0.494025,-6.0833335,105.250015,33.516777,30.020098
11/11/2024 09:00,0.494025,-6.0833335,105.250015,33.51579,30.007677
11/11/2024 10:00,0.494025,-6.0833335,105.250015,33.516026,29.985193
11/11/2024 11:00,0.494025,-6.0833335,105.250015,33.51829,29.961779
11/11/2024 12:00,0.494025,-6.0833335,105.250015,33.52109,29.940393
11/11/2024 13:00,0.494025,-6.0833335,105.250015,33.52328,29.924353
11/11/2024 14:00,0.494025,-6.0833335,105.250015,33.525158,29.910917
11/11/2024 15:00,0.494025,-6.0833335,105.250015,33.526585,29.898434
11/11/2024 16:00,0.494025,-6.0833335,105.250015,33.527527,29.886677
11/11/2024 17:00,0.494025,-6.0833335,105.250015,33.528114,29.876053
11/11/2024 18:00,0.494025,-6.0833335,105.250015,33.528645,29.865665
11/11/2024 19:00,0.494025,-6.0833335,105.250015,33.529564,29.855728
11/11/2024 20:00,0.494025,-6.0833335,105.250015,33.53071,29.845564
11/11/2024 21:00,0.494025,-6.0833335,105.250015,33.53165,29.83305
11/11/2024 22:00,0.494025,-6.0833335,105.250015,33.5323,29.821535
11/11/2024 23:00,0.494025,-6.0833335,105.250015,33.532425,29.818481
12/11/2024 00:00,0.494025,-6.0833335,105.250015,33.53227,29.834738
12/11/2024 01:00,0.494025,-6.0833335,105.250015,33.5317,29.879395
12/11/2024 02:00,0.494025,-6.0833335,105.250015,33.53089,29.961445
12/11/2024 03:00,0.494025,-6.0833335,105.250015,33.52822,30.102118
12/11/2024 04:00,0.494025,-6.0833335,105.250015,33.524586,30.316128
12/11/2024 05:00,0.494025,-6.0833335,105.250015,33.5242,30.450968
12/11/2024 06:00,0.494025,-6.0833335,105.250015,33.522182,30.54811
12/11/2024 07:00,0.494025,-6.0833335,105.250015,33.51437,30.66243
12/11/2024 08:00,0.494025,-6.0833335,105.250015,33.50887,30.718546
12/11/2024 09:00,0.494025,-6.0833335,105.250015,33.495533,30.706095
12/11/2024 10:00,0.494025,-6.0833335,105.250015,33.46484,30.576298
12/11/2024 11:00,0.494025,-6.0833335,105.250015,33.45362,30.441988
12/11/2024 12:00,0.494025,-6.0833335,105.250015,33.460445,30.38571
12/11/2024 13:00,0.494025,-6.0833335,105.250015,33.466442,30.326796
12/11/2024 14:00,0.494025,-6.0833335,105.250015,33.47337,30.26028
12/11/2024 15:00,0.494025,-6.0833335,105.250015,33.480568,30.216303
12/11/2024 16:00,0.494025,-6.0833335,105.250015,33.486065,30.18124
12/11/2024 17:00,0.494025,-6.0833335,105.250015,33.488895,30.13704
12/11/2024 18:00,0.494025,-6.0833335,105.250015,33.491535,30.102135
12/11/2024 19:00,0.494025,-6.0833335,105.250015,33.493805,30.07203
12/11/2024 20:00,0.494025,-6.0833335,105.250015,33.49547,30.044292
12/11/2024 21:00,0.494025,-6.0833335,105.250015,33.49607,30.017937
12/11/2024 22:00,0.494025,-6.0833335,105.250015,33.496025,29.99295
12/11/2024 23:00,0.494025,-6.0833335,105.250015,33.496323,29.975441
13/11/2024 00:00,0.494025,-6.0833335,105.250015,33.48348,29.98362
13/11/2024 01:00,0.494025,-6.0833335,105.250015,33.472263,30.014404
13/11/2024 02:00,0.494025,-6.0833335,105.250015,33.47719,30.095049
13/11/2024 03:00,0.494025,-6.0833335,105.250015,33.480038,30.27221
13/11/2024 04:00,0.494025,-6.0833335,105.250015,33.482956,30.493183
13/11/2024 05:00,0.494025,-6.0833335,105.250015,33.485622,30.575056
13/11/2024 06:00,0.494025,-6.0833335,105.250015,33.488438,30.573069
13/11/2024 07:00,0.494025,-6.0833335,105.250015,33.49198,30.56446
13/11/2024 08:00,0.494025,-6.0833335,105.250015,33.49503,30.56121
13/11/2024 09:00,0.494025,-6.0833335,105.250015,33.49737,30.55638
13/11/2024 10:00,0.494025,-6.0833335,105.250015,33.49548,30.509645
13/11/2024 11:00,0.494025,-6.0833335,105.250015,33.4894,30.429169
13/11/2024 12:00,0.494025,-6.0833335,105.250015,33.463486,30.3595
13/11/2024 13:00,0.494025,-6.0833335,105.250015,33.432457,30.291914
13/11/2024 14:00,0.494025,-6.0833335,105.250015,33.44365,30.272131
13/11/2024 15:00,0.494025,-6.0833335,105.250015,33.45809,30.234116
13/11/2024 16:00,0.494025,-6.0833335,105.250015,33.466515,30.183504
13/11/2024 17:00,0.494025,-6.0833335,105.250015,33.470284,30.14345
13/11/2024 18:00,0.494025,-6.0833335,105.250015,33.471737,30.113054
13/11/2024 19:00,0.494025,-6.0833335,105.250015,33.47288,30.08785
13/11/2024 20:00,0.494025,-6.0833335,105.250015,33.475803,30.064232
13/11/2024 21:00,0.494025,-6.0833335,105.250015,33.47783,30.042274
13/11/2024 22:00,0.494025,-6.0833335,105.250015,33.480095,30.028173
13/11/2024 23:00,0.494025,-6.0833335,105.250015,33.48276,30.024715
14/11/2024 00:00,0.494025,-6.0833335,105.250015,33.484673,30.03572
14/11/2024 01:00,0.494025,-6.0833335,105.250015,33.48523,30.076252
14/11/2024 02:00,0.494025,-6.0833335,105.250015,33.480698,30.162724
14/11/2024 03:00,0.494025,-6.0833335,105.250015,33.47846,30.309626
14/11/2024 04:00,0.494025,-6.0833335,105.250015,33.482777,30.53231
14/11/2024 05:00,0.494025,-6.0833335,105.250015,33.486404,30.780617
14/11/2024 06:00,0.494025,-6.0833335,105.250015,33.490086,30.995077
14/11/2024 07:00,0.494025,-6.0833335,105.250015,33.49458,31.109224
14/11/2024 08:00,0.494025,-6.0833335,105.250015,33.497826,31.058115
14/11/2024 09:00,0.494025,-6.0833335,105.250015,33.49728,30.819225
14/11/2024 10:00,0.494025,-6.0833335,105.250015,33.497173,30.61344
14/11/2024 11:00,0.494025,-6.0833335,105.250015,33.49687,30.454119
14/11/2024 12:00,0.494025,-6.0833335,105.250015,33.497128,30.349216
14/11/2024 13:00,0.494025,-6.0833335,105.250015,33.498398,30.281078
14/11/2024 14:00,0.494025,-6.0833335,105.250015,33.499485,30.238375
14/11/2024 15:00,0.494025,-6.0833335,105.250015,33.49963,30.213589
14/11/2024 16:00,0.494025,-6.0833335,105.250015,33.500412,30.185402
14/11/2024 17:00,0.494025,-6.0833335,105.250015,33.501904,30.157906
14/11/2024 18:00,0.494025,-6.0833335,105.250015,33.50139,30.128426
14/11/2024 19:00,0.494025,-6.0833335,105.250015,33.501347,30.104336
14/11/2024 20:00,0.494025,-6.0833335,105.250015,33.502262,30.083542
14/11/2024 21:00,0.494025,-6.0833335,105.250015,33.50197,30.06479
14/11/2024 22:00,0.494025,-6.0833335,105.250015,33.501877,30.049917
14/11/2024 23:00,0.494025,-6.0833335,105.250015,33.502304,30.043211
15/11/2024 00:00,0.494025,-6.0833335,105.250015,33.502636,30.056236
15/11/2024 01:00,0.494025,-6.0833335,105.250015,33.50284,30.102007
15/11/2024 02:00,0.494025,-6.0833335,105.250015,33.503124,30.198256
15/11/2024 03:00,0.494025,-6.0833335,105.250015,33.5035,30.347198
15/11/2024 04:00,0.494025,-6.0833335,105.250015,33.503807,30.54746
15/11/2024 05:00,0.494025,-6.0833335,105.250015,33.50288,30.782534
15/11/2024 06:00,0.494025,-6.0833335,105.250015,33.501644,30.995815
15/11/2024 07:00,0.494025,-6.0833335,105.250015,33.501583,31.160578
15/11/2024 08:00,0.494025,-6.0833335,105.250015,33.501377,31.245514
15/11/2024 09:00,0.494025,-6.0833335,105.250015,33.4929,31.216219
15/11/2024 10:00,0.494025,-6.0833335,105.250015,33.487392,30.996859
15/11/2024 11:00,0.494025,-6.0833335,105.250015,33.49039,30.788834
15/11/2024 12:00,0.494025,-6.0833335,105.250015,33.492405,30.635315
15/11/2024 13:00,0.494025,-6.0833335,105.250015,33.494766,30.51251
15/11/2024 14:00,0.494025,-6.0833335,105.250015,33.494614,30.423126
15/11/2024 15:00,0.494025,-6.0833335,105.250015,33.49285,30.355917
15/11/2024 16:00,0.494025,-6.0833335,105.250015,33.47979,30.299849
15/11/2024 17:00,0.494025,-6.0833335,105.250015,33.42422,30.229063
15/11/2024 18:00,0.494025,-6.0833335,105.250015,33.280476,30.108213
15/11/2024 19:00,0.494025,-6.0833335,105.250015,33.166454,29.986052
15/11/2024 20:00,0.494025,-6.0833335,105.250015,33.249607,29.99759
15/11/2024 21:00,0.494025,-6.0833335,105.250015,33.31536,30.008905
15/11/2024 22:00,0.494025,-6.0833335,105.250015,33.36834,30.04841
15/11/2024 23:00,0.494025,-6.0833335,105.250015,33.401077,30.083408
16/11/2024 00:00,0.494025,-6.0833335,105.250015,33.41194,30.105164
16/11/2024 01:00,0.494025,-6.0833335,105.250015,33.41553,30.106842
16/11/2024 02:00,0.494025,-6.0833335,105.250015,33.419724,30.114244
16/11/2024 03:00,0.494025,-6.0833335,105.250015,33.420452,30.124746
16/11/2024 04:00,0.494025,-6.0833335,105.250015,33.420296,30.162846
16/11/2024 05:00,0.494025,-6.0833335,105.250015,33.420826,30.228046
16/11/2024 06:00,0.494025,-6.0833335,105.250015,33.420204,30.281717
16/11/2024 07:00,0.494025,-6.0833335,105.250015,33.419456,30.309305
16/11/2024 08:00,0.494025,-6.0833335,105.250015,33.41924,30.3157
16/11/2024 09:00,0.494025,-6.0833335,105.250015,33.418926,30.297693
16/11/2024 10:00,0.494025,-6.0833335,105.250015,33.41929,30.264536
16/11/2024 11:00,0.494025,-6.0833335,105.250015,33.421375,30.23381
16/11/2024 12:00,0.494025,-6.0833335,105.250015,33.42245,30.206951
16/11/2024 13:00,0.494025,-6.0833335,105.250015,33.427147,30.183643
16/11/2024 14:00,0.494025,-6.0833335,105.250015,33.43427,30.164103
16/11/2024 15:00,0.494025,-6.0833335,105.250015,33.43577,30.145073
16/11/2024 16:00,0.494025,-6.0833335,105.250015,33.43535,30.126276
16/11/2024 17:00,0.494025,-6.0833335,105.250015,33.43469,30.111923
16/11/2024 18:00,0.494025,-6.0833335,105.250015,33.395115,30.068996
16/11/2024 19:00,0.494025,-6.0833335,105.250015,33.328754,29.975107
16/11/2024 20:00,0.494025,-6.0833335,105.250015,33.32424,29.916063
16/11/2024 21:00,0.494025,-6.0833335,105.250015,33.394444,30.014309
16/11/2024 22:00,0.494025,-6.0833335,105.250015,33.41811,30.034958
16/11/2024 23:00,0.494025,-6.0833335,105.250015,33.421402,30.029522
17/11/2024 00:00,0.494025,-6.0833335,105.250015,33.391434,30.023708
17/11/2024 01:00,0.494025,-6.0833335,105.250015,33.354378,30.027172
17/11/2024 02:00,0.494025,-6.0833335,105.250015,33.36127,30.120941
17/11/2024 03:00,0.494025,-6.0833335,105.250015,33.366703,30.305563
17/11/2024 04:00,0.494025,-6.0833335,105.250015,33.371647,30.528145
17/11/2024 05:00,0.494025,-6.0833335,105.250015,33.37587,30.76102
17/11/2024 06:00,0.494025,-6.0833335,105.250015,33.379143,30.971827
17/11/2024 07:00,0.494025,-6.0833335,105.250015,33.382042,31.085041
17/11/2024 08:00,0.494025,-6.0833335,105.250015,33.38394,30.983543
17/11/2024 09:00,0.494025,-6.0833335,105.250015,33.353565,30.904675
17/11/2024 10:00,0.494025,-6.0833335,105.250015,33.31693,30.8154
17/11/2024 11:00,0.494025,-6.0833335,105.250015,33.32481,30.686794
17/11/2024 12:00,0.494025,-6.0833335,105.250015,33.33258,30.584156
17/11/2024 13:00,0.494025,-6.0833335,105.250015,33.32109,30.47854
17/11/2024 14:00,0.494025,-6.0833335,105.250015,33.33338,30.38996
17/11/2024 15:00,0.494025,-6.0833335,105.250015,33.346603,30.313313
17/11/2024 16:00,0.494025,-6.0833335,105.250015,33.34751,30.25438
17/11/2024 17:00,0.494025,-6.0833335,105.250015,33.345406,30.203932
17/11/2024 18:00,0.494025,-6.0833335,105.250015,33.35094,30.164042
17/11/2024 19:00,0.494025,-6.0833335,105.250015,33.351616,30.13166
17/11/2024 20:00,0.494025,-6.0833335,105.250015,33.35376,30.105322
17/11/2024 21:00,0.494025,-6.0833335,105.250015,33.355644,30.085112
17/11/2024 22:00,0.494025,-6.0833335,105.250015,33.325638,30.045609
17/11/2024 23:00,0.494025,-6.0833335,105.250015,33.28343,29.98245
18/11/2024 00:00,0.494025,-6.0833335,105.250015,33.30011,29.991728
18/11/2024 01:00,0.494025,-6.0833335,105.250015,33.30964,30.029018
18/11/2024 02:00,0.494025,-6.0833335,105.250015,33.284298,30.116802
18/11/2024 03:00,0.494025,-6.0833335,105.250015,33.23537,30.203026
18/11/2024 04:00,0.494025,-6.0833335,105.250015,33.20755,30.245218
18/11/2024 05:00,0.494025,-6.0833335,105.250015,33.21225,30.291649
18/11/2024 06:00,0.494025,-6.0833335,105.250015,33.21887,30.38903
18/11/2024 07:00,0.494025,-6.0833335,105.250015,33.220535,30.471525
18/11/2024 08:00,0.494025,-6.0833335,105.250015,33.227066,30.449682
18/11/2024 09:00,0.494025,-6.0833335,105.250015,33.235718,30.368917
18/11/2024 10:00,0.494025,-6.0833335,105.250015,33.24153,30.29285
18/11/2024 11:00,0.494025,-6.0833335,105.250015,33.24667,30.22806
18/11/2024 12:00,0.494025,-6.0833335,105.250015,33.25771,30.17918
18/11/2024 13:00,0.494025,-6.0833335,105.250015,33.270275,30.147707
18/11/2024 14:00,0.494025,-6.0833335,105.250015,33.28091,30.12494
18/11/2024 15:00,0.494025,-6.0833335,105.250015,33.28237,30.105492
18/11/2024 16:00,0.494025,-6.0833335,105.250015,33.263493,30.07336
18/11/2024 17:00,0.494025,-6.0833335,105.250015,33.248577,30.030262
18/11/2024 18:00,0.494025,-6.0833335,105.250015,33.265034,30.032263
18/11/2024 19:00,0.494025,-6.0833335,105.250015,33.27527,30.034012
18/11/2024 20:00,0.494025,-6.0833335,105.250015,33.282047,30.02538
18/11/2024 21:00,0.494025,-6.0833335,105.250015,33.286797,30.015574
18/11/2024 22:00,0.494025,-6.0833335,105.250015,33.28886,30.004637
18/11/2024 23:00,0.494025,-6.0833335,105.250015,33.290207,30.000372
19/11/2024 00:00,0.494025,-6.0833335,105.250015,33.292664,30.012186
19/11/2024 01:00,0.494025,-6.0833335,105.250015,33.29389,30.04166
19/11/2024 02:00,0.494025,-6.0833335,105.250015,33.29334,30.09324
19/11/2024 03:00,0.494025,-6.0833335,105.250015,33.292255,30.16886
19/11/2024 04:00,0.494025,-6.0833335,105.250015,33.291145,30.263058
19/11/2024 05:00,0.494025,-6.0833335,105.250015,33.289703,30.352776
19/11/2024 06:00,0.494025,-6.0833335,105.250015,33.288277,30.397703
19/11/2024 07:00,0.494025,-6.0833335,105.250015,33.287663,30.410707
19/11/2024 08:00,0.494025,-6.0833335,105.250015,33.28763,30.401522
19/11/2024 09:00,0.494025,-6.0833335,105.250015,33.287827,30.376148
19/11/2024 10:00,0.494025,-6.0833335,105.250015,33.2884,30.33747
19/11/2024 11:00,0.494025,-6.0833335,105.250015,33.28936,30.296713
19/11/2024 12:00,0.494025,-6.0833335,105.250015,33.29139,30.265009
19/11/2024 13:00,0.494025,-6.0833335,105.250015,33.295826,30.241459
19/11/2024 14:00,0.494025,-6.0833335,105.250015,33.30144,30.224354
19/11/2024 15:00,0.494025,-6.0833335,105.250015,33.30752,30.212395
19/11/2024 16:00,0.494025,-6.0833335,105.250015,33.31357,30.202477
19/11/2024 17:00,0.494025,-6.0833335,105.250015,33.318382,30.193336
19/11/2024 18:00,0.494025,-6.0833335,105.250015,33.323227,30.184696
19/11/2024 19:00,0.494025,-6.0833335,105.250015,33.329155,30.178432
19/11/2024 20:00,0.494025,-6.0833335,105.250015,33.334873,30.17468
19/11/2024 21:00,0.494025,-6.0833335,105.250015,33.33981,30.16679
19/11/2024 22:00,0.494025,-6.0833335,105.250015,33.34439,30.15966
19/11/2024 23:00,0.494025,-6.0833335,105.250015,33.347538,30.161
20/11/2024 00:00,0.494025,-6.0833335,105.250015,33.348385,30.180996
20/11/2024 01:00,0.494025,-6.0833335,105.250015,33.343216,30.238194
20/11/2024 02:00,0.494025,-6.0833335,105.250015,33.32491,30.336157
20/11/2024 03:00,0.494025,-6.0833335,105.250015,33.305973,30.482523
20/11/2024 04:00,0.494025,-6.0833335,105.250015,33.306828,30.689894
20/11/2024 05:00,0.494025,-6.0833335,105.250015,33.312675,30.908869
20/11/2024 06:00,0.494025,-6.0833335,105.250015,33.31878,31.082672
20/11/2024 07:00,0.494025,-6.0833335,105.250015,33.325386,31.155956
20/11/2024 08:00,0.494025,-6.0833335,105.250015,33.336933,30.985453
20/11/2024 09:00,0.494025,-6.0833335,105.250015,33.33913,30.835989
20/11/2024 10:00,0.494025,-6.0833335,105.250015,33.30763,30.719269
20/11/2024 11:00,0.494025,-6.0833335,105.250015,33.27972,30.63821
20/11/2024 12:00,0.494025,-6.0833335,105.250015,33.29524,30.582655
20/11/2024 13:00,0.494025,-6.0833335,105.250015,33.30869,30.518175
20/11/2024 14:00,0.494025,-6.0833335,105.250015,33.310287,30.460455
20/11/2024 15:00,0.494025,-6.0833335,105.250015,33.25987,30.39481
20/11/2024 16:00,0.494025,-6.0833335,105.250015,33.130505,30.27097
20/11/2024 17:00,0.494025,-6.0833335,105.250015,33.00655,30.144577
20/11/2024 18:00,0.494025,-6.0833335,105.250015,32.920376,30.027472
20/11/2024 19:00,0.494025,-6.0833335,105.250015,32.873337,29.929085
20/11/2024 20:00,0.494025,-6.0833335,105.250015,32.857265,29.849411
20/11/2024 21:00,0.494025,-6.0833335,105.250015,32.87965,29.810581
20/11/2024 22:00,0.494025,-6.0833335,105.250015,33.016518,29.972181
20/11/2024 23:00,0.494025,-6.0833335,105.250015,33.10117,30.068502
21/11/2024 00:00,0.494025,-6.0833335,105.250015,33.14373,30.129065
21/11/2024 01:00,0.494025,-6.0833335,105.250015,33.159985,30.186754
21/11/2024 02:00,0.494025,-6.0833335,105.250015,33.167038,30.264597
21/11/2024 03:00,0.494025,-6.0833335,105.250015,33.17039,30.368454
21/11/2024 04:00,0.494025,-6.0833335,105.250015,33.170918,30.484978
21/11/2024 05:00,0.494025,-6.0833335,105.250015,33.170273,30.566484
21/11/2024 06:00,0.494025,-6.0833335,105.250015,33.168205,30.563904
21/11/2024 07:00,0.494025,-6.0833335,105.250015,33.177067,30.539204
21/11/2024 08:00,0.494025,-6.0833335,105.250015,33.19673,30.50542
21/11/2024 09:00,0.494025,-6.0833335,105.250015,33.210335,30.470942
21/11/2024 10:00,0.494025,-6.0833335,105.250015,33.177082,30.422121
21/11/2024 11:00,0.494025,-6.0833335,105.250015,33.14456,30.363976
21/11/2024 12:00,0.494025,-6.0833335,105.250015,33.155823,30.3442
21/11/2024 13:00,0.494025,-6.0833335,105.250015,33.1451,30.320293
21/11/2024 14:00,0.494025,-6.0833335,105.250015,33.13263,30.281647
21/11/2024 15:00,0.494025,-6.0833335,105.250015,33.129784,30.258654
21/11/2024 16:00,0.494025,-6.0833335,105.250015,33.137127,30.242622
21/11/2024 17:00,0.494025,-6.0833335,105.250015,33.14556,30.231468
21/11/2024 18:00,0.494025,-6.0833335,105.250015,33.154034,30.215536
21/11/2024 19:00,0.494025,-6.0833335,105.250015,33.162823,30.197016
21/11/2024 20:00,0.494025,-6.0833335,105.250015,33.17042,30.180723
21/11/2024 21:00,0.494025,-6.0833335,105.250015,33.17743,30.167456
21/11/2024 22:00,0.494025,-6.0833335,105.250015,33.182762,30.155453
21/11/2024 23:00,0.494025,-6.0833335,105.250015,33.18666,30.14565
22/11/2024 00:00,0.494025,-6.0833335,105.250015,33.190212,30.138233
22/11/2024 01:00,0.494025,-6.0833335,105.250015,33.19327,30.142946
22/11/2024 02:00,0.494025,-6.0833335,105.250015,33.195076,30.146425
22/11/2024 03:00,0.494025,-6.0833335,105.250015,33.196682,30.151163
22/11/2024 04:00,0.494025,-6.0833335,105.250015,33.19809,30.17063
22/11/2024 05:00,0.494025,-6.0833335,105.250015,33.199142,30.197327
22/11/2024 06:00,0.494025,-6.0833335,105.250015,33.200222,30.22067
22/11/2024 07:00,0.494025,-6.0833335,105.250015,33.201584,30.231535
22/11/2024 08:00,0.494025,-6.0833335,105.250015,33.203606,30.225687
22/11/2024 09:00,0.494025,-6.0833335,105.250015,33.1972,30.204334
22/11/2024 10:00,0.494025,-6.0833335,105.250015,33.183533,30.169176
22/11/2024 11:00,0.494025,-6.0833335,105.250015,33.183113,30.138817
22/11/2024 12:00,0.494025,-6.0833335,105.250015,33.187466,30.125526
22/11/2024 13:00,0.494025,-6.0833335,105.250015,33.19311,30.112196
22/11/2024 14:00,0.494025,-6.0833335,105.250015,33.20276,30.100277
22/11/2024 15:00,0.494025,-6.0833335,105.250015,33.212708,30.091043
22/11/2024 16:00,0.494025,-6.0833335,105.250015,33.219883,30.080471
22/11/2024 17:00,0.494025,-6.0833335,105.250015,33.21607,30.064013
22/11/2024 18:00,0.494025,-6.0833335,105.250015,33.21542,30.043648
22/11/2024 19:00,0.494025,-6.0833335,105.250015,33.2247,30.032778
22/11/2024 20:00,0.494025,-6.0833335,105.250015,33.232777,30.02661
22/11/2024 21:00,0.494025,-6.0833335,105.250015,33.240273,30.019913
22/11/2024 22:00,0.494025,-6.0833335,105.250015,33.24565,30.010878
22/11/2024 23:00,0.494025,-6.0833335,105.250015,33.250664,30.003256
23/11/2024 00:00,0.494025,-6.0833335,105.250015,33.25662,30.006996
23/11/2024 01:00,0.494025,-6.0833335,105.250015,33.25775,30.017153
23/11/2024 02:00,0.494025,-6.0833335,105.250015,33.246136,30.032175
23/11/2024 03:00,0.494025,-6.0833335,105.250015,33.233093,30.05405
23/11/2024 04:00,0.494025,-6.0833335,105.250015,33.236557,30.072945
23/11/2024 05:00,0.494025,-6.0833335,105.250015,33.244156,30.099213
23/11/2024 06:00,0.494025,-6.0833335,105.250015,33.250458,30.123692
23/11/2024 07:00,0.494025,-6.0833335,105.250015,33.255493,30.138412
23/11/2024 08:00,0.494025,-6.0833335,105.250015,33.25952,30.143454
23/11/2024 09:00,0.494025,-6.0833335,105.250015,33.262787,30.13189
23/11/2024 10:00,0.494025,-6.0833335,105.250015,33.26545,30.109098
23/11/2024 11:00,0.494025,-6.0833335,105.250015,33.26811,30.087906
23/11/2024 12:00,0.494025,-6.0833335,105.250015,33.27058,30.074156
23/11/2024 13:00,0.494025,-6.0833335,105.250015,33.27336,30.065128
23/11/2024 14:00,0.494025,-6.0833335,105.250015,33.275635,30.05724
23/11/2024 15:00,0.494025,-6.0833335,105.250015,33.27569,30.049185
23/11/2024 16:00,0.494025,-6.0833335,105.250015,33.274563,30.04223
23/11/2024 17:00,0.494025,-6.0833335,105.250015,33.268875,30.034468
23/11/2024 18:00,0.494025,-6.0833335,105.250015,33.263687,30.02512
23/11/2024 19:00,0.494025,-6.0833335,105.250015,33.258636,30.015768
23/11/2024 20:00,0.494025,-6.0833335,105.250015,33.252205,30.007715
23/11/2024 21:00,0.494025,-6.0833335,105.250015,33.24475,30.00013
23/11/2024 22:00,0.494025,-6.0833335,105.250015,33.23654,29.991482
23/11/2024 23:00,0.494025,-6.0833335,105.250015,33.224903,29.988243
24/11/2024 00:00,0.494025,-6.0833335,105.250015,33.212513,29.991232
24/11/2024 01:00,0.494025,-6.0833335,105.250015,33.201435,30.007154
24/11/2024 02:00,0.494025,-6.0833335,105.250015,33.190807,30.041525
24/11/2024 03:00,0.494025,-6.0833335,105.250015,33.181168,30.083815
24/11/2024 04:00,0.494025,-6.0833335,105.250015,33.17287,30.131996
24/11/2024 05:00,0.494025,-6.0833335,105.250015,33.165894,30.1832
24/11/2024 06:00,0.494025,-6.0833335,105.250015,33.160275,30.21792
24/11/2024 07:00,0.494025,-6.0833335,105.250015,33.15601,30.233051
24/11/2024 08:00,0.494025,-6.0833335,105.250015,33.15238,30.235046
24/11/2024 09:00,0.494025,-6.0833335,105.250015,33.14911,30.22279
24/11/2024 10:00,0.494025,-6.0833335,105.250015,33.14598,30.197863
24/11/2024 11:00,0.494025,-6.0833335,105.250015,33.143135,30.171595
24/11/2024 12:00,0.494025,-6.0833335,105.250015,33.141685,30.151794
24/11/2024 13:00,0.494025,-6.0833335,105.250015,33.1416,30.136772
24/11/2024 14:00,0.494025,-6.0833335,105.250015,33.1421,30.125465
24/11/2024 15:00,0.494025,-6.0833335,105.250015,33.13479,30.114141
24/11/2024 16:00,0.494025,-6.0833335,105.250015,33.118717,30.094624
24/11/2024 17:00,0.494025,-6.0833335,105.250015,33.110237,30.06936
24/11/2024 18:00,0.494025,-6.0833335,105.250015,33.11626,30.06627
24/11/2024 19:00,0.494025,-6.0833335,105.250015,33.120613,30.06722
24/11/2024 20:00,0.494025,-6.0833335,105.250015,33.123306,30.064215
24/11/2024 21:00,0.494025,-6.0833335,105.250015,33.123474,30.059904
24/11/2024 22:00,0.494025,-6.0833335,105.250015,33.123646,30.053257
24/11/2024 23:00,0.494025,-6.0833335,105.250015,33.125217,30.052486
25/11/2024 00:00,0.494025,-6.0833335,105.250015,33.125683,30.063602
25/11/2024 01:00,0.494025,-6.0833335,105.250015,33.12423,30.09223
25/11/2024 02:00,0.494025,-6.0833335,105.250015,33.1217,30.161688
25/11/2024 03:00,0.494025,-6.0833335,105.250015,33.11895,30.261742
25/11/2024 04:00,0.494025,-6.0833335,105.250015,33.116714,30.382801
25/11/2024 05:00,0.494025,-6.0833335,105.250015,33.11543,30.5133
25/11/2024 06:00,0.494025,-6.0833335,105.250015,33.114273,30.605305
25/11/2024 07:00,0.494025,-6.0833335,105.250015,33.109627,30.582623
25/11/2024 08:00,0.494025,-6.0833335,105.250015,33.103592,30.497072
25/11/2024 09:00,0.494025,-6.0833335,105.250015,33.10087,30.442263
25/11/2024 10:00,0.494025,-6.0833335,105.250015,33.097572,30.396666
25/11/2024 11:00,0.494025,-6.0833335,105.250015,33.093506,30.346004
25/11/2024 12:00,0.494025,-6.0833335,105.250015,33.08996,30.292624
25/11/2024 13:00,0.494025,-6.0833335,105.250015,33.085247,30.246004
25/11/2024 14:00,0.494025,-6.0833335,105.250015,33.08165,30.205805
25/11/2024 15:00,0.494025,-6.0833335,105.250015,33.07903,30.177849
25/11/2024 16:00,0.494025,-6.0833335,105.250015,33.077072,30.152414
25/11/2024 17:00,0.494025,-6.0833335,105.250015,33.075714,30.129713
25/11/2024 18:00,0.494025,-6.0833335,105.250015,33.075264,30.111917
25/11/2024 19:00,0.494025,-6.0833335,105.250015,33.075382,30.094912
25/11/2024 20:00,0.494025,-6.0833335,105.250015,33.074894,30.081703
25/11/2024 21:00,0.494025,-6.0833335,105.250015,33.070816,30.069042
25/11/2024 22:00,0.494025,-6.0833335,105.250015,33.06995,30.060963
25/11/2024 23:00,0.494025,-6.0833335,105.250015,33.07151,30.061665
26/11/2024 00:00,0.494025,-6.0833335,105.250015,33.071068,30.072996
26/11/2024 01:00,0.494025,-6.0833335,105.250015,33.06949,30.114977
26/11/2024 02:00,0.494025,-6.0833335,105.250015,33.067974,30.217972
26/11/2024 03:00,0.494025,-6.0833335,105.250015,33.06649,30.380678
26/11/2024 04:00,0.494025,-6.0833335,105.250015,33.064842,30.600779
26/11/2024 05:00,0.494025,-6.0833335,105.250015,33.06233,30.821371
26/11/2024 06:00,0.494025,-6.0833335,105.250015,33.05511,31.008457
26/11/2024 07:00,0.494025,-6.0833335,105.250015,33.048393,31.102217
26/11/2024 08:00,0.494025,-6.0833335,105.250015,33.046936,30.930351
26/11/2024 09:00,0.494025,-6.0833335,105.250015,33.04454,30.771486
26/11/2024 10:00,0.494025,-6.0833335,105.250015,33.04317,30.643782
26/11/2024 11:00,0.494025,-6.0833335,105.250015,33.04223,30.522173
26/11/2024 12:00,0.494025,-6.0833335,105.250015,33.0416,30.429804
26/11/2024 13:00,0.494025,-6.0833335,105.250015,33.040085,30.357176
26/11/2024 14:00,0.494025,-6.0833335,105.250015,33.038494,30.299332
26/11/2024 15:00,0.494025,-6.0833335,105.250015,33.037262,30.250843
26/11/2024 16:00,0.494025,-6.0833335,105.250015,33.03114,30.208113
26/11/2024 17:00,0.494025,-6.0833335,105.250015,32.935703,30.13524
26/11/2024 18:00,0.494025,-6.0833335,105.250015,32.812546,30.018137
26/11/2024 19:00,0.494025,-6.0833335,105.250015,32.823288,29.91431
26/11/2024 20:00,0.494025,-6.0833335,105.250015,32.90022,29.926105
26/11/2024 21:00,0.494025,-6.0833335,105.250015,32.97661,30.01249
26/11/2024 22:00,0.494025,-6.0833335,105.250015,33.020096,30.07603
26/11/2024 23:00,0.494025,-6.0833335,105.250015,33.034172,30.080622
27/11/2024 00:00,0.494025,-6.0833335,105.250015,33.041813,30.074286
27/11/2024 01:00,0.494025,-6.0833335,105.250015,33.04752,30.09729
27/11/2024 02:00,0.494025,-6.0833335,105.250015,33.051243,30.1824
27/11/2024 03:00,0.494025,-6.0833335,105.250015,33.054146,30.289284
27/11/2024 04:00,0.494025,-6.0833335,105.250015,33.055836,30.372185
27/11/2024 05:00,0.494025,-6.0833335,105.250015,33.056217,30.475462
27/11/2024 06:00,0.494025,-6.0833335,105.250015,33.054108,30.586382
27/11/2024 07:00,0.494025,-6.0833335,105.250015,33.052547,30.61817
27/11/2024 08:00,0.494025,-6.0833335,105.250015,33.051594,30.531992
27/11/2024 09:00,0.494025,-6.0833335,105.250015,33.048447,30.484066
27/11/2024 10:00,0.494025,-6.0833335,105.250015,33.043594,30.438646
27/11/2024 11:00,0.494025,-6.0833335,105.250015,33.039246,30.377556
27/11/2024 12:00,0.494025,-6.0833335,105.250015,33.03618,30.300518
27/11/2024 13:00,0.494025,-6.0833335,105.250015,33.03154,30.2308
27/11/2024 14:00,0.494025,-6.0833335,105.250015,33.02414,30.17552
27/11/2024 15:00,0.494025,-6.0833335,105.250015,33.018017,30.145163
27/11/2024 16:00,0.494025,-6.0833335,105.250015,33.004284,30.114872
27/11/2024 17:00,0.494025,-6.0833335,105.250015,32.95982,30.034756
27/11/2024 18:00,0.494025,-6.0833335,105.250015,32.93699,29.972559
27/11/2024 19:00,0.494025,-6.0833335,105.250015,32.980984,30.047483
27/11/2024 20:00,0.494025,-6.0833335,105.250015,32.98888,30.044388
27/11/2024 21:00,0.494025,-6.0833335,105.250015,32.992165,30.024382
27/11/2024 22:00,0.494025,-6.0833335,105.250015,32.995514,30.004574
27/11/2024 23:00,0.494025,-6.0833335,105.250015,32.99942,29.999798
28/11/2024 00:00,0.494025,-6.0833335,105.250015,33.00231,30.003447
28/11/2024 01:00,0.494025,-6.0833335,105.250015,33.005165,30.025139
28/11/2024 02:00,0.494025,-6.0833335,105.250015,33.00611,30.07082
28/11/2024 03:00,0.494025,-6.0833335,105.250015,33.00571,30.124945
28/11/2024 04:00,0.494025,-6.0833335,105.250015,33.005608,30.171955
28/11/2024 05:00,0.494025,-6.0833335,105.250015,33.00656,30.242718
28/11/2024 06:00,0.494025,-6.0833335,105.250015,33.005318,30.299349
28/11/2024 07:00,0.494025,-6.0833335,105.250015,33.00424,30.295504
28/11/2024 08:00,0.494025,-6.0833335,105.250015,33.008186,30.27416
28/11/2024 09:00,0.494025,-6.0833335,105.250015,33.016716,30.255838
28/11/2024 10:00,0.494025,-6.0833335,105.250015,33.027615,30.225714
28/11/2024 11:00,0.494025,-6.0833335,105.250015,33.03892,30.199049
28/11/2024 12:00,0.494025,-6.0833335,105.250015,33.05495,30.1828
28/11/2024 13:00,0.494025,-6.0833335,105.250015,33.073586,30.170305
28/11/2024 14:00,0.494025,-6.0833335,105.250015,33.087387,30.15688
28/11/2024 15:00,0.494025,-6.0833335,105.250015,33.096035,30.142157
28/11/2024 16:00,0.494025,-6.0833335,105.250015,33.102898,30.128216
28/11/2024 17:00,0.494025,-6.0833335,105.250015,33.10954,30.118923
28/11/2024 18:00,0.494025,-6.0833335,105.250015,33.111553,30.110203
28/11/2024 19:00,0.494025,-6.0833335,105.250015,33.114323,30.101137
28/11/2024 20:00,0.494025,-6.0833335,105.250015,33.119083,30.095497
28/11/2024 21:00,0.494025,-6.0833335,105.250015,33.12371,30.091587
28/11/2024 22:00,0.494025,-6.0833335,105.250015,33.12761,30.089237
28/11/2024 23:00,0.494025,-6.0833335,105.250015,33.13064,30.089436
29/11/2024 00:00,0.494025,-6.0833335,105.250015,33.13302,30.098036
29/11/2024 01:00,0.494025,-6.0833335,105.250015,33.13363,30.119663
29/11/2024 02:00,0.494025,-6.0833335,105.250015,33.132187,30.129389
29/11/2024 03:00,0.494025,-6.0833335,105.250015,33.13023,30.13519
29/11/2024 04:00,0.494025,-6.0833335,105.250015,33.128574,30.142498
29/11/2024 05:00,0.494025,-6.0833335,105.250015,33.127914,30.155052
29/11/2024 06:00,0.494025,-6.0833335,105.250015,33.128155,30.166023
29/11/2024 07:00,0.494025,-6.0833335,105.250015,33.12821,30.167034
29/11/2024 08:00,0.494025,-6.0833335,105.250015,33.12923,30.164303
29/11/2024 09:00,0.494025,-6.0833335,105.250015,33.130646,30.161013
29/11/2024 10:00,0.494025,-6.0833335,105.250015,33.123344,30.150492
29/11/2024 11:00,0.494025,-6.0833335,105.250015,33.114754,30.132956
29/11/2024 12:00,0.494025,-6.0833335,105.250015,33.11759,30.122688
29/11/2024 13:00,0.494025,-6.0833335,105.250015,33.12234,30.119848
29/11/2024 14:00,0.494025,-6.0833335,105.250015,33.12506,30.118052
29/11/2024 15:00,0.494025,-6.0833335,105.250015,33.12698,30.114874
29/11/2024 16:00,0.494025,-6.0833335,105.250015,33.128487,30.111221
29/11/2024 17:00,0.494025,-6.0833335,105.250015,33.129845,30.108074
29/11/2024 18:00,0.494025,-6.0833335,105.250015,33.13123,30.103947
29/11/2024 19:00,0.494025,-6.0833335,105.250015,33.13272,30.099966
29/11/2024 20:00,0.494025,-6.0833335,105.250015,33.134293,30.096596
29/11/2024 21:00,0.494025,-6.0833335,105.250015,33.135914,30.092953
29/11/2024 22:00,0.494025,-6.0833335,105.250015,33.13744,30.08792
29/11/2024 23:00,0.494025,-6.0833335,105.250015,33.138645,30.085
30/11/2024 00:00,0.494025,-6.0833335,105.250015,33.099274,30.083021
30/11/2024 01:00,0.494025,-6.0833335,105.250015,33.056965,30.064096
30/11/2024 02:00,0.494025,-6.0833335,105.250015,33.063908,30.068632
30/11/2024 03:00,0.494025,-6.0833335,105.250015,33.06474,30.122282
30/11/2024 04:00,0.494025,-6.0833335,105.250015,33.06397,30.236485
30/11/2024 05:00,0.494025,-6.0833335,105.250015,33.06335,30.353676
30/11/2024 06:00,0.494025,-6.0833335,105.250015,33.06442,30.40026
30/11/2024 07:00,0.494025,-6.0833335,105.250015,33.069893,30.410051
30/11/2024 08:00,0.494025,-6.0833335,105.250015,33.079823,30.395168
30/11/2024 09:00,0.494025,-6.0833335,105.250015,33.091274,30.358593
30/11/2024 10:00,0.494025,-6.0833335,105.250015,33.101112,30.314726
30/11/2024 11:00,0.494025,-6.0833335,105.250015,33.10979,30.270866
30/11/2024 12:00,0.494025,-6.0833335,105.250015,33.11726,30.235516
30/11/2024 13:00,0.494025,-6.0833335,105.250015,33.12379,30.206984
30/11/2024 14:00,0.494025,-6.0833335,105.250015,33.12939,30.182287
30/11/2024 15:00,0.494025,-6.0833335,105.250015,33.134014,30.163298
30/11/2024 16:00,0.494025,-6.0833335,105.250015,33.13783,30.149483
30/11/2024 17:00,0.494025,-6.0833335,105.250015,33.14177,30.138884
30/11/2024 18:00,0.494025,-6.0833335,105.250015,33.145805,30.130735
30/11/2024 19:00,0.494025,-6.0833335,105.250015,33.149704,30.122671
30/11/2024 20:00,0.494025,-6.0833335,105.250015,33.15282,30.114859
30/11/2024 21:00,0.494025,-6.0833335,105.250015,33.15561,30.108953
30/11/2024 22:00,0.494025,-6.0833335,105.250015,33.156094,30.103018
30/11/2024 23:00,0.494025,-6.0833335,105.250015,33.158455,30.0969
01/12/2024 00:00,0.494025,-6.0833335,105.250015,33.162342,30.102814
01/12/2024 01:00,0.494025,-6.0833335,105.250015,33.165215,30.11599
01/12/2024 02:00,0.494025,-6.0833335,105.250015,33.16663,30.13445
01/12/2024 03:00,0.494025,-6.0833335,105.250015,33.166763,30.158096
01/12/2024 04:00,0.494025,-6.0833335,105.250015,33.166206,30.181395
01/12/2024 05:00,0.494025,-6.0833335,105.250015,33.165375,30.214657
01/12/2024 06:00,0.494025,-6.0833335,105.250015,33.164112,30.242535
01/12/2024 07:00,0.494025,-6.0833335,105.250015,33.162464,30.260723
01/12/2024 08:00,0.494025,-6.0833335,105.250015,33.160606,30.268969
01/12/2024 09:00,0.494025,-6.0833335,105.250015,33.15758,30.26204
01/12/2024 10:00,0.494025,-6.0833335,105.250015,33.153572,30.240927
01/12/2024 11:00,0.494025,-6.0833335,105.250015,33.152058,30.21942
01/12/2024 12:00,0.494025,-6.0833335,105.250015,33.15152,30.204487
01/12/2024 13:00,0.494025,-6.0833335,105.250015,33.150726,30.18984
01/12/2024 14:00,0.494025,-6.0833335,105.250015,33.149513,30.176306
01/12/2024 15:00,0.494025,-6.0833335,105.250015,33.148846,30.164968
01/12/2024 16:00,0.494025,-6.0833335,105.250015,33.149456,30.15477
01/12/2024 17:00,0.494025,-6.0833335,105.250015,33.15058,30.143658
01/12/2024 18:00,0.494025,-6.0833335,105.250015,33.152092,30.133247
01/12/2024 19:00,0.494025,-6.0833335,105.250015,33.153904,30.12632
01/12/2024 20:00,0.494025,-6.0833335,105.250015,33.155464,30.119421
01/12/2024 21:00,0.494025,-6.0833335,105.250015,33.156612,30.113167
01/12/2024 22:00,0.494025,-6.0833335,105.250015,33.157753,30.106853
01/12/2024 23:00,0.494025,-6.0833335,105.250015,33.15914,30.10308
02/12/2024 00:00,0.494025,-6.0833335,105.250015,33.160923,30.104393
02/12/2024 01:00,0.494025,-6.0833335,105.250015,33.161804,30.112963
02/12/2024 02:00,0.494025,-6.0833335,105.250015,33.139397,30.124304
02/12/2024 03:00,0.494025,-6.0833335,105.250015,33.113605,30.126692
02/12/2024 04:00,0.494025,-6.0833335,105.250015,33.112804,30.134308
02/12/2024 05:00,0.494025,-6.0833335,105.250015,33.11956,30.151543
02/12/2024 06:00,0.494025,-6.0833335,105.250015,33.122288,30.160187
02/12/2024 07:00,0.494025,-6.0833335,105.250015,33.119232,30.152481
02/12/2024 08:00,0.494025,-6.0833335,105.250015,33.120575,30.133635
02/12/2024 09:00,0.494025,-6.0833335,105.250015,33.125313,30.115685
02/12/2024 10:00,0.494025,-6.0833335,105.250015,33.12751,30.102642
02/12/2024 11:00,0.494025,-6.0833335,105.250015,33.128086,30.091856
02/12/2024 12:00,0.494025,-6.0833335,105.250015,33.132008,30.083448
02/12/2024 13:00,0.494025,-6.0833335,105.250015,33.135967,30.076267
02/12/2024 14:00,0.494025,-6.0833335,105.250015,33.138283,30.070332
02/12/2024 15:00,0.494025,-6.0833335,105.250015,33.140434,30.064594
02/12/2024 16:00,0.494025,-6.0833335,105.250015,33.14353,30.059261
02/12/2024 17:00,0.494025,-6.0833335,105.250015,33.14654,30.056557
02/12/2024 18:00,0.494025,-6.0833335,105.250015,33.148613,30.05325
02/12/2024 19:00,0.494025,-6.0833335,105.250015,33.14956,30.048182
02/12/2024 20:00,0.494025,-6.0833335,105.250015,33.147125,30.043896
02/12/2024 21:00,0.494025,-6.0833335,105.250015,33.143196,30.04092
02/12/2024 22:00,0.494025,-6.0833335,105.250015,33.1418,30.036758
02/12/2024 23:00,0.494025,-6.0833335,105.250015,33.142277,30.035334
03/12/2024 00:00,0.494025,-6.0833335,105.250015,33.142662,30.035128
03/12/2024 01:00,0.494025,-6.0833335,105.250015,33.1419,30.034763
03/12/2024 02:00,0.494025,-6.0833335,105.250015,33.139168,30.032812
03/12/2024 03:00,0.494025,-6.0833335,105.250015,33.136547,30.028898
03/12/2024 04:00,0.494025,-6.0833335,105.250015,33.13564,30.025223
03/12/2024 05:00,0.494025,-6.0833335,105.250015,33.132,30.023996
03/12/2024 06:00,0.494025,-6.0833335,105.250015,33.13019,30.017717
03/12/2024 07:00,0.494025,-6.0833335,105.250015,33.130344,30.008749
03/12/2024 08:00,0.494025,-6.0833335,105.250015,33.13272,30.004053
03/12/2024 09:00,0.494025,-6.0833335,105.250015,33.135754,30.000095
03/12/2024 10:00,0.494025,-6.0833335,105.250015,33.13787,29.994856
03/12/2024 11:00,0.494025,-6.0833335,105.250015,33.13918,29.990654
03/12/2024 12:00,0.494025,-6.0833335,105.250015,33.139626,29.987211
03/12/2024 13:00,0.494025,-6.0833335,105.250015,33.138134,29.98486
03/12/2024 14:00,0.494025,-6.0833335,105.250015,33.135307,29.981775
03/12/2024 15:00,0.494025,-6.0833335,105.250015,33.1329,29.977867
03/12/2024 16:00,0.494025,-6.0833335,105.250015,33.131283,29.972775
03/12/2024 17:00,0.494025,-6.0833335,105.250015,33.12908,29.967035
03/12/2024 18:00,0.494025,-6.0833335,105.250015,33.128223,29.960825
03/12/2024 19:00,0.494025,-6.0833335,105.250015,33.127655,29.955677
03/12/2024 20:00,0.494025,-6.0833335,105.250015,33.12729,29.95021
03/12/2024 21:00,0.494025,-6.0833335,105.250015,33.127388,29.944708
03/12/2024 22:00,0.494025,-6.0833335,105.250015,33.127747,29.93897
03/12/2024 23:00,0.494025,-6.0833335,105.250015,33.128574,29.93528
04/12/2024 00:00,0.494025,-6.0833335,105.250015,33.12817,29.932226
04/12/2024 01:00,0.494025,-6.0833335,105.250015,33.123978,29.927908
04/12/2024 02:00,0.494025,-6.0833335,105.250015,33.124035,29.92111
04/12/2024 03:00,0.494025,-6.0833335,105.250015,33.129276,29.917168
04/12/2024 04:00,0.494025,-6.0833335,105.250015,33.134407,29.916208
04/12/2024 05:00,0.494025,-6.0833335,105.250015,33.138607,29.913502
04/12/2024 06:00,0.494025,-6.0833335,105.250015,33.142357,29.913126
04/12/2024 07:00,0.494025,-6.0833335,105.250015,33.14635,29.911964
04/12/2024 08:00,0.494025,-6.0833335,105.250015,33.150597,29.90524
04/12/2024 09:00,0.494025,-6.0833335,105.250015,33.153915,29.891258
04/12/2024 10:00,0.494025,-6.0833335,105.250015,33.157513,29.875185
04/12/2024 11:00,0.494025,-6.0833335,105.250015,33.163845,29.861551
04/12/2024 12:00,0.494025,-6.0833335,105.250015,33.17144,29.850704
04/12/2024 13:00,0.494025,-6.0833335,105.250015,33.17862,29.841166
04/12/2024 14:00,0.494025,-6.0833335,105.250015,33.185448,29.830952
04/12/2024 15:00,0.494025,-6.0833335,105.250015,33.193108,29.822777
04/12/2024 16:00,0.494025,-6.0833335,105.250015,33.199966,29.822466
04/12/2024 17:00,0.494025,-6.0833335,105.250015,33.207832,29.813953
04/12/2024 18:00,0.494025,-6.0833335,105.250015,33.21541,29.804077
04/12/2024 19:00,0.494025,-6.0833335,105.250015,33.21816,29.792145
04/12/2024 20:00,0.494025,-6.0833335,105.250015,33.220455,29.778387
04/12/2024 21:00,0.494025,-6.0833335,105.250015,33.223362,29.763754
04/12/2024 22:00,0.494025,-6.0833335,105.250015,33.227688,29.749578
04/12/2024 23:00,0.494025,-6.0833335,105.250015,33.23447,29.738222
05/12/2024 00:00,0.494025,-6.0833335,105.250015,33.24197,29.733156
05/12/2024 01:00,0.494025,-6.0833335,105.250015,33.248993,29.732023
05/12/2024 02:00,0.494025,-6.0833335,105.250015,33.256046,29.72923
05/12/2024 03:00,0.494025,-6.0833335,105.250015,33.263153,29.73204
05/12/2024 04:00,0.494025,-6.0833335,105.250015,33.268963,29.731083
05/12/2024 05:00,0.494025,-6.0833335,105.250015,33.272358,29.724953
05/12/2024 06:00,0.494025,-6.0833335,105.250015,33.272957,29.713804
05/12/2024 07:00,0.494025,-6.0833335,105.250015,33.276527,29.698494
05/12/2024 08:00,0.494025,-6.0833335,105.250015,33.282593,29.686115
05/12/2024 09:00,0.494025,-6.0833335,105.250015,33.285038,29.673603
05/12/2024 10:00,0.494025,-6.0833335,105.250015,33.28934,29.660503
05/12/2024 11:00,0.494025,-6.0833335,105.250015,33.29576,29.650873
05/12/2024 12:00,0.494025,-6.0833335,105.250015,33.298855,29.644592
05/12/2024 13:00,0.494025,-6.0833335,105.250015,33.3033,29.63863
05/12/2024 14:00,0.494025,-6.0833335,105.250015,33.309235,29.633978
05/12/2024 15:00,0.494025,-6.0833335,105.250015,33.313713,29.630325
05/12/2024 16:00,0.494025,-6.0833335,105.250015,33.316517,29.626444
05/12/2024 17:00,0.494025,-6.0833335,105.250015,33.31936,29.621408
05/12/2024 18:00,0.494025,-6.0833335,105.250015,33.32137,29.617554
05/12/2024 19:00,0.494025,-6.0833335,105.250015,33.32089,29.613825
05/12/2024 20:00,0.494025,-6.0833335,105.250015,33.32066,29.61251
05/12/2024 21:00,0.494025,-6.0833335,105.250015,33.330055,29.639986
05/12/2024 22:00,0.494025,-6.0833335,105.250015,33.331203,29.660204
05/12/2024 23:00,0.494025,-6.0833335,105.250015,33.324474,29.669933
06/12/2024 00:00,0.494025,-6.0833335,105.250015,33.321182,29.683058
06/12/2024 01:00,0.494025,-6.0833335,105.250015,33.317276,29.695808
06/12/2024 02:00,0.494025,-6.0833335,105.250015,33.31129,29.70772
06/12/2024 03:00,0.494025,-6.0833335,105.250015,33.305412,29.718666
06/12/2024 04:00,0.494025,-6.0833335,105.250015,33.300076,29.733503
06/12/2024 05:00,0.494025,-6.0833335,105.250015,33.296528,29.748022
06/12/2024 06:00,0.494025,-6.0833335,105.250015,33.29337,29.761654
06/12/2024 07:00,0.494025,-6.0833335,105.250015,33.290073,29.776491
06/12/2024 08:00,0.494025,-6.0833335,105.250015,33.286415,29.773602
06/12/2024 09:00,0.494025,-6.0833335,105.250015,33.281326,29.76024
06/12/2024 10:00,0.494025,-6.0833335,105.250015,33.275784,29.744204
06/12/2024 11:00,0.494025,-6.0833335,105.250015,33.26869,29.72849
06/12/2024 12:00,0.494025,-6.0833335,105.250015,33.257343,29.715319
06/12/2024 13:00,0.494025,-6.0833335,105.250015,33.248257,29.703476
06/12/2024 14:00,0.494025,-6.0833335,105.250015,33.243084,29.695889
06/12/2024 15:00,0.494025,-6.0833335,105.250015,33.236816,29.689077
06/12/2024 16:00,0.494025,-6.0833335,105.250015,33.22898,29.68132
06/12/2024 17:00,0.494025,-6.0833335,105.250015,33.219418,29.673746
06/12/2024 18:00,0.494025,-6.0833335,105.250015,33.20746,29.66518
06/12/2024 19:00,0.494025,-6.0833335,105.250015,33.195152,29.654667
06/12/2024 20:00,0.494025,-6.0833335,105.250015,33.18561,29.64864
06/12/2024 21:00,0.494025,-6.0833335,105.250015,33.17573,29.654182
06/12/2024 22:00,0.494025,-6.0833335,105.250015,33.161804,29.644257
06/12/2024 23:00,0.494025,-6.0833335,105.250015,33.118904,29.618708
07/12/2024 00:00,0.494025,-6.0833335,105.250015,33.05422,29.58243
07/12/2024 01:00,0.494025,-6.0833335,105.250015,33.030106,29.588839
07/12/2024 02:00,0.494025,-6.0833335,105.250015,33.018284,29.660038
07/12/2024 03:00,0.494025,-6.0833335,105.250015,33.01221,29.821745
07/12/2024 04:00,0.494025,-6.0833335,105.250015,33.003082,30.043919
07/12/2024 05:00,0.494025,-6.0833335,105.250015,32.99558,30.279919
07/12/2024 06:00,0.494025,-6.0833335,105.250015,32.990646,30.48502
07/12/2024 07:00,0.494025,-6.0833335,105.250015,32.989925,30.621906
07/12/2024 08:00,0.494025,-6.0833335,105.250015,32.998173,30.641113
07/12/2024 09:00,0.494025,-6.0833335,105.250015,33.00612,30.542423
07/12/2024 10:00,0.494025,-6.0833335,105.250015,33.006413,30.364922
07/12/2024 11:00,0.494025,-6.0833335,105.250015,33.016647,30.181028
07/12/2024 12:00,0.494025,-6.0833335,105.250015,33.016052,30.08565
07/12/2024 13:00,0.494025,-6.0833335,105.250015,33.00614,30.01202
07/12/2024 14:00,0.494025,-6.0833335,105.250015,33.00384,29.9428
07/12/2024 15:00,0.494025,-6.0833335,105.250015,32.991875,29.878048
07/12/2024 16:00,0.494025,-6.0833335,105.250015,33.00643,29.828571
07/12/2024 17:00,0.494025,-6.0833335,105.250015,33.030106,29.77758
07/12/2024 18:00,0.494025,-6.0833335,105.250015,33.047104,29.73634
07/12/2024 19:00,0.494025,-6.0833335,105.250015,33.05753,29.701206
07/12/2024 20:00,0.494025,-6.0833335,105.250015,33.065926,29.676487
07/12/2024 21:00,0.494025,-6.0833335,105.250015,33.073437,29.65942
07/12/2024 22:00,0.494025,-6.0833335,105.250015,33.0798,29.646448
07/12/2024 23:00,0.494025,-6.0833335,105.250015,33.085243,29.64277
08/12/2024 00:00,0.494025,-6.0833335,105.250015,33.08773,29.63867
08/12/2024 01:00,0.494025,-6.0833335,105.250015,33.089565,29.659214
08/12/2024 02:00,0.494025,-6.0833335,105.250015,33.089195,29.711983
08/12/2024 03:00,0.494025,-6.0833335,105.250015,33.087986,29.818874
08/12/2024 04:00,0.494025,-6.0833335,105.250015,33.089474,29.986328
08/12/2024 05:00,0.494025,-6.0833335,105.250015,33.09269,30.186329
08/12/2024 06:00,0.494025,-6.0833335,105.250015,33.09412,30.417086
08/12/2024 07:00,0.494025,-6.0833335,105.250015,33.095013,30.592556
08/12/2024 08:00,0.494025,-6.0833335,105.250015,33.094814,30.668749
08/12/2024 09:00,0.494025,-6.0833335,105.250015,33.095455,30.649176
08/12/2024 10:00,0.494025,-6.0833335,105.250015,33.095806,30.557564
08/12/2024 11:00,0.494025,-6.0833335,105.250015,33.094547,30.40401
08/12/2024 12:00,0.494025,-6.0833335,105.250015,33.094803,30.30362
08/12/2024 13:00,0.494025,-6.0833335,105.250015,33.093487,30.24442
08/12/2024 14:00,0.494025,-6.0833335,105.250015,33.093025,30.197037
08/12/2024 15:00,0.494025,-6.0833335,105.250015,33.067024,30.135975
08/12/2024 16:00,0.494025,-6.0833335,105.250015,33.049606,30.035175
08/12/2024 17:00,0.494025,-6.0833335,105.250015,33.04343,29.960144
08/12/2024 18:00,0.494025,-6.0833335,105.250015,33.043423,29.91576
08/12/2024 19:00,0.494025,-6.0833335,105.250015,33.044254,29.872065
08/12/2024 20:00,0.494025,-6.0833335,105.250015,33.045578,29.828764
08/12/2024 21:00,0.494025,-6.0833335,105.250015,33.045628,29.802431
08/12/2024 22:00,0.494025,-6.0833335,105.250015,33.044277,29.780546
08/12/2024 23:00,0.494025,-6.0833335,105.250015,33.04485,29.770092
09/12/2024 00:00,0.494025,-6.0833335,105.250015,33.0471,29.7635
09/12/2024 01:00,0.494025,-6.0833335,105.250015,33.04963,29.765085
09/12/2024 02:00,0.494025,-6.0833335,105.250015,33.051174,29.783371
09/12/2024 03:00,0.494025,-6.0833335,105.250015,33.05223,29.832846
09/12/2024 04:00,0.494025,-6.0833335,105.250015,33.05347,29.884192
09/12/2024 05:00,0.494025,-6.0833335,105.250015,33.055134,29.908293
09/12/2024 06:00,0.494025,-6.0833335,105.250015,33.05728,29.937576
09/12/2024 07:00,0.494025,-6.0833335,105.250015,33.05921,29.927242
09/12/2024 08:00,0.494025,-6.0833335,105.250015,33.0598,29.864656
09/12/2024 09:00,0.494025,-6.0833335,105.250015,33.06048,29.803423
09/12/2024 10:00,0.494025,-6.0833335,105.250015,33.06201,29.759827
09/12/2024 11:00,0.494025,-6.0833335,105.250015,33.064392,29.72627
09/12/2024 12:00,0.494025,-6.0833335,105.250015,33.067383,29.699837
09/12/2024 13:00,0.494025,-6.0833335,105.250015,33.071373,29.680386
09/12/2024 14:00,0.494025,-6.0833335,105.250015,33.076283,29.663076
09/12/2024 15:00,0.494025,-6.0833335,105.250015,33.08128,29.647604
09/12/2024 16:00,0.494025,-6.0833335,105.250015,33.08607,29.634476
09/12/2024 17:00,0.494025,-6.0833335,105.250015,33.09062,29.622648
09/12/2024 18:00,0.494025,-6.0833335,105.250015,33.094406,29.61196
09/12/2024 19:00,0.494025,-6.0833335,105.250015,33.085045,29.59966
09/12/2024 20:00,0.494025,-6.0833335,105.250015,33.07688,29.585743
09/12/2024 21:00,0.494025,-6.0833335,105.250015,33.083267,29.57531
09/12/2024 22:00,0.494025,-6.0833335,105.250015,33.091347,29.567368
09/12/2024 23:00,0.494025,-6.0833335,105.250015,33.095833,29.562973
10/12/2024 00:00,0.494025,-6.0833335,105.250015,33.10059,29.562424
10/12/2024 01:00,0.494025,-6.0833335,105.250015,33.10459,29.56694
10/12/2024 02:00,0.494025,-6.0833335,105.250015,33.10549,29.567308
10/12/2024 03:00,0.494025,-6.0833335,105.250015,33.105614,29.56987
10/12/2024 04:00,0.494025,-6.0833335,105.250015,33.1072,29.572489
10/12/2024 05:00,0.494025,-6.0833335,105.250015,33.10956,29.57108
10/12/2024 06:00,0.494025,-6.0833335,105.250015,33.112053,29.571642
10/12/2024 07:00,0.494025,-6.0833335,105.250015,33.11313,29.569286
10/12/2024 08:00,0.494025,-6.0833335,105.250015,33.11138,29.561348
10/12/2024 09:00,0.494025,-6.0833335,105.250015,33.11158,29.552292
10/12/2024 10:00,0.494025,-6.0833335,105.250015,33.115078,29.543335
10/12/2024 11:00,0.494025,-6.0833335,105.250015,33.109116,29.534775
10/12/2024 12:00,0.494025,-6.0833335,105.250015,33.11075,29.527113
10/12/2024 13:00,0.494025,-6.0833335,105.250015,33.118935,29.523138
10/12/2024 14:00,0.494025,-6.0833335,105.250015,33.124233,29.519909
10/12/2024 15:00,0.494025,-6.0833335,105.250015,33.12842,29.516382
10/12/2024 16:00,0.494025,-6.0833335,105.250015,33.132553,29.512997
10/12/2024 17:00,0.494025,-6.0833335,105.250015,33.13677,29.509718
10/12/2024 18:00,0.494025,-6.0833335,105.250015,33.140892,29.508728
10/12/2024 19:00,0.494025,-6.0833335,105.250015,33.14486,29.507719
10/12/2024 20:00,0.494025,-6.0833335,105.250015,33.148426,29.50521
10/12/2024 21:00,0.494025,-6.0833335,105.250015,33.15184,29.502308
10/12/2024 22:00,0.494025,-6.0833335,105.250015,33.155243,29.500225
10/12/2024 23:00,0.494025,-6.0833335,105.250015,33.158737,29.503044
11/12/2024 00:00,0.494025,-6.0833335,105.250015,33.16109,29.507385
11/12/2024 01:00,0.494025,-6.0833335,105.250015,33.162296,29.512222
11/12/2024 02:00,0.494025,-6.0833335,105.250015,33.16317,29.52491
11/12/2024 03:00,0.494025,-6.0833335,105.250015,33.164192,29.549042
11/12/2024 04:00,0.494025,-6.0833335,105.250015,33.1654,29.573233
11/12/2024 05:00,0.494025,-6.0833335,105.250015,33.166233,29.59661
11/12/2024 06:00,0.494025,-6.0833335,105.250015,33.166683,29.606838
11/12/2024 07:00,0.494025,-6.0833335,105.250015,33.166573,29.596035
11/12/2024 08:00,0.494025,-6.0833335,105.250015,33.16632,29.582075
11/12/2024 09:00,0.494025,-6.0833335,105.250015,33.16617,29.566252
11/12/2024 10:00,0.494025,-6.0833335,105.250015,33.165554,29.548248
11/12/2024 11:00,0.494025,-6.0833335,105.250015,33.163845,29.532286
11/12/2024 12:00,0.494025,-6.0833335,105.250015,33.16285,29.52454
11/12/2024 13:00,0.494025,-6.0833335,105.250015,33.163067,29.520924
11/12/2024 14:00,0.494025,-6.0833335,105.250015,33.163574,29.518118
11/12/2024 15:00,0.494025,-6.0833335,105.250015,33.16311,29.51528
11/12/2024 16:00,0.494025,-6.0833335,105.250015,33.16264,29.512367
11/12/2024 17:00,0.494025,-6.0833335,105.250015,33.163544,29.509794
11/12/2024 18:00,0.494025,-6.0833335,105.250015,33.16474,29.507338
11/12/2024 19:00,0.494025,-6.0833335,105.250015,33.16583,29.50363
11/12/2024 20:00,0.494025,-6.0833335,105.250015,33.1674,29.501543
11/12/2024 21:00,0.494025,-6.0833335,105.250015,33.169373,29.5006
11/12/2024 22:00,0.494025,-6.0833335,105.250015,33.172367,29.502796
11/12/2024 23:00,0.494025,-6.0833335,105.250015,33.177277,29.51758
12/12/2024 00:00,0.494025,-6.0833335,105.250015,33.180244,29.52782
12/12/2024 01:00,0.494025,-6.0833335,105.250015,33.182392,29.539232
12/12/2024 02:00,0.494025,-6.0833335,105.250015,33.184418,29.550747
12/12/2024 03:00,0.494025,-6.0833335,105.250015,33.18652,29.566895
12/12/2024 04:00,0.494025,-6.0833335,105.250015,33.18878,29.58858
12/12/2024 05:00,0.494025,-6.0833335,105.250015,33.191097,29.613136
12/12/2024 06:00,0.494025,-6.0833335,105.250015,33.193325,29.629625
12/12/2024 07:00,0.494025,-6.0833335,105.250015,33.195457,29.63439
12/12/2024 08:00,0.494025,-6.0833335,105.250015,33.19758,29.62886
12/12/2024 09:00,0.494025,-6.0833335,105.250015,33.19969,29.617035
12/12/2024 10:00,0.494025,-6.0833335,105.250015,33.20184,29.602257
12/12/2024 11:00,0.494025,-6.0833335,105.250015,33.204056,29.58825
12/12/2024 12:00,0.494025,-6.0833335,105.250015,33.206413,29.57808
12/12/2024 13:00,0.494025,-6.0833335,105.250015,33.209007,29.570988
12/12/2024 14:00,0.494025,-6.0833335,105.250015,33.211838,29.565323
12/12/2024 15:00,0.494025,-6.0833335,105.250015,33.21488,29.561201
12/12/2024 16:00,0.494025,-6.0833335,105.250015,33.218067,29.558746
12/12/2024 17:00,0.494025,-6.0833335,105.250015,33.22137,29.554014
12/12/2024 18:00,0.494025,-6.0833335,105.250015,33.22475,29.547983
12/12/2024 19:00,0.494025,-6.0833335,105.250015,33.22871,29.545843
12/12/2024 20:00,0.494025,-6.0833335,105.250015,33.232624,29.542759
12/12/2024 21:00,0.494025,-6.0833335,105.250015,33.236305,29.539392
12/12/2024 22:00,0.494025,-6.0833335,105.250015,33.239826,29.53629
12/12/2024 23:00,0.494025,-6.0833335,105.250015,33.243275,29.535337
13/12/2024 00:00,0.494025,-6.0833335,105.250015,33.246727,29.5394
13/12/2024 01:00,0.494025,-6.0833335,105.250015,33.250164,29.544765
13/12/2024 02:00,0.494025,-6.0833335,105.250015,33.253532,29.55137
13/12/2024 03:00,0.494025,-6.0833335,105.250015,33.25673,29.564041
13/12/2024 04:00,0.494025,-6.0833335,105.250015,33.25954,29.582
13/12/2024 05:00,0.494025,-6.0833335,105.250015,33.26224,29.596096
13/12/2024 06:00,0.494025,-6.0833335,105.250015,33.26481,29.606453
13/12/2024 07:00,0.494025,-6.0833335,105.250015,33.26701,29.612427
13/12/2024 08:00,0.494025,-6.0833335,105.250015,33.26874,29.60963
13/12/2024 09:00,0.494025,-6.0833335,105.250015,33.270267,29.597294
13/12/2024 10:00,0.494025,-6.0833335,105.250015,33.271763,29.581795
13/12/2024 11:00,0.494025,-6.0833335,105.250015,33.273815,29.56662
13/12/2024 12:00,0.494025,-6.0833335,105.250015,33.276436,29.556255
13/12/2024 13:00,0.494025,-6.0833335,105.250015,33.278473,29.551846
13/12/2024 14:00,0.494025,-6.0833335,105.250015,33.280125,29.548666
13/12/2024 15:00,0.494025,-6.0833335,105.250015,33.281746,29.544413
13/12/2024 16:00,0.494025,-6.0833335,105.250015,33.283558,29.540012
13/12/2024 17:00,0.494025,-6.0833335,105.250015,33.28573,29.535486
13/12/2024 18:00,0.494025,-6.0833335,105.250015,33.28796,29.53148
13/12/2024 19:00,0.494025,-6.0833335,105.250015,33.289818,29.52737
13/12/2024 20:00,0.494025,-6.0833335,105.250015,33.289066,29.522026
13/12/2024 21:00,0.494025,-6.0833335,105.250015,33.288822,29.516655
13/12/2024 22:00,0.494025,-6.0833335,105.250015,33.28968,29.51181
13/12/2024 23:00,0.494025,-6.0833335,105.250015,33.292236,29.507414
14/12/2024 00:00,0.494025,-6.0833335,105.250015,33.295296,29.507912
14/12/2024 01:00,0.494025,-6.0833335,105.250015,33.297375,29.51118
14/12/2024 02:00,0.494025,-6.0833335,105.250015,33.298615,29.51978
14/12/2024 03:00,0.494025,-6.0833335,105.250015,33.299046,29.53626
14/12/2024 04:00,0.494025,-6.0833335,105.250015,33.29872,29.550406
14/12/2024 05:00,0.494025,-6.0833335,105.250015,33.297512,29.56574
14/12/2024 06:00,0.494025,-6.0833335,105.250015,33.295113,29.578657
14/12/2024 07:00,0.494025,-6.0833335,105.250015,33.29187,29.578693
14/12/2024 08:00,0.494025,-6.0833335,105.250015,33.288345,29.56944
14/12/2024 09:00,0.494025,-6.0833335,105.250015,33.28437,29.555414
14/12/2024 10:00,0.494025,-6.0833335,105.250015,33.280422,29.540243
14/12/2024 11:00,0.494025,-6.0833335,105.250015,33.275604,29.525698
14/12/2024 12:00,0.494025,-6.0833335,105.250015,33.26921,29.512365
14/12/2024 13:00,0.494025,-6.0833335,105.250015,33.260975,29.502357
14/12/2024 14:00,0.494025,-6.0833335,105.250015,33.256435,29.493881
14/12/2024 15:00,0.494025,-6.0833335,105.250015,33.252647,29.487236
14/12/2024 16:00,0.494025,-6.0833335,105.250015,33.245934,29.482365
14/12/2024 17:00,0.494025,-6.0833335,105.250015,33.24057,29.478241
14/12/2024 18:00,0.494025,-6.0833335,105.250015,33.233757,29.475664
14/12/2024 19:00,0.494025,-6.0833335,105.250015,33.226223,29.47263
14/12/2024 20:00,0.494025,-6.0833335,105.250015,33.2196,29.46864
14/12/2024 21:00,0.494025,-6.0833335,105.250015,33.214054,29.463688
14/12/2024 22:00,0.494025,-6.0833335,105.250015,33.201496,29.45751
14/12/2024 23:00,0.494025,-6.0833335,105.250015,33.194225,29.44984
15/12/2024 00:00,0.494025,-6.0833335,105.250015,33.191296,29.45081
15/12/2024 01:00,0.494025,-6.0833335,105.250015,33.187202,29.466335
15/12/2024 02:00,0.494025,-6.0833335,105.250015,33.181602,29.482552
15/12/2024 03:00,0.494025,-6.0833335,105.250015,33.17558,29.504337
15/12/2024 04:00,0.494025,-6.0833335,105.250015,33.162468,29.53217
15/12/2024 05:00,0.494025,-6.0833335,105.250015,33.15382,29.532965
15/12/2024 06:00,0.494025,-6.0833335,105.250015,33.150177,29.530708
15/12/2024 07:00,0.494025,-6.0833335,105.250015,33.14644,29.532509
15/12/2024 08:00,0.494025,-6.0833335,105.250015,33.141186,29.530268
15/12/2024 09:00,0.494025,-6.0833335,105.250015,33.140068,29.522646
15/12/2024 10:00,0.494025,-6.0833335,105.250015,33.145058,29.512062
15/12/2024 11:00,0.494025,-6.0833335,105.250015,33.149815,29.503098
15/12/2024 12:00,0.494025,-6.0833335,105.250015,33.15299,29.49736
15/12/2024 13:00,0.494025,-6.0833335,105.250015,33.155216,29.492788
15/12/2024 14:00,0.494025,-6.0833335,105.250015,33.155724,29.487463
15/12/2024 15:00,0.494025,-6.0833335,105.250015,33.15495,29.482115
15/12/2024 16:00,0.494025,-6.0833335,105.250015,33.155323,29.477804
15/12/2024 17:00,0.494025,-6.0833335,105.250015,33.15312,29.474503
15/12/2024 18:00,0.494025,-6.0833335,105.250015,33.152237,29.471315
15/12/2024 19:00,0.494025,-6.0833335,105.250015,33.154434,29.469753
15/12/2024 20:00,0.494025,-6.0833335,105.250015,33.156864,29.468548
15/12/2024 21:00,0.494025,-6.0833335,105.250015,33.159107,29.466934
15/12/2024 22:00,0.494025,-6.0833335,105.250015,33.161373,29.465246
15/12/2024 23:00,0.494025,-6.0833335,105.250015,33.163223,29.464006
16/12/2024 00:00,0.494025,-6.0833335,105.250015,33.164948,29.469053
16/12/2024 01:00,0.494025,-6.0833335,105.250015,33.166126,29.480806
16/12/2024 02:00,0.494025,-6.0833335,105.250015,33.16313,29.502363
16/12/2024 03:00,0.494025,-6.0833335,105.250015,33.16033,29.535015
16/12/2024 04:00,0.494025,-6.0833335,105.250015,33.156216,29.582859
16/12/2024 05:00,0.494025,-6.0833335,105.250015,33.15373,29.617908
16/12/2024 06:00,0.494025,-6.0833335,105.250015,33.15503,29.62962
16/12/2024 07:00,0.494025,-6.0833335,105.250015,33.15848,29.619759
16/12/2024 08:00,0.494025,-6.0833335,105.250015,33.162075,29.592855
16/12/2024 09:00,0.494025,-6.0833335,105.250015,33.164555,29.570395
16/12/2024 10:00,0.494025,-6.0833335,105.250015,33.16587,29.550426
16/12/2024 11:00,0.494025,-6.0833335,105.250015,33.164253,29.53224
16/12/2024 12:00,0.494025,-6.0833335,105.250015,33.163124,29.51835
16/12/2024 13:00,0.494025,-6.0833335,105.250015,33.16409,29.50849
16/12/2024 14:00,0.494025,-6.0833335,105.250015,33.167313,29.50077
16/12/2024 15:00,0.494025,-6.0833335,105.250015,33.170586,29.494413
16/12/2024 16:00,0.494025,-6.0833335,105.250015,33.172924,29.48898
16/12/2024 17:00,0.494025,-6.0833335,105.250015,33.17469,29.484503
16/12/2024 18:00,0.494025,-6.0833335,105.250015,33.17257,29.479742
16/12/2024 19:00,0.494025,-6.0833335,105.250015,33.165222,29.471699
16/12/2024 20:00,0.494025,-6.0833335,105.250015,33.16033,29.461708
16/12/2024 21:00,0.494025,-6.0833335,105.250015,33.164467,29.453442
16/12/2024 22:00,0.494025,-6.0833335,105.250015,33.169437,29.45129
16/12/2024 23:00,0.494025,-6.0833335,105.250015,33.17179,29.455732
17/12/2024 00:00,0.494025,-6.0833335,105.250015,33.173714,29.45825
17/12/2024 01:00,0.494025,-6.0833335,105.250015,33.174984,29.463863
17/12/2024 02:00,0.494025,-6.0833335,105.250015,33.17584,29.472206
17/12/2024 03:00,0.494025,-6.0833335,105.250015,33.17662,29.490387
17/12/2024 04:00,0.494025,-6.0833335,105.250015,33.17752,29.519688
17/12/2024 05:00,0.494025,-6.0833335,105.250015,33.178505,29.54888
17/12/2024 06:00,0.494025,-6.0833335,105.250015,33.17949,29.569485
17/12/2024 07:00,0.494025,-6.0833335,105.250015,33.180244,29.593052
17/12/2024 08:00,0.494025,-6.0833335,105.250015,33.180393,29.608229
17/12/2024 09:00,0.494025,-6.0833335,105.250015,33.179363,29.589334
17/12/2024 10:00,0.494025,-6.0833335,105.250015,33.178207,29.558464
17/12/2024 11:00,0.494025,-6.0833335,105.250015,33.175827,29.532425
17/12/2024 12:00,0.494025,-6.0833335,105.250015,33.17506,29.51523
17/12/2024 13:00,0.494025,-6.0833335,105.250015,33.17518,29.503042
17/12/2024 14:00,0.494025,-6.0833335,105.250015,33.174847,29.493074
17/12/2024 15:00,0.494025,-6.0833335,105.250015,33.173977,29.48447
17/12/2024 16:00,0.494025,-6.0833335,105.250015,33.16419,29.47561
17/12/2024 17:00,0.494025,-6.0833335,105.250015,33.16029,29.465218
17/12/2024 18:00,0.494025,-6.0833335,105.250015,33.165436,29.460455
17/12/2024 19:00,0.494025,-6.0833335,105.250015,33.169163,29.459044
17/12/2024 20:00,0.494025,-6.0833335,105.250015,33.170315,29.45785
17/12/2024 21:00,0.494025,-6.0833335,105.250015,33.170597,29.454823
17/12/2024 22:00,0.494025,-6.0833335,105.250015,33.17183,29.452879
17/12/2024 23:00,0.494025,-6.0833335,105.250015,33.168175,29.453985
18/12/2024 00:00,0.494025,-6.0833335,105.250015,33.168633,29.46106
18/12/2024 01:00,0.494025,-6.0833335,105.250015,33.169346,29.47283
18/12/2024 02:00,0.494025,-6.0833335,105.250015,33.16659,29.48662
18/12/2024 03:00,0.494025,-6.0833335,105.250015,33.15394,29.516869
18/12/2024 04:00,0.494025,-6.0833335,105.250015,33.15121,29.536215
18/12/2024 05:00,0.494025,-6.0833335,105.250015,33.155273,29.553856
18/12/2024 06:00,0.494025,-6.0833335,105.250015,33.15778,29.568012
18/12/2024 07:00,0.494025,-6.0833335,105.250015,33.159374,29.576267
18/12/2024 08:00,0.494025,-6.0833335,105.250015,33.160168,29.578707
18/12/2024 09:00,0.494025,-6.0833335,105.250015,33.160553,29.571926
18/12/2024 10:00,0.494025,-6.0833335,105.250015,33.15593,29.55494
18/12/2024 11:00,0.494025,-6.0833335,105.250015,33.154903,29.534174
18/12/2024 12:00,0.494025,-6.0833335,105.250015,33.156082,29.514584
18/12/2024 13:00,0.494025,-6.0833335,105.250015,33.154606,29.499565
18/12/2024 14:00,0.494025,-6.0833335,105.250015,33.15454,29.490423
18/12/2024 15:00,0.494025,-6.0833335,105.250015,33.156593,29.483116
18/12/2024 16:00,0.494025,-6.0833335,105.250015,33.15912,29.475367
18/12/2024 17:00,0.494025,-6.0833335,105.250015,33.16111,29.46814
18/12/2024 18:00,0.494025,-6.0833335,105.250015,33.162758,29.46201
18/12/2024 19:00,0.494025,-6.0833335,105.250015,33.164238,29.457125
18/12/2024 20:00,0.494025,-6.0833335,105.250015,33.165604,29.453478
18/12/2024 21:00,0.494025,-6.0833335,105.250015,33.16541,29.44946
18/12/2024 22:00,0.494025,-6.0833335,105.250015,33.165546,29.444489
18/12/2024 23:00,0.494025,-6.0833335,105.250015,33.165695,29.44166
19/12/2024 00:00,0.494025,-6.0833335,105.250015,33.167366,29.444101
19/12/2024 01:00,0.494025,-6.0833335,105.250015,33.169098,29.454992
19/12/2024 02:00,0.494025,-6.0833335,105.250015,33.16945,29.471096
19/12/2024 03:00,0.494025,-6.0833335,105.250015,33.169807,29.498213
19/12/2024 04:00,0.494025,-6.0833335,105.250015,33.169853,29.533794
19/12/2024 05:00,0.494025,-6.0833335,105.250015,33.168167,29.562464
19/12/2024 06:00,0.494025,-6.0833335,105.250015,33.166157,29.573843
19/12/2024 07:00,0.494025,-6.0833335,105.250015,33.16561,29.562492
19/12/2024 08:00,0.494025,-6.0833335,105.250015,33.16596,29.546934
19/12/2024 09:00,0.494025,-6.0833335,105.250015,33.163925,29.531223
19/12/2024 10:00,0.494025,-6.0833335,105.250015,33.162926,29.511965
19/12/2024 11:00,0.494025,-6.0833335,105.250015,33.162468,29.493916
19/12/2024 12:00,0.494025,-6.0833335,105.250015,33.16323,29.479689
19/12/2024 13:00,0.494025,-6.0833335,105.250015,33.16539,29.469847
19/12/2024 14:00,0.494025,-6.0833335,105.250015,33.167538,29.46183
19/12/2024 15:00,0.494025,-6.0833335,105.250015,33.168816,29.454945
19/12/2024 16:00,0.494025,-6.0833335,105.250015,33.167557,29.447084
19/12/2024 17:00,0.494025,-6.0833335,105.250015,33.16888,29.440022
19/12/2024 18:00,0.494025,-6.0833335,105.250015,33.170353,29.43415
19/12/2024 19:00,0.494025,-6.0833335,105.250015,33.171783,29.428625
19/12/2024 20:00,0.494025,-6.0833335,105.250015,33.17271,29.422672
19/12/2024 21:00,0.494025,-6.0833335,105.250015,33.173645,29.416586
19/12/2024 22:00,0.494025,-6.0833335,105.250015,33.174202,29.41149
19/12/2024 23:00,0.494025,-6.0833335,105.250015,33.17495,29.40777
20/12/2024 00:00,0.494025,-6.0833335,105.250015,33.176952,29.411453
20/12/2024 01:00,0.494025,-6.0833335,105.250015,33.17871,29.42193
20/12/2024 02:00,0.494025,-6.0833335,105.250015,33.179752,29.4375
20/12/2024 03:00,0.494025,-6.0833335,105.250015,33.180344,29.460342
20/12/2024 04:00,0.494025,-6.0833335,105.250015,33.1808,29.482746
20/12/2024 05:00,0.494025,-6.0833335,105.250015,33.18124,29.50226
20/12/2024 06:00,0.494025,-6.0833335,105.250015,33.181496,29.521025
20/12/2024 07:00,0.494025,-6.0833335,105.250015,33.18184,29.527657
20/12/2024 08:00,0.494025,-6.0833335,105.250015,33.18193,29.522182
20/12/2024 09:00,0.494025,-6.0833335,105.250015,33.18041,29.510702
20/12/2024 10:00,0.494025,-6.0833335,105.250015,33.17864,29.495523
20/12/2024 11:00,0.494025,-6.0833335,105.250015,33.178585,29.481094
20/12/2024 12:00,0.494025,-6.0833335,105.250015,33.181377,29.47038
20/12/2024 13:00,0.494025,-6.0833335,105.250015,33.184406,29.462898
20/12/2024 14:00,0.494025,-6.0833335,105.250015,33.18719,29.456192
20/12/2024 15:00,0.494025,-6.0833335,105.250015,33.189846,29.449924
20/12/2024 16:00,0.494025,-6.0833335,105.250015,33.19119,29.444757
20/12/2024 17:00,0.494025,-6.0833335,105.250015,33.19307,29.440235
20/12/2024 18:00,0.494025,-6.0833335,105.250015,33.19517,29.437176
20/12/2024 19:00,0.494025,-6.0833335,105.250015,33.19702,29.433352
20/12/2024 20:00,0.494025,-6.0833335,105.250015,33.198975,29.43024
20/12/2024 21:00,0.494025,-6.0833335,105.250015,33.20093,29.430428
20/12/2024 22:00,0.494025,-6.0833335,105.250015,33.20273,29.435358
20/12/2024 23:00,0.494025,-6.0833335,105.250015,33.2044,29.439587
21/12/2024 00:00,0.494025,-6.0833335,105.250015,33.206295,29.442673
21/12/2024 01:00,0.494025,-6.0833335,105.250015,33.20866,29.464155
21/12/2024 02:00,0.494025,-6.0833335,105.250015,33.21165,29.54044
21/12/2024 03:00,0.494025,-6.0833335,105.250015,33.21497,29.653408
21/12/2024 04:00,0.494025,-6.0833335,105.250015,33.21731,29.70611
21/12/2024 05:00,0.494025,-6.0833335,105.250015,33.219875,29.770174
21/12/2024 06:00,0.494025,-6.0833335,105.250015,33.222054,29.82697
21/12/2024 07:00,0.494025,-6.0833335,105.250015,33.222416,29.803661
21/12/2024 08:00,0.494025,-6.0833335,105.250015,33.22298,29.717268
21/12/2024 09:00,0.494025,-6.0833335,105.250015,33.22422,29.647623
21/12/2024 10:00,0.494025,-6.0833335,105.250015,33.22558,29.610527
21/12/2024 11:00,0.494025,-6.0833335,105.250015,33.22255,29.581379
21/12/2024 12:00,0.494025,-6.0833335,105.250015,33.222916,29.556885
21/12/2024 13:00,0.494025,-6.0833335,105.250015,33.228065,29.541853
21/12/2024 14:00,0.494025,-6.0833335,105.250015,33.230038,29.534113
21/12/2024 15:00,0.494025,-6.0833335,105.250015,33.22997,29.527016
21/12/2024 16:00,0.494025,-6.0833335,105.250015,33.23362,29.520245
21/12/2024 17:00,0.494025,-6.0833335,105.250015,33.235844,29.512423
21/12/2024 18:00,0.494025,-6.0833335,105.250015,33.212276,29.488777
21/12/2024 19:00,0.494025,-6.0833335,105.250015,33.193207,29.44091
21/12/2024 20:00,0.494025,-6.0833335,105.250015,33.221344,29.46712
21/12/2024 21:00,0.494025,-6.0833335,105.250015,33.24201,29.505472
21/12/2024 22:00,0.494025,-6.0833335,105.250015,33.247395,29.501835
21/12/2024 23:00,0.494025,-6.0833335,105.250015,33.25167,29.500948
22/12/2024 00:00,0.494025,-6.0833335,105.250015,33.255276,29.512573
22/12/2024 01:00,0.494025,-6.0833335,105.250015,33.255943,29.554758
22/12/2024 02:00,0.494025,-6.0833335,105.250015,33.256077,29.640625
22/12/2024 03:00,0.494025,-6.0833335,105.250015,33.259968,29.797523
22/12/2024 04:00,0.494025,-6.0833335,105.250015,33.263775,30.03065
22/12/2024 05:00,0.494025,-6.0833335,105.250015,33.267536,30.261837
22/12/2024 06:00,0.494025,-6.0833335,105.250015,33.271595,30.463116
22/12/2024 07:00,0.494025,-6.0833335,105.250015,33.27142,30.607765
22/12/2024 08:00,0.494025,-6.0833335,105.250015,33.273006,30.518526
22/12/2024 09:00,0.494025,-6.0833335,105.250015,33.280834,30.234238
22/12/2024 10:00,0.494025,-6.0833335,105.250015,33.28603,30.039158
22/12/2024 11:00,0.494025,-6.0833335,105.250015,33.289616,29.90488
22/12/2024 12:00,0.494025,-6.0833335,105.250015,33.29246,29.834953
22/12/2024 13:00,0.494025,-6.0833335,105.250015,33.294342,29.791273
22/12/2024 14:00,0.494025,-6.0833335,105.250015,33.29606,29.745747
22/12/2024 15:00,0.494025,-6.0833335,105.250015,33.29799,29.70108
22/12/2024 16:00,0.494025,-6.0833335,105.250015,33.297924,29.660978
22/12/2024 17:00,0.494025,-6.0833335,105.250015,33.298595,29.622812
22/12/2024 18:00,0.494025,-6.0833335,105.250015,33.30112,29.588663
22/12/2024 19:00,0.494025,-6.0833335,105.250015,33.303776,29.56331
22/12/2024 20:00,0.494025,-6.0833335,105.250015,33.305676,29.553896
22/12/2024 21:00,0.494025,-6.0833335,105.250015,33.306934,29.546705
22/12/2024 22:00,0.494025,-6.0833335,105.250015,33.308624,29.534327
22/12/2024 23:00,0.494025,-6.0833335,105.250015,33.294907,29.515053
23/12/2024 00:00,0.494025,-6.0833335,105.250015,33.281525,29.488617
23/12/2024 01:00,0.494025,-6.0833335,105.250015,33.26784,29.479399
23/12/2024 02:00,0.494025,-6.0833335,105.250015,33.25778,29.46818
23/12/2024 03:00,0.494025,-6.0833335,105.250015,33.259785,29.474028
23/12/2024 04:00,0.494025,-6.0833335,105.250015,33.256344,29.550186
23/12/2024 05:00,0.494025,-6.0833335,105.250015,33.255367,29.727625
23/12/2024 06:00,0.494025,-6.0833335,105.250015,33.25612,29.956928
23/12/2024 07:00,0.494025,-6.0833335,105.250015,33.25637,30.154205
23/12/2024 08:00,0.494025,-6.0833335,105.250015,33.256313,30.285046
23/12/2024 09:00,0.494025,-6.0833335,105.250015,33.244263,30.303509
23/12/2024 10:00,0.494025,-6.0833335,105.250015,33.214493,30.179413
23/12/2024 11:00,0.494025,-6.0833335,105.250015,33.199932,29.96984
23/12/2024 12:00,0.494025,-6.0833335,105.250015,33.196316,29.810318
23/12/2024 13:00,0.494025,-6.0833335,105.250015,33.19758,29.711052
23/12/2024 14:00,0.494025,-6.0833335,105.250015,33.211174,29.633535
23/12/2024 15:00,0.494025,-6.0833335,105.250015,33.22671,29.577765
23/12/2024 16:00,0.494025,-6.0833335,105.250015,33.239716,29.539225
23/12/2024 17:00,0.494025,-6.0833335,105.250015,33.249905,29.509365
23/12/2024 18:00,0.494025,-6.0833335,105.250015,33.256493,29.484692
23/12/2024 19:00,0.494025,-6.0833335,105.250015,33.25701,29.462862
23/12/2024 20:00,0.494025,-6.0833335,105.250015,33.241646,29.441076
23/12/2024 21:00,0.494025,-6.0833335,105.250015,33.240765,29.41982
23/12/2024 22:00,0.494025,-6.0833335,105.250015,33.248833,29.415308
23/12/2024 23:00,0.494025,-6.0833335,105.250015,33.252987,29.407898
24/12/2024 00:00,0.494025,-6.0833335,105.250015,33.261997,29.402094
24/12/2024 01:00,0.494025,-6.0833335,105.250015,33.271244,29.402885
24/12/2024 02:00,0.494025,-6.0833335,105.250015,33.277977,29.403372
24/12/2024 03:00,0.494025,-6.0833335,105.250015,33.283203,29.403585
24/12/2024 04:00,0.494025,-6.0833335,105.250015,33.287376,29.413324
24/12/2024 05:00,0.494025,-6.0833335,105.250015,33.289845,29.412888
24/12/2024 06:00,0.494025,-6.0833335,105.250015,33.292118,29.403229
24/12/2024 07:00,0.494025,-6.0833335,105.250015,33.295433,29.399721
24/12/2024 08:00,0.494025,-6.0833335,105.250015,33.29891,29.395542
24/12/2024 09:00,0.494025,-6.0833335,105.250015,33.30204,29.39344
24/12/2024 10:00,0.494025,-6.0833335,105.250015,33.30473,29.386898
24/12/2024 11:00,0.494025,-6.0833335,105.250015,33.30712,29.378508
24/12/2024 12:00,0.494025,-6.0833335,105.250015,33.309235,29.36963
24/12/2024 13:00,0.494025,-6.0833335,105.250015,33.31088,29.365274
24/12/2024 14:00,0.494025,-6.0833335,105.250015,33.312466,29.357634
24/12/2024 15:00,0.494025,-6.0833335,105.250015,33.31401,29.348005
24/12/2024 16:00,0.494025,-6.0833335,105.250015,33.315483,29.338728
24/12/2024 17:00,0.494025,-6.0833335,105.250015,33.315582,29.335089
24/12/2024 18:00,0.494025,-6.0833335,105.250015,33.31756,29.334335
24/12/2024 19:00,0.494025,-6.0833335,105.250015,33.31956,29.327398
24/12/2024 20:00,0.494025,-6.0833335,105.250015,33.32023,29.32582
24/12/2024 21:00,0.494025,-6.0833335,105.250015,33.3105,29.311497
24/12/2024 22:00,0.494025,-6.0833335,105.250015,33.307034,29.287476
24/12/2024 23:00,0.494025,-6.0833335,105.250015,33.323097,29.312775
25/12/2024 00:00,0.494025,-6.0833335,105.250015,33.326054,29.321789
25/12/2024 01:00,0.494025,-6.0833335,105.250015,33.328754,29.357485
25/12/2024 02:00,0.494025,-6.0833335,105.250015,33.331673,29.468859
25/12/2024 03:00,0.494025,-6.0833335,105.250015,33.334232,29.650326
25/12/2024 04:00,0.494025,-6.0833335,105.250015,33.336636,29.854418
25/12/2024 05:00,0.494025,-6.0833335,105.250015,33.339024,30.063421
25/12/2024 06:00,0.494025,-6.0833335,105.250015,33.339516,30.260746
25/12/2024 07:00,0.494025,-6.0833335,105.250015,33.337234,30.418016
25/12/2024 08:00,0.494025,-6.0833335,105.250015,33.336636,30.504232
25/12/2024 09:00,0.494025,-6.0833335,105.250015,33.336403,30.515917
25/12/2024 10:00,0.494025,-6.0833335,105.250015,33.310963,30.428274
25/12/2024 11:00,0.494025,-6.0833335,105.250015,33.279724,30.165142
25/12/2024 12:00,0.494025,-6.0833335,105.250015,33.284496,29.958607
25/12/2024 13:00,0.494025,-6.0833335,105.250015,33.298676,29.811256
25/12/2024 14:00,0.494025,-6.0833335,105.250015,33.306866,29.707836
25/12/2024 15:00,0.494025,-6.0833335,105.250015,33.31154,29.63389
25/12/2024 16:00,0.494025,-6.0833335,105.250015,33.313488,29.58169
25/12/2024 17:00,0.494025,-6.0833335,105.250015,33.31451,29.53982
25/12/2024 18:00,0.494025,-6.0833335,105.250015,33.31481,29.50543
25/12/2024 19:00,0.494025,-6.0833335,105.250015,33.31368,29.476316
25/12/2024 20:00,0.494025,-6.0833335,105.250015,33.312912,29.448572
25/12/2024 21:00,0.494025,-6.0833335,105.250015,33.313385,29.422058
25/12/2024 22:00,0.494025,-6.0833335,105.250015,33.31486,29.398905
25/12/2024 23:00,0.494025,-6.0833335,105.250015,33.31631,29.382786
26/12/2024 00:00,0.494025,-6.0833335,105.250015,33.317165,29.382414
26/12/2024 01:00,0.494025,-6.0833335,105.250015,33.317364,29.388432
26/12/2024 02:00,0.494025,-6.0833335,105.250015,33.317093,29.41486
26/12/2024 03:00,0.494025,-6.0833335,105.250015,33.31619,29.491552
26/12/2024 04:00,0.494025,-6.0833335,105.250015,33.31116,29.644567
26/12/2024 05:00,0.494025,-6.0833335,105.250015,33.29993,29.814846
26/12/2024 06:00,0.494025,-6.0833335,105.250015,33.29728,29.854607
26/12/2024 07:00,0.494025,-6.0833335,105.250015,33.301895,29.79735
26/12/2024 08:00,0.494025,-6.0833335,105.250015,33.303364,29.749872
26/12/2024 09:00,0.494025,-6.0833335,105.250015,33.304035,29.708271
26/12/2024 10:00,0.494025,-6.0833335,105.250015,33.30477,29.656015
26/12/2024 11:00,0.494025,-6.0833335,105.250015,33.30595,29.594572
26/12/2024 12:00,0.494025,-6.0833335,105.250015,33.30754,29.540173
26/12/2024 13:00,0.494025,-6.0833335,105.250015,33.3094,29.499123
26/12/2024 14:00,0.494025,-6.0833335,105.250015,33.31151,29.469463
26/12/2024 15:00,0.494025,-6.0833335,105.250015,33.314075,29.44228
26/12/2024 16:00,0.494025,-6.0833335,105.250015,33.31688,29.421892
26/12/2024 17:00,0.494025,-6.0833335,105.250015,33.31982,29.406157
26/12/2024 18:00,0.494025,-6.0833335,105.250015,33.322895,29.388994
26/12/2024 19:00,0.494025,-6.0833335,105.250015,33.32628,29.371483
26/12/2024 20:00,0.494025,-6.0833335,105.250015,33.3297,29.357817
26/12/2024 21:00,0.494025,-6.0833335,105.250015,33.33325,29.346844
26/12/2024 22:00,0.494025,-6.0833335,105.250015,33.337116,29.337612
26/12/2024 23:00,0.494025,-6.0833335,105.250015,33.340977,29.331736
27/12/2024 00:00,0.494025,-6.0833335,105.250015,33.344578,29.330774
27/12/2024 01:00,0.494025,-6.0833335,105.250015,33.347538,29.383457
27/12/2024 02:00,0.494025,-6.0833335,105.250015,33.351074,29.533094
27/12/2024 03:00,0.494025,-6.0833335,105.250015,33.355507,29.753378
27/12/2024 04:00,0.494025,-6.0833335,105.250015,33.359936,30.016409
27/12/2024 05:00,0.494025,-6.0833335,105.250015,33.364952,30.272036
27/12/2024 06:00,0.494025,-6.0833335,105.250015,33.370514,30.495312
27/12/2024 07:00,0.494025,-6.0833335,105.250015,33.376904,30.633038
27/12/2024 08:00,0.494025,-6.0833335,105.250015,33.380962,30.514835
27/12/2024 09:00,0.494025,-6.0833335,105.250015,33.382774,30.332565
27/12/2024 10:00,0.494025,-6.0833335,105.250015,33.386497,30.208565
27/12/2024 11:00,0.494025,-6.0833335,105.250015,33.38897,30.056076
27/12/2024 12:00,0.494025,-6.0833335,105.250015,33.39092,29.927261
27/12/2024 13:00,0.494025,-6.0833335,105.250015,33.392933,29.830807
27/12/2024 14:00,0.494025,-6.0833335,105.250015,33.39485,29.756836
27/12/2024 15:00,0.494025,-6.0833335,105.250015,33.396484,29.693686
27/12/2024 16:00,0.494025,-6.0833335,105.250015,33.39792,29.638859
27/12/2024 17:00,0.494025,-6.0833335,105.250015,33.399105,29.593643
27/12/2024 18:00,0.494025,-6.0833335,105.250015,33.40003,29.556576
27/12/2024 19:00,0.494025,-6.0833335,105.250015,33.40067,29.524881
27/12/2024 20:00,0.494025,-6.0833335,105.250015,33.401047,29.497095
27/12/2024 21:00,0.494025,-6.0833335,105.250015,33.40124,29.472164
27/12/2024 22:00,0.494025,-6.0833335,105.250015,33.401234,29.45016
27/12/2024 23:00,0.494025,-6.0833335,105.250015,33.40114,29.43366
28/12/2024 00:00,0.494025,-6.0833335,105.250015,33.401157,29.430159
28/12/2024 01:00,0.494025,-6.0833335,105.250015,33.401424,29.44649
28/12/2024 02:00,0.494025,-6.0833335,105.250015,33.402016,29.498539
28/12/2024 03:00,0.494025,-6.0833335,105.250015,33.402657,29.596624
28/12/2024 04:00,0.494025,-6.0833335,105.250015,33.403248,29.763834
28/12/2024 05:00,0.494025,-6.0833335,105.250015,33.402985,29.924679
28/12/2024 06:00,0.494025,-6.0833335,105.250015,33.401245,29.993528
28/12/2024 07:00,0.494025,-6.0833335,105.250015,33.398598,30.00182
28/12/2024 08:00,0.494025,-6.0833335,105.250015,33.394707,29.969255
28/12/2024 09:00,0.494025,-6.0833335,105.250015,33.39005,29.908926
28/12/2024 10:00,0.494025,-6.0833335,105.250015,33.384666,29.82354
28/12/2024 11:00,0.494025,-6.0833335,105.250015,33.378876,29.741575
28/12/2024 12:00,0.494025,-6.0833335,105.250015,33.372334,29.682547
28/12/2024 13:00,0.494025,-6.0833335,105.250015,33.365173,29.638685
28/12/2024 14:00,0.494025,-6.0833335,105.250015,33.357838,29.601606
28/12/2024 15:00,0.494025,-6.0833335,105.250015,33.350616,29.56995
28/12/2024 16:00,0.494025,-6.0833335,105.250015,33.343613,29.540264
28/12/2024 17:00,0.494025,-6.0833335,105.250015,33.336853,29.511639
28/12/2024 18:00,0.494025,-6.0833335,105.250015,33.33026,29.4834
28/12/2024 19:00,0.494025,-6.0833335,105.250015,33.324196,29.457312
28/12/2024 20:00,0.494025,-6.0833335,105.250015,33.318165,29.433004
28/12/2024 21:00,0.494025,-6.0833335,105.250015,33.313046,29.40921
28/12/2024 22:00,0.494025,-6.0833335,105.250015,33.308605,29.386087
28/12/2024 23:00,0.494025,-6.0833335,105.250015,33.303932,29.366844
29/12/2024 00:00,0.494025,-6.0833335,105.250015,33.299168,29.35692
29/12/2024 01:00,0.494025,-6.0833335,105.250015,33.292645,29.353394
29/12/2024 02:00,0.494025,-6.0833335,105.250015,33.287533,29.357485
29/12/2024 03:00,0.494025,-6.0833335,105.250015,33.28247,29.400568
29/12/2024 04:00,0.494025,-6.0833335,105.250015,33.27731,29.531124
29/12/2024 05:00,0.494025,-6.0833335,105.250015,33.272556,29.738817
29/12/2024 06:00,0.494025,-6.0833335,105.250015,33.26281,29.948618
29/12/2024 07:00,0.494025,-6.0833335,105.250015,33.244827,30.047812
29/12/2024 08:00,0.494025,-6.0833335,105.250015,33.240902,29.87716
29/12/2024 09:00,0.494025,-6.0833335,105.250015,33.2408,29.706373
29/12/2024 10:00,0.494025,-6.0833335,105.250015,33.23742,29.58773
29/12/2024 11:00,0.494025,-6.0833335,105.250015,33.234016,29.49806
29/12/2024 12:00,0.494025,-6.0833335,105.250015,33.231846,29.433346
29/12/2024 13:00,0.494025,-6.0833335,105.250015,33.231796,29.384764
29/12/2024 14:00,0.494025,-6.0833335,105.250015,33.2348,29.347546
29/12/2024 15:00,0.494025,-6.0833335,105.250015,33.23928,29.317495
29/12/2024 16:00,0.494025,-6.0833335,105.250015,33.24637,29.291136
29/12/2024 17:00,0.494025,-6.0833335,105.250015,33.254482,29.270638
29/12/2024 18:00,0.494025,-6.0833335,105.250015,33.25882,29.255373
29/12/2024 19:00,0.494025,-6.0833335,105.250015,33.261448,29.241983
29/12/2024 20:00,0.494025,-6.0833335,105.250015,33.27065,29.23091
29/12/2024 21:00,0.494025,-6.0833335,105.250015,33.281326,29.221922
29/12/2024 22:00,0.494025,-6.0833335,105.250015,33.289352,29.213482
29/12/2024 23:00,0.494025,-6.0833335,105.250015,33.296894,29.206673
30/12/2024 00:00,0.494025,-6.0833335,105.250015,33.304188,29.202404
30/12/2024 01:00,0.494025,-6.0833335,105.250015,33.311634,29.203186
30/12/2024 02:00,0.494025,-6.0833335,105.250015,33.319313,29.20902
30/12/2024 03:00,0.494025,-6.0833335,105.250015,33.326584,29.217138
30/12/2024 04:00,0.494025,-6.0833335,105.250015,33.331783,29.221249
30/12/2024 05:00,0.494025,-6.0833335,105.250015,33.335384,29.221441
30/12/2024 06:00,0.494025,-6.0833335,105.250015,33.33886,29.223501
30/12/2024 07:00,0.494025,-6.0833335,105.250015,33.34212,29.232325
30/12/2024 08:00,0.494025,-6.0833335,105.250015,33.34515,29.241304
30/12/2024 09:00,0.494025,-6.0833335,105.250015,33.347878,29.233435
30/12/2024 10:00,0.494025,-6.0833335,105.250015,33.35031,29.213463
30/12/2024 11:00,0.494025,-6.0833335,105.250015,33.352642,29.1982
30/12/2024 12:00,0.494025,-6.0833335,105.250015,33.355244,29.191011
30/12/2024 13:00,0.494025,-6.0833335,105.250015,33.35801,29.185572
30/12/2024 14:00,0.494025,-6.0833335,105.250015,33.36076,29.1805
30/12/2024 15:00,0.494025,-6.0833335,105.250015,33.36344,29.1752
30/12/2024 16:00,0.494025,-6.0833335,105.250015,33.366104,29.169725
30/12/2024 17:00,0.494025,-6.0833335,105.250015,33.368057,29.16484
30/12/2024 18:00,0.494025,-6.0833335,105.250015,33.36911,29.156866
30/12/2024 19:00,0.494025,-6.0833335,105.250015,33.369606,29.148104
30/12/2024 20:00,0.494025,-6.0833335,105.250015,33.369728,29.14132
30/12/2024 21:00,0.494025,-6.0833335,105.250015,33.369827,29.135397
30/12/2024 22:00,0.494025,-6.0833335,105.250015,33.370132,29.129837
30/12/2024 23:00,0.494025,-6.0833335,105.250015,33.370663,29.12709
31/12/2024 00:00,0.494025,-6.0833335,105.250015,33.371403,29.13017
31/12/2024 01:00,0.494025,-6.0833335,105.250015,33.372593,29.134836
31/12/2024 02:00,0.494025,-6.0833335,105.250015,33.374207,29.154865
31/12/2024 03:00,0.494025,-6.0833335,105.250015,33.376137,29.190844
31/12/2024 04:00,0.494025,-6.0833335,105.250015,33.37798,29.246363
31/12/2024 05:00,0.494025,-6.0833335,105.250015,33.379482,29.303186
31/12/2024 06:00,0.494025,-6.0833335,105.250015,33.380623,29.33853
31/12/2024 07:00,0.494025,-6.0833335,105.250015,33.381252,29.347097
31/12/2024 08:00,0.494025,-6.0833335,105.250015,33.3816,29.340673
31/12/2024 09:00,0.494025,-6.0833335,105.250015,33.381847,29.326326
31/12/2024 10:00,0.494025,-6.0833335,105.250015,33.382103,29.300772
31/12/2024 11:00,0.494025,-6.0833335,105.250015,33.38145,29.271578
31/12/2024 12:00,0.494025,-6.0833335,105.250015,33.380974,29.247602
31/12/2024 13:00,0.494025,-6.0833335,105.250015,33.380917,29.225657
31/12/2024 14:00,0.494025,-6.0833335,105.250015,33.380234,29.205994
31/12/2024 15:00,0.494025,-6.0833335,105.250015,33.37747,29.189535
31/12/2024 16:00,0.494025,-6.0833335,105.250015,33.375904,29.175392
31/12/2024 17:00,0.494025,-6.0833335,105.250015,33.37671,29.163536
31/12/2024 18:00,0.494025,-6.0833335,105.250015,33.37677,29.153812
31/12/2024 19:00,0.494025,-6.0833335,105.250015,33.37528,29.145279
31/12/2024 20:00,0.494025,-6.0833335,105.250015,33.374756,29.1377
31/12/2024 21:00,0.494025,-6.0833335,105.250015,33.374477,29.13318
31/12/2024 22:00,0.494025,-6.0833335,105.250015,33.37459,29.128983
31/12/2024 23:00,0.494025,-6.0833335,105.250015,33.37494,29.125652
