Latitude;Longitude;yyyy-mm-dd;hh:mm:ss;elevasi (m)
-5.925;107.025;01/01/2020;00:00:00;0.133
-5.925;107.025;01/01/2020;01:00:00;0.185
-5.925;107.025;01/01/2020;02:00:00;0.223
-5.925;107.025;01/01/2020;03:00:00;0.246
-5.925;107.025;01/01/2020;04:00:00;0.254
-5.925;107.025;01/01/2020;05:00:00;0.25
-5.925;107.025;01/01/2020;06:00:00;0.234
-5.925;107.025;01/01/2020;07:00:00;0.206
-5.925;107.025;01/01/2020;08:00:00;0.167
-5.925;107.025;01/01/2020;09:00:00;0.118
-5.925;107.025;01/01/2020;10:00:00;0.058
-5.925;107.025;01/01/2020;11:00:00;-0.009
-5.925;107.025;01/01/2020;12:00:00;-0.08
-5.925;107.025;01/01/2020;13:00:00;-0.149
-5.925;107.025;01/01/2020;14:00:00;-0.211
-5.925;107.025;01/01/2020;15:00:00;-0.258
-5.925;107.025;01/01/2020;16:00:00;-0.284
-5.925;107.025;01/01/2020;17:00:00;-0.286
-5.925;107.025;01/01/2020;18:00:00;-0.263
-5.925;107.025;01/01/2020;19:00:00;-0.216
-5.925;107.025;01/01/2020;20:00:00;-0.149
-5.925;107.025;01/01/2020;21:00:00;-0.07
-5.925;107.025;01/01/2020;22:00:00;0.011
-5.925;107.025;01/01/2020;23:00:00;0.088
-5.925;107.025;02/01/2020;00:00:00;0.151
-5.925;107.025;02/01/2020;01:00:00;0.197
-5.925;107.025;02/01/2020;02:00:00;0.223
-5.925;107.025;02/01/2020;03:00:00;0.228
-5.925;107.025;02/01/2020;04:00:00;0.217
-5.925;107.025;02/01/2020;05:00:00;0.194
-5.925;107.025;02/01/2020;06:00:00;0.161
-5.925;107.025;02/01/2020;07:00:00;0.124
-5.925;107.025;02/01/2020;08:00:00;0.085
-5.925;107.025;02/01/2020;09:00:00;0.044
-5.925;107.025;02/01/2020;10:00:00;0.002
-5.925;107.025;02/01/2020;11:00:00;-0.041
-5.925;107.025;02/01/2020;12:00:00;-0.086
-5.925;107.025;02/01/2020;13:00:00;-0.131
-5.925;107.025;02/01/2020;14:00:00;-0.173
-5.925;107.025;02/01/2020;15:00:00;-0.207
-5.925;107.025;02/01/2020;16:00:00;-0.228
-5.925;107.025;02/01/2020;17:00:00;-0.231
-5.925;107.025;02/01/2020;18:00:00;-0.212
-5.925;107.025;02/01/2020;19:00:00;-0.171
-5.925;107.025;02/01/2020;20:00:00;-0.111
-5.925;107.025;02/01/2020;21:00:00;-0.036
-5.925;107.025;02/01/2020;22:00:00;0.044
-5.925;107.025;02/01/2020;23:00:00;0.12
-5.925;107.025;03/01/2020;00:00:00;0.182
-5.925;107.025;03/01/2020;01:00:00;0.224
-5.925;107.025;03/01/2020;02:00:00;0.241
-5.925;107.025;03/01/2020;03:00:00;0.233
-5.925;107.025;03/01/2020;04:00:00;0.203
-5.925;107.025;03/01/2020;05:00:00;0.158
-5.925;107.025;03/01/2020;06:00:00;0.105
-5.925;107.025;03/01/2020;07:00:00;0.051
-5.925;107.025;03/01/2020;08:00:00;0.002
-5.925;107.025;03/01/2020;09:00:00;-0.04
-5.925;107.025;03/01/2020;10:00:00;-0.073
-5.925;107.025;03/01/2020;11:00:00;-0.099
-5.925;107.025;03/01/2020;12:00:00;-0.121
-5.925;107.025;03/01/2020;13:00:00;-0.141
-5.925;107.025;03/01/2020;14:00:00;-0.16
-5.925;107.025;03/01/2020;15:00:00;-0.175
-5.925;107.025;03/01/2020;16:00:00;-0.183
-5.925;107.025;03/01/2020;17:00:00;-0.18
-5.925;107.025;03/01/2020;18:00:00;-0.161
-5.925;107.025;03/01/2020;19:00:00;-0.124
-5.925;107.025;03/01/2020;20:00:00;-0.068
-5.925;107.025;03/01/2020;21:00:00;0.003
-5.925;107.025;03/01/2020;22:00:00;0.082
-5.925;107.025;03/01/2020;23:00:00;0.157
-5.925;107.025;04/01/2020;00:00:00;0.22
-5.925;107.025;04/01/2020;01:00:00;0.261
-5.925;107.025;04/01/2020;02:00:00;0.273
-5.925;107.025;04/01/2020;03:00:00;0.256
-5.925;107.025;04/01/2020;04:00:00;0.211
-5.925;107.025;04/01/2020;05:00:00;0.146
-5.925;107.025;04/01/2020;06:00:00;0.07
-5.925;107.025;04/01/2020;07:00:00;-0.005
-5.925;107.025;04/01/2020;08:00:00;-0.071
-5.925;107.025;04/01/2020;09:00:00;-0.122
-5.925;107.025;04/01/2020;10:00:00;-0.156
-5.925;107.025;04/01/2020;11:00:00;-0.173
-5.925;107.025;04/01/2020;12:00:00;-0.179
-5.925;107.025;04/01/2020;13:00:00;-0.177
-5.925;107.025;04/01/2020;14:00:00;-0.172
-5.925;107.025;04/01/2020;15:00:00;-0.165
-5.925;107.025;04/01/2020;16:00:00;-0.156
-5.925;107.025;04/01/2020;17:00:00;-0.141
-5.925;107.025;04/01/2020;18:00:00;-0.117
-5.925;107.025;04/01/2020;19:00:00;-0.079
-5.925;107.025;04/01/2020;20:00:00;-0.024
-5.925;107.025;04/01/2020;21:00:00;0.044
-5.925;107.025;04/01/2020;22:00:00;0.121
-5.925;107.025;04/01/2020;23:00:00;0.197
-5.925;107.025;05/01/2020;00:00:00;0.261
-5.925;107.025;05/01/2020;01:00:00;0.303
-5.925;107.025;05/01/2020;02:00:00;0.315
-5.925;107.025;05/01/2020;03:00:00;0.291
-5.925;107.025;05/01/2020;04:00:00;0.236
-5.925;107.025;05/01/2020;05:00:00;0.154
-5.925;107.025;05/01/2020;06:00:00;0.059
-5.925;107.025;05/01/2020;07:00:00;-0.039
-5.925;107.025;05/01/2020;08:00:00;-0.126
-5.925;107.025;05/01/2020;09:00:00;-0.193
-5.925;107.025;05/01/2020;10:00:00;-0.236
-5.925;107.025;05/01/2020;11:00:00;-0.253
-5.925;107.025;05/01/2020;12:00:00;-0.25
-5.925;107.025;05/01/2020;13:00:00;-0.232
-5.925;107.025;05/01/2020;14:00:00;-0.207
-5.925;107.025;05/01/2020;15:00:00;-0.178
-5.925;107.025;05/01/2020;16:00:00;-0.15
-5.925;107.025;05/01/2020;17:00:00;-0.12
-5.925;107.025;05/01/2020;18:00:00;-0.085
-5.925;107.025;05/01/2020;19:00:00;-0.042
-5.925;107.025;05/01/2020;20:00:00;0.014
-5.925;107.025;05/01/2020;21:00:00;0.082
-5.925;107.025;05/01/2020;22:00:00;0.159
-5.925;107.025;05/01/2020;23:00:00;0.236
-5.925;107.025;06/01/2020;00:00:00;0.303
-5.925;107.025;06/01/2020;01:00:00;0.348
-5.925;107.025;06/01/2020;02:00:00;0.362
-5.925;107.025;06/01/2020;03:00:00;0.338
-5.925;107.025;06/01/2020;04:00:00;0.277
-5.925;107.025;06/01/2020;05:00:00;0.184
-5.925;107.025;06/01/2020;06:00:00;0.071
-5.925;107.025;06/01/2020;07:00:00;-0.048
-5.925;107.025;06/01/2020;08:00:00;-0.158
-5.925;107.025;06/01/2020;09:00:00;-0.246
-5.925;107.025;06/01/2020;10:00:00;-0.305
-5.925;107.025;06/01/2020;11:00:00;-0.331
-5.925;107.025;06/01/2020;12:00:00;-0.327
-5.925;107.025;06/01/2020;13:00:00;-0.301
-5.925;107.025;06/01/2020;14:00:00;-0.261
-5.925;107.025;06/01/2020;15:00:00;-0.215
-5.925;107.025;06/01/2020;16:00:00;-0.167
-5.925;107.025;06/01/2020;17:00:00;-0.12
-5.925;107.025;06/01/2020;18:00:00;-0.072
-5.925;107.025;06/01/2020;19:00:00;-0.02
-5.925;107.025;06/01/2020;20:00:00;0.041
-5.925;107.025;06/01/2020;21:00:00;0.112
-5.925;107.025;06/01/2020;22:00:00;0.191
-5.925;107.025;06/01/2020;23:00:00;0.271
-5.925;107.025;07/01/2020;00:00:00;0.343
-5.925;107.025;07/01/2020;01:00:00;0.394
-5.925;107.025;07/01/2020;02:00:00;0.413
-5.925;107.025;07/01/2020;03:00:00;0.393
-5.925;107.025;07/01/2020;04:00:00;0.332
-5.925;107.025;07/01/2020;05:00:00;0.233
-5.925;107.025;07/01/2020;06:00:00;0.107
-5.925;107.025;07/01/2020;07:00:00;-0.03
-5.925;107.025;07/01/2020;08:00:00;-0.163
-5.925;107.025;07/01/2020;09:00:00;-0.275
-5.925;107.025;07/01/2020;10:00:00;-0.354
-5.925;107.025;07/01/2020;11:00:00;-0.397
-5.925;107.025;07/01/2020;12:00:00;-0.403
-5.925;107.025;07/01/2020;13:00:00;-0.377
-5.925;107.025;07/01/2020;14:00:00;-0.331
-5.925;107.025;07/01/2020;15:00:00;-0.272
-5.925;107.025;07/01/2020;16:00:00;-0.208
-5.925;107.025;07/01/2020;17:00:00;-0.145
-5.925;107.025;07/01/2020;18:00:00;-0.083
-5.925;107.025;07/01/2020;19:00:00;-0.019
-5.925;107.025;07/01/2020;20:00:00;0.05
-5.925;107.025;07/01/2020;21:00:00;0.127
-5.925;107.025;07/01/2020;22:00:00;0.211
-5.925;107.025;07/01/2020;23:00:00;0.297
-5.925;107.025;08/01/2020;00:00:00;0.376
-5.925;107.025;08/01/2020;01:00:00;0.436
-5.925;107.025;08/01/2020;02:00:00;0.465
-5.925;107.025;08/01/2020;03:00:00;0.454
-5.925;107.025;08/01/2020;04:00:00;0.398
-5.925;107.025;08/01/2020;05:00:00;0.3
-5.925;107.025;08/01/2020;06:00:00;0.167
-5.925;107.025;08/01/2020;07:00:00;0.016
-5.925;107.025;08/01/2020;08:00:00;-0.136
-5.925;107.025;08/01/2020;09:00:00;-0.272
-5.925;107.025;08/01/2020;10:00:00;-0.377
-5.925;107.025;08/01/2020;11:00:00;-0.443
-5.925;107.025;08/01/2020;12:00:00;-0.466
-5.925;107.025;08/01/2020;13:00:00;-0.451
-5.925;107.025;08/01/2020;14:00:00;-0.406
-5.925;107.025;08/01/2020;15:00:00;-0.343
-5.925;107.025;08/01/2020;16:00:00;-0.27
-5.925;107.025;08/01/2020;17:00:00;-0.194
-5.925;107.025;08/01/2020;18:00:00;-0.119
-5.925;107.025;08/01/2020;19:00:00;-0.043
-5.925;107.025;08/01/2020;20:00:00;0.036
-5.925;107.025;08/01/2020;21:00:00;0.121
-5.925;107.025;08/01/2020;22:00:00;0.212
-5.925;107.025;08/01/2020;23:00:00;0.306
-5.925;107.025;09/01/2020;00:00:00;0.394
-5.925;107.025;09/01/2020;01:00:00;0.466
-5.925;107.025;09/01/2020;02:00:00;0.51
-5.925;107.025;09/01/2020;03:00:00;0.513
-5.925;107.025;09/01/2020;04:00:00;0.47
-5.925;107.025;09/01/2020;05:00:00;0.379
-5.925;107.025;09/01/2020;06:00:00;0.248
-5.925;107.025;09/01/2020;07:00:00;0.09
-5.925;107.025;09/01/2020;08:00:00;-0.078
-5.925;107.025;09/01/2020;09:00:00;-0.235
-5.925;107.025;09/01/2020;10:00:00;-0.366
-5.925;107.025;09/01/2020;11:00:00;-0.458
-5.925;107.025;09/01/2020;12:00:00;-0.505
-5.925;107.025;09/01/2020;13:00:00;-0.509
-5.925;107.025;09/01/2020;14:00:00;-0.477
-5.925;107.025;09/01/2020;15:00:00;-0.418
-5.925;107.025;09/01/2020;16:00:00;-0.343
-5.925;107.025;09/01/2020;17:00:00;-0.26
-5.925;107.025;09/01/2020;18:00:00;-0.176
-5.925;107.025;09/01/2020;19:00:00;-0.09
-5.925;107.025;09/01/2020;20:00:00;-0.002
-5.925;107.025;09/01/2020;21:00:00;0.09
-5.925;107.025;09/01/2020;22:00:00;0.188
-5.925;107.025;09/01/2020;23:00:00;0.29
-5.925;107.025;10/01/2020;00:00:00;0.389
-5.925;107.025;10/01/2020;01:00:00;0.475
-5.925;107.025;10/01/2020;02:00:00;0.535
-5.925;107.025;10/01/2020;03:00:00;0.558
-5.925;107.025;10/01/2020;04:00:00;0.533
-5.925;107.025;10/01/2020;05:00:00;0.459
-5.925;107.025;10/01/2020;06:00:00;0.339
-5.925;107.025;10/01/2020;07:00:00;0.183
-5.925;107.025;10/01/2020;08:00:00;0.009
-5.925;107.025;10/01/2020;09:00:00;-0.164
-5.925;107.025;10/01/2020;10:00:00;-0.317
-5.925;107.025;10/01/2020;11:00:00;-0.436
-5.925;107.025;10/01/2020;12:00:00;-0.511
-5.925;107.025;10/01/2020;13:00:00;-0.541
-5.925;107.025;10/01/2020;14:00:00;-0.528
-5.925;107.025;10/01/2020;15:00:00;-0.482
-5.925;107.025;10/01/2020;16:00:00;-0.413
-5.925;107.025;10/01/2020;17:00:00;-0.331
-5.925;107.025;10/01/2020;18:00:00;-0.243
-5.925;107.025;10/01/2020;19:00:00;-0.152
-5.925;107.025;10/01/2020;20:00:00;-0.059
-5.925;107.025;10/01/2020;21:00:00;0.039
-5.925;107.025;10/01/2020;22:00:00;0.142
-5.925;107.025;10/01/2020;23:00:00;0.25
-5.925;107.025;11/01/2020;00:00:00;0.356
-5.925;107.025;11/01/2020;01:00:00;0.454
-5.925;107.025;11/01/2020;02:00:00;0.53
-5.925;107.025;11/01/2020;03:00:00;0.573
-5.925;107.025;11/01/2020;04:00:00;0.572
-5.925;107.025;11/01/2020;05:00:00;0.521
-5.925;107.025;11/01/2020;06:00:00;0.421
-5.925;107.025;11/01/2020;07:00:00;0.28
-5.925;107.025;11/01/2020;08:00:00;0.111
-5.925;107.025;11/01/2020;09:00:00;-0.067
-5.925;107.025;11/01/2020;10:00:00;-0.235
-5.925;107.025;11/01/2020;11:00:00;-0.376
-5.925;107.025;11/01/2020;12:00:00;-0.477
-5.925;107.025;11/01/2020;13:00:00;-0.534
-5.925;107.025;11/01/2020;14:00:00;-0.546
-5.925;107.025;11/01/2020;15:00:00;-0.52
-5.925;107.025;11/01/2020;16:00:00;-0.465
-5.925;107.025;11/01/2020;17:00:00;-0.39
-5.925;107.025;11/01/2020;18:00:00;-0.305
-5.925;107.025;11/01/2020;19:00:00;-0.214
-5.925;107.025;11/01/2020;20:00:00;-0.119
-5.925;107.025;11/01/2020;21:00:00;-0.021
-5.925;107.025;11/01/2020;22:00:00;0.082
-5.925;107.025;11/01/2020;23:00:00;0.19
-5.925;107.025;12/01/2020;00:00:00;0.299
-5.925;107.025;12/01/2020;01:00:00;0.402
-5.925;107.025;12/01/2020;02:00:00;0.489
-5.925;107.025;12/01/2020;03:00:00;0.549
-5.925;107.025;12/01/2020;04:00:00;0.571
-5.925;107.025;12/01/2020;05:00:00;0.546
-5.925;107.025;12/01/2020;06:00:00;0.474
-5.925;107.025;12/01/2020;07:00:00;0.357
-5.925;107.025;12/01/2020;08:00:00;0.206
-5.925;107.025;12/01/2020;09:00:00;0.037
-5.925;107.025;12/01/2020;10:00:00;-0.132
-5.925;107.025;12/01/2020;11:00:00;-0.285
-5.925;107.025;12/01/2020;12:00:00;-0.406
-5.925;107.025;12/01/2020;13:00:00;-0.486
-5.925;107.025;12/01/2020;14:00:00;-0.523
-5.925;107.025;12/01/2020;15:00:00;-0.52
-5.925;107.025;12/01/2020;16:00:00;-0.484
-5.925;107.025;12/01/2020;17:00:00;-0.422
-5.925;107.025;12/01/2020;18:00:00;-0.345
-5.925;107.025;12/01/2020;19:00:00;-0.259
-5.925;107.025;12/01/2020;20:00:00;-0.167
-5.925;107.025;12/01/2020;21:00:00;-0.073
-5.925;107.025;12/01/2020;22:00:00;0.025
-5.925;107.025;12/01/2020;23:00:00;0.126
-5.925;107.025;13/01/2020;00:00:00;0.229
-5.925;107.025;13/01/2020;01:00:00;0.328
-5.925;107.025;13/01/2020;02:00:00;0.416
-5.925;107.025;13/01/2020;03:00:00;0.484
-5.925;107.025;13/01/2020;04:00:00;0.521
-5.925;107.025;13/01/2020;05:00:00;0.52
-5.925;107.025;13/01/2020;06:00:00;0.476
-5.925;107.025;13/01/2020;07:00:00;0.39
-5.925;107.025;13/01/2020;08:00:00;0.268
-5.925;107.025;13/01/2020;09:00:00;0.122
-5.925;107.025;13/01/2020;10:00:00;-0.034
-5.925;107.025;13/01/2020;11:00:00;-0.182
-5.925;107.025;13/01/2020;12:00:00;-0.31
-5.925;107.025;13/01/2020;13:00:00;-0.405
-5.925;107.025;13/01/2020;14:00:00;-0.462
-5.925;107.025;13/01/2020;15:00:00;-0.48
-5.925;107.025;13/01/2020;16:00:00;-0.463
-5.925;107.025;13/01/2020;17:00:00;-0.417
-5.925;107.025;13/01/2020;18:00:00;-0.351
-5.925;107.025;13/01/2020;19:00:00;-0.273
-5.925;107.025;13/01/2020;20:00:00;-0.188
-5.925;107.025;13/01/2020;21:00:00;-0.1
-5.925;107.025;13/01/2020;22:00:00;-0.011
-5.925;107.025;13/01/2020;23:00:00;0.078
-5.925;107.025;14/01/2020;00:00:00;0.167
-5.925;107.025;14/01/2020;01:00:00;0.251
-5.925;107.025;14/01/2020;02:00:00;0.328
-5.925;107.025;14/01/2020;03:00:00;0.39
-5.925;107.025;14/01/2020;04:00:00;0.431
-5.925;107.025;14/01/2020;05:00:00;0.442
-5.925;107.025;14/01/2020;06:00:00;0.421
-5.925;107.025;14/01/2020;07:00:00;0.364
-5.925;107.025;14/01/2020;08:00:00;0.276
-5.925;107.025;14/01/2020;09:00:00;0.162
-5.925;107.025;14/01/2020;10:00:00;0.035
-5.925;107.025;14/01/2020;11:00:00;-0.095
-5.925;107.025;14/01/2020;12:00:00;-0.213
-5.925;107.025;14/01/2020;13:00:00;-0.309
-5.925;107.025;14/01/2020;14:00:00;-0.374
-5.925;107.025;14/01/2020;15:00:00;-0.406
-5.925;107.025;14/01/2020;16:00:00;-0.405
-5.925;107.025;14/01/2020;17:00:00;-0.374
-5.925;107.025;14/01/2020;18:00:00;-0.32
-5.925;107.025;14/01/2020;19:00:00;-0.251
-5.925;107.025;14/01/2020;20:00:00;-0.173
-5.925;107.025;14/01/2020;21:00:00;-0.092
-5.925;107.025;14/01/2020;22:00:00;-0.013
-5.925;107.025;14/01/2020;23:00:00;0.063
-5.925;107.025;15/01/2020;00:00:00;0.133
-5.925;107.025;15/01/2020;01:00:00;0.196
-5.925;107.025;15/01/2020;02:00:00;0.25
-5.925;107.025;15/01/2020;03:00:00;0.293
-5.925;107.025;15/01/2020;04:00:00;0.32
-5.925;107.025;15/01/2020;05:00:00;0.329
-5.925;107.025;15/01/2020;06:00:00;0.316
-5.925;107.025;15/01/2020;07:00:00;0.28
-5.925;107.025;15/01/2020;08:00:00;0.221
-5.925;107.025;15/01/2020;09:00:00;0.143
-5.925;107.025;15/01/2020;10:00:00;0.051
-5.925;107.025;15/01/2020;11:00:00;-0.046
-5.925;107.025;15/01/2020;12:00:00;-0.14
-5.925;107.025;15/01/2020;13:00:00;-0.221
-5.925;107.025;15/01/2020;14:00:00;-0.282
-5.925;107.025;15/01/2020;15:00:00;-0.317
-5.925;107.025;15/01/2020;16:00:00;-0.324
-5.925;107.025;15/01/2020;17:00:00;-0.303
-5.925;107.025;15/01/2020;18:00:00;-0.259
-5.925;107.025;15/01/2020;19:00:00;-0.198
-5.925;107.025;15/01/2020;20:00:00;-0.125
-5.925;107.025;15/01/2020;21:00:00;-0.05
-5.925;107.025;15/01/2020;22:00:00;0.023
-5.925;107.025;15/01/2020;23:00:00;0.087
-5.925;107.025;16/01/2020;00:00:00;0.14
-5.925;107.025;16/01/2020;01:00:00;0.18
-5.925;107.025;16/01/2020;02:00:00;0.206
-5.925;107.025;16/01/2020;03:00:00;0.219
-5.925;107.025;16/01/2020;04:00:00;0.22
-5.925;107.025;16/01/2020;05:00:00;0.209
-5.925;107.025;16/01/2020;06:00:00;0.187
-5.925;107.025;16/01/2020;07:00:00;0.156
-5.925;107.025;16/01/2020;08:00:00;0.114
-5.925;107.025;16/01/2020;09:00:00;0.065
-5.925;107.025;16/01/2020;10:00:00;0.008
-5.925;107.025;16/01/2020;11:00:00;-0.052
-5.925;107.025;16/01/2020;12:00:00;-0.111
-5.925;107.025;16/01/2020;13:00:00;-0.165
-5.925;107.025;16/01/2020;14:00:00;-0.207
-5.925;107.025;16/01/2020;15:00:00;-0.233
-5.925;107.025;16/01/2020;16:00:00;-0.239
-5.925;107.025;16/01/2020;17:00:00;-0.222
-5.925;107.025;16/01/2020;18:00:00;-0.184
-5.925;107.025;16/01/2020;19:00:00;-0.128
-5.925;107.025;16/01/2020;20:00:00;-0.058
-5.925;107.025;16/01/2020;21:00:00;0.015
-5.925;107.025;16/01/2020;22:00:00;0.086
-5.925;107.025;16/01/2020;23:00:00;0.145
-5.925;107.025;17/01/2020;00:00:00;0.187
-5.925;107.025;17/01/2020;01:00:00;0.209
-5.925;107.025;17/01/2020;02:00:00;0.209
-5.925;107.025;17/01/2020;03:00:00;0.19
-5.925;107.025;17/01/2020;04:00:00;0.156
-5.925;107.025;17/01/2020;05:00:00;0.113
-5.925;107.025;17/01/2020;06:00:00;0.067
-5.925;107.025;17/01/2020;07:00:00;0.021
-5.925;107.025;17/01/2020;08:00:00;-0.02
-5.925;107.025;17/01/2020;09:00:00;-0.055
-5.925;107.025;17/01/2020;10:00:00;-0.085
-5.925;107.025;17/01/2020;11:00:00;-0.112
-5.925;107.025;17/01/2020;12:00:00;-0.134
-5.925;107.025;17/01/2020;13:00:00;-0.154
-5.925;107.025;17/01/2020;14:00:00;-0.169
-5.925;107.025;17/01/2020;15:00:00;-0.175
-5.925;107.025;17/01/2020;16:00:00;-0.17
-5.925;107.025;17/01/2020;17:00:00;-0.15
-5.925;107.025;17/01/2020;18:00:00;-0.113
-5.925;107.025;17/01/2020;19:00:00;-0.058
-5.925;107.025;17/01/2020;20:00:00;0.01
-5.925;107.025;17/01/2020;21:00:00;0.086
-5.925;107.025;17/01/2020;22:00:00;0.159
-5.925;107.025;17/01/2020;23:00:00;0.22
-5.925;107.025;18/01/2020;00:00:00;0.261
-5.925;107.025;18/01/2020;01:00:00;0.274
-5.925;107.025;18/01/2020;02:00:00;0.257
-5.925;107.025;18/01/2020;03:00:00;0.212
-5.925;107.025;18/01/2020;04:00:00;0.145
-5.925;107.025;18/01/2020;05:00:00;0.066
-5.925;107.025;18/01/2020;06:00:00;-0.015
-5.925;107.025;18/01/2020;07:00:00;-0.089
-5.925;107.025;18/01/2020;08:00:00;-0.147
-5.925;107.025;18/01/2020;09:00:00;-0.186
-5.925;107.025;18/01/2020;10:00:00;-0.206
-5.925;107.025;18/01/2020;11:00:00;-0.21
-5.925;107.025;18/01/2020;12:00:00;-0.202
-5.925;107.025;18/01/2020;13:00:00;-0.189
-5.925;107.025;18/01/2020;14:00:00;-0.173
-5.925;107.025;18/01/2020;15:00:00;-0.154
-5.925;107.025;18/01/2020;16:00:00;-0.132
-5.925;107.025;18/01/2020;17:00:00;-0.102
-5.925;107.025;18/01/2020;18:00:00;-0.061
-5.925;107.025;18/01/2020;19:00:00;-0.005
-5.925;107.025;18/01/2020;20:00:00;0.064
-5.925;107.025;18/01/2020;21:00:00;0.142
-5.925;107.025;18/01/2020;22:00:00;0.222
-5.925;107.025;18/01/2020;23:00:00;0.291
-5.925;107.025;19/01/2020;00:00:00;0.339
-5.925;107.025;19/01/2020;01:00:00;0.356
-5.925;107.025;19/01/2020;02:00:00;0.335
-5.925;107.025;19/01/2020;03:00:00;0.277
-5.925;107.025;19/01/2020;04:00:00;0.187
-5.925;107.025;19/01/2020;05:00:00;0.076
-5.925;107.025;19/01/2020;06:00:00;-0.041
-5.925;107.025;19/01/2020;07:00:00;-0.15
-5.925;107.025;19/01/2020;08:00:00;-0.237
-5.925;107.025;19/01/2020;09:00:00;-0.296
-5.925;107.025;19/01/2020;10:00:00;-0.323
-5.925;107.025;19/01/2020;11:00:00;-0.321
-5.925;107.025;19/01/2020;12:00:00;-0.296
-5.925;107.025;19/01/2020;13:00:00;-0.258
-5.925;107.025;19/01/2020;14:00:00;-0.214
-5.925;107.025;19/01/2020;15:00:00;-0.171
-5.925;107.025;19/01/2020;16:00:00;-0.128
-5.925;107.025;19/01/2020;17:00:00;-0.085
-5.925;107.025;19/01/2020;18:00:00;-0.037
-5.925;107.025;19/01/2020;19:00:00;0.022
-5.925;107.025;19/01/2020;20:00:00;0.092
-5.925;107.025;19/01/2020;21:00:00;0.173
-5.925;107.025;19/01/2020;22:00:00;0.26
-5.925;107.025;19/01/2020;23:00:00;0.34
-5.925;107.025;20/01/2020;00:00:00;0.402
-5.925;107.025;20/01/2020;01:00:00;0.432
-5.925;107.025;20/01/2020;02:00:00;0.42
-5.925;107.025;20/01/2020;03:00:00;0.364
-5.925;107.025;20/01/2020;04:00:00;0.266
-5.925;107.025;20/01/2020;05:00:00;0.136
-5.925;107.025;20/01/2020;06:00:00;-0.009
-5.925;107.025;20/01/2020;07:00:00;-0.151
-5.925;107.025;20/01/2020;08:00:00;-0.273
-5.925;107.025;20/01/2020;09:00:00;-0.361
-5.925;107.025;20/01/2020;10:00:00;-0.41
-5.925;107.025;20/01/2020;11:00:00;-0.417
-5.925;107.025;20/01/2020;12:00:00;-0.391
-5.925;107.025;20/01/2020;13:00:00;-0.342
-5.925;107.025;20/01/2020;14:00:00;-0.28
-5.925;107.025;20/01/2020;15:00:00;-0.216
-5.925;107.025;20/01/2020;16:00:00;-0.155
-5.925;107.025;20/01/2020;17:00:00;-0.098
-5.925;107.025;20/01/2020;18:00:00;-0.041
-5.925;107.025;20/01/2020;19:00:00;0.02
-5.925;107.025;20/01/2020;20:00:00;0.091
-5.925;107.025;20/01/2020;21:00:00;0.174
-5.925;107.025;20/01/2020;22:00:00;0.266
-5.925;107.025;20/01/2020;23:00:00;0.356
-5.925;107.025;21/01/2020;00:00:00;0.433
-5.925;107.025;21/01/2020;01:00:00;0.482
-5.925;107.025;21/01/2020;02:00:00;0.49
-5.925;107.025;21/01/2020;03:00:00;0.45
-5.925;107.025;21/01/2020;04:00:00;0.359
-5.925;107.025;21/01/2020;05:00:00;0.227
-5.925;107.025;21/01/2020;06:00:00;0.068
-5.925;107.025;21/01/2020;07:00:00;-0.099
-5.925;107.025;21/01/2020;08:00:00;-0.251
-5.925;107.025;21/01/2020;09:00:00;-0.372
-5.925;107.025;21/01/2020;10:00:00;-0.449
-5.925;107.025;21/01/2020;11:00:00;-0.48
-5.925;107.025;21/01/2020;12:00:00;-0.466
-5.925;107.025;21/01/2020;13:00:00;-0.419
-5.925;107.025;21/01/2020;14:00:00;-0.352
-5.925;107.025;21/01/2020;15:00:00;-0.276
-5.925;107.025;21/01/2020;16:00:00;-0.202
-5.925;107.025;21/01/2020;17:00:00;-0.134
-5.925;107.025;21/01/2020;18:00:00;-0.07
-5.925;107.025;21/01/2020;19:00:00;-0.005
-5.925;107.025;21/01/2020;20:00:00;0.067
-5.925;107.025;21/01/2020;21:00:00;0.149
-5.925;107.025;21/01/2020;22:00:00;0.242
-5.925;107.025;21/01/2020;23:00:00;0.34
-5.925;107.025;22/01/2020;00:00:00;0.43
-5.925;107.025;22/01/2020;01:00:00;0.499
-5.925;107.025;22/01/2020;02:00:00;0.531
-5.925;107.025;22/01/2020;03:00:00;0.514
-5.925;107.025;22/01/2020;04:00:00;0.443
-5.925;107.025;22/01/2020;05:00:00;0.323
-5.925;107.025;22/01/2020;06:00:00;0.166
-5.925;107.025;22/01/2020;07:00:00;-0.01
-5.925;107.025;22/01/2020;08:00:00;-0.183
-5.925;107.025;22/01/2020;09:00:00;-0.331
-5.925;107.025;22/01/2020;10:00:00;-0.439
-5.925;107.025;22/01/2020;11:00:00;-0.498
-5.925;107.025;22/01/2020;12:00:00;-0.507
-5.925;107.025;22/01/2020;13:00:00;-0.475
-5.925;107.025;22/01/2020;14:00:00;-0.413
-5.925;107.025;22/01/2020;15:00:00;-0.337
-5.925;107.025;22/01/2020;16:00:00;-0.257
-5.925;107.025;22/01/2020;17:00:00;-0.182
-5.925;107.025;22/01/2020;18:00:00;-0.112
-5.925;107.025;22/01/2020;19:00:00;-0.045
-5.925;107.025;22/01/2020;20:00:00;0.026
-5.925;107.025;22/01/2020;21:00:00;0.105
-5.925;107.025;22/01/2020;22:00:00;0.197
-5.925;107.025;22/01/2020;23:00:00;0.297
-5.925;107.025;23/01/2020;00:00:00;0.396
-5.925;107.025;23/01/2020;01:00:00;0.481
-5.925;107.025;23/01/2020;02:00:00;0.535
-5.925;107.025;23/01/2020;03:00:00;0.545
-5.925;107.025;23/01/2020;04:00:00;0.502
-5.925;107.025;23/01/2020;05:00:00;0.406
-5.925;107.025;23/01/2020;06:00:00;0.264
-5.925;107.025;23/01/2020;07:00:00;0.092
-5.925;107.025;23/01/2020;08:00:00;-0.088
-5.925;107.025;23/01/2020;09:00:00;-0.253
-5.925;107.025;23/01/2020;10:00:00;-0.386
-5.925;107.025;23/01/2020;11:00:00;-0.473
-5.925;107.025;23/01/2020;12:00:00;-0.509
-5.925;107.025;23/01/2020;13:00:00;-0.499
-5.925;107.025;23/01/2020;14:00:00;-0.453
-5.925;107.025;23/01/2020;15:00:00;-0.385
-5.925;107.025;23/01/2020;16:00:00;-0.307
-5.925;107.025;23/01/2020;17:00:00;-0.23
-5.925;107.025;23/01/2020;18:00:00;-0.158
-5.925;107.025;23/01/2020;19:00:00;-0.091
-5.925;107.025;23/01/2020;20:00:00;-0.022
-5.925;107.025;23/01/2020;21:00:00;0.054
-5.925;107.025;23/01/2020;22:00:00;0.141
-5.925;107.025;23/01/2020;23:00:00;0.239
-5.925;107.025;24/01/2020;00:00:00;0.34
-5.925;107.025;24/01/2020;01:00:00;0.435
-5.925;107.025;24/01/2020;02:00:00;0.507
-5.925;107.025;24/01/2020;03:00:00;0.541
-5.925;107.025;24/01/2020;04:00:00;0.527
-5.925;107.025;24/01/2020;05:00:00;0.46
-5.925;107.025;24/01/2020;06:00:00;0.342
-5.925;107.025;24/01/2020;07:00:00;0.188
-5.925;107.025;24/01/2020;08:00:00;0.014
-5.925;107.025;24/01/2020;09:00:00;-0.157
-5.925;107.025;24/01/2020;10:00:00;-0.305
-5.925;107.025;24/01/2020;11:00:00;-0.414
-5.925;107.025;24/01/2020;12:00:00;-0.475
-5.925;107.025;24/01/2020;13:00:00;-0.49
-5.925;107.025;24/01/2020;14:00:00;-0.465
-5.925;107.025;24/01/2020;15:00:00;-0.412
-5.925;107.025;24/01/2020;16:00:00;-0.343
-5.925;107.025;24/01/2020;17:00:00;-0.27
-5.925;107.025;24/01/2020;18:00:00;-0.199
-5.925;107.025;24/01/2020;19:00:00;-0.132
-5.925;107.025;24/01/2020;20:00:00;-0.066
-5.925;107.025;24/01/2020;21:00:00;0.005
-5.925;107.025;24/01/2020;22:00:00;0.085
-5.925;107.025;24/01/2020;23:00:00;0.176
-5.925;107.025;25/01/2020;00:00:00;0.275
-5.925;107.025;25/01/2020;01:00:00;0.371
-5.925;107.025;25/01/2020;02:00:00;0.453
-5.925;107.025;25/01/2020;03:00:00;0.506
-5.925;107.025;25/01/2020;04:00:00;0.516
-5.925;107.025;25/01/2020;05:00:00;0.478
-5.925;107.025;25/01/2020;06:00:00;0.389
-5.925;107.025;25/01/2020;07:00:00;0.26
-5.925;107.025;25/01/2020;08:00:00;0.103
-5.925;107.025;25/01/2020;09:00:00;-0.061
-5.925;107.025;25/01/2020;10:00:00;-0.212
-5.925;107.025;25/01/2020;11:00:00;-0.334
-5.925;107.025;25/01/2020;12:00:00;-0.415
-5.925;107.025;25/01/2020;13:00:00;-0.453
-5.925;107.025;25/01/2020;14:00:00;-0.449
-5.925;107.025;25/01/2020;15:00:00;-0.414
-5.925;107.025;25/01/2020;16:00:00;-0.358
-5.925;107.025;25/01/2020;17:00:00;-0.293
-5.925;107.025;25/01/2020;18:00:00;-0.227
-5.925;107.025;25/01/2020;19:00:00;-0.162
-5.925;107.025;25/01/2020;20:00:00;-0.099
-5.925;107.025;25/01/2020;21:00:00;-0.034
-5.925;107.025;25/01/2020;22:00:00;0.039
-5.925;107.025;25/01/2020;23:00:00;0.12
-5.925;107.025;26/01/2020;00:00:00;0.21
-5.925;107.025;26/01/2020;01:00:00;0.301
-5.925;107.025;26/01/2020;02:00:00;0.384
-5.925;107.025;26/01/2020;03:00:00;0.446
-5.925;107.025;26/01/2020;04:00:00;0.473
-5.925;107.025;26/01/2020;05:00:00;0.459
-5.925;107.025;26/01/2020;06:00:00;0.399
-5.925;107.025;26/01/2020;07:00:00;0.297
-5.925;107.025;26/01/2020;08:00:00;0.166
-5.925;107.025;26/01/2020;09:00:00;0.019
-5.925;107.025;26/01/2020;10:00:00;-0.124
-5.925;107.025;26/01/2020;11:00:00;-0.248
-5.925;107.025;26/01/2020;12:00:00;-0.34
-5.925;107.025;26/01/2020;13:00:00;-0.394
-5.925;107.025;26/01/2020;14:00:00;-0.41
-5.925;107.025;26/01/2020;15:00:00;-0.392
-5.925;107.025;26/01/2020;16:00:00;-0.351
-5.925;107.025;26/01/2020;17:00:00;-0.297
-5.925;107.025;26/01/2020;18:00:00;-0.237
-5.925;107.025;26/01/2020;19:00:00;-0.176
-5.925;107.025;26/01/2020;20:00:00;-0.116
-5.925;107.025;26/01/2020;21:00:00;-0.056
-5.925;107.025;26/01/2020;22:00:00;0.009
-5.925;107.025;26/01/2020;23:00:00;0.08
-5.925;107.025;27/01/2020;00:00:00;0.157
-5.925;107.025;27/01/2020;01:00:00;0.237
-5.925;107.025;27/01/2020;02:00:00;0.311
-5.925;107.025;27/01/2020;03:00:00;0.371
-5.925;107.025;27/01/2020;04:00:00;0.406
-5.925;107.025;27/01/2020;05:00:00;0.407
-5.925;107.025;27/01/2020;06:00:00;0.37
-5.925;107.025;27/01/2020;07:00:00;0.296
-5.925;107.025;27/01/2020;08:00:00;0.192
-5.925;107.025;27/01/2020;09:00:00;0.07
-5.925;107.025;27/01/2020;10:00:00;-0.056
-5.925;107.025;27/01/2020;11:00:00;-0.171
-5.925;107.025;27/01/2020;12:00:00;-0.263
-5.925;107.025;27/01/2020;13:00:00;-0.325
-5.925;107.025;27/01/2020;14:00:00;-0.353
-5.925;107.025;27/01/2020;15:00:00;-0.351
-5.925;107.025;27/01/2020;16:00:00;-0.324
-5.925;107.025;27/01/2020;17:00:00;-0.28
-5.925;107.025;27/01/2020;18:00:00;-0.227
-5.925;107.025;27/01/2020;19:00:00;-0.171
-5.925;107.025;27/01/2020;20:00:00;-0.114
-5.925;107.025;27/01/2020;21:00:00;-0.058
-5.925;107.025;27/01/2020;22:00:00;0
-5.925;107.025;27/01/2020;23:00:00;0.06
-5.925;107.025;28/01/2020;00:00:00;0.123
-5.925;107.025;28/01/2020;01:00:00;0.187
-5.925;107.025;28/01/2020;02:00:00;0.247
-5.925;107.025;28/01/2020;03:00:00;0.296
-5.925;107.025;28/01/2020;04:00:00;0.327
-5.925;107.025;28/01/2020;05:00:00;0.332
-5.925;107.025;28/01/2020;06:00:00;0.309
-5.925;107.025;28/01/2020;07:00:00;0.257
-5.925;107.025;28/01/2020;08:00:00;0.179
-5.925;107.025;28/01/2020;09:00:00;0.084
-5.925;107.025;28/01/2020;10:00:00;-0.018
-5.925;107.025;28/01/2020;11:00:00;-0.115
-5.925;107.025;28/01/2020;12:00:00;-0.197
-5.925;107.025;28/01/2020;13:00:00;-0.256
-5.925;107.025;28/01/2020;14:00:00;-0.289
-5.925;107.025;28/01/2020;15:00:00;-0.296
-5.925;107.025;28/01/2020;16:00:00;-0.28
-5.925;107.025;28/01/2020;17:00:00;-0.246
-5.925;107.025;28/01/2020;18:00:00;-0.2
-5.925;107.025;28/01/2020;19:00:00;-0.148
-5.925;107.025;28/01/2020;20:00:00;-0.094
-5.925;107.025;28/01/2020;21:00:00;-0.041
-5.925;107.025;28/01/2020;22:00:00;0.012
-5.925;107.025;28/01/2020;23:00:00;0.064
-5.925;107.025;29/01/2020;00:00:00;0.113
-5.925;107.025;29/01/2020;01:00:00;0.159
-5.925;107.025;29/01/2020;02:00:00;0.2
-5.925;107.025;29/01/2020;03:00:00;0.231
-5.925;107.025;29/01/2020;04:00:00;0.248
-5.925;107.025;29/01/2020;05:00:00;0.248
-5.925;107.025;29/01/2020;06:00:00;0.228
-5.925;107.025;29/01/2020;07:00:00;0.188
-5.925;107.025;29/01/2020;08:00:00;0.13
-5.925;107.025;29/01/2020;09:00:00;0.061
-5.925;107.025;29/01/2020;10:00:00;-0.014
-5.925;107.025;29/01/2020;11:00:00;-0.087
-5.925;107.025;29/01/2020;12:00:00;-0.151
-5.925;107.025;29/01/2020;13:00:00;-0.199
-5.925;107.025;29/01/2020;14:00:00;-0.228
-5.925;107.025;29/01/2020;15:00:00;-0.238
-5.925;107.025;29/01/2020;16:00:00;-0.227
-5.925;107.025;29/01/2020;17:00:00;-0.201
-5.925;107.025;29/01/2020;18:00:00;-0.162
-5.925;107.025;29/01/2020;19:00:00;-0.114
-5.925;107.025;29/01/2020;20:00:00;-0.062
-5.925;107.025;29/01/2020;21:00:00;-0.009
-5.925;107.025;29/01/2020;22:00:00;0.041
-5.925;107.025;29/01/2020;23:00:00;0.087
-5.925;107.025;30/01/2020;00:00:00;0.126
-5.925;107.025;30/01/2020;01:00:00;0.157
-5.925;107.025;30/01/2020;02:00:00;0.178
-5.925;107.025;30/01/2020;03:00:00;0.187
-5.925;107.025;30/01/2020;04:00:00;0.183
-5.925;107.025;30/01/2020;05:00:00;0.168
-5.925;107.025;30/01/2020;06:00:00;0.14
-5.925;107.025;30/01/2020;07:00:00;0.102
-5.925;107.025;30/01/2020;08:00:00;0.056
-5.925;107.025;30/01/2020;09:00:00;0.006
-5.925;107.025;30/01/2020;10:00:00;-0.044
-5.925;107.025;30/01/2020;11:00:00;-0.091
-5.925;107.025;30/01/2020;12:00:00;-0.13
-5.925;107.025;30/01/2020;13:00:00;-0.16
-5.925;107.025;30/01/2020;14:00:00;-0.178
-5.925;107.025;30/01/2020;15:00:00;-0.183
-5.925;107.025;30/01/2020;16:00:00;-0.174
-5.925;107.025;30/01/2020;17:00:00;-0.151
-5.925;107.025;30/01/2020;18:00:00;-0.117
-5.925;107.025;30/01/2020;19:00:00;-0.073
-5.925;107.025;30/01/2020;20:00:00;-0.023
-5.925;107.025;30/01/2020;21:00:00;0.03
-5.925;107.025;30/01/2020;22:00:00;0.08
-5.925;107.025;30/01/2020;23:00:00;0.125
-5.925;107.025;31/01/2020;00:00:00;0.158
-5.925;107.025;31/01/2020;01:00:00;0.177
-5.925;107.025;31/01/2020;02:00:00;0.181
-5.925;107.025;31/01/2020;03:00:00;0.168
-5.925;107.025;31/01/2020;04:00:00;0.142
-5.925;107.025;31/01/2020;05:00:00;0.104
-5.925;107.025;31/01/2020;06:00:00;0.06
-5.925;107.025;31/01/2020;07:00:00;0.014
-5.925;107.025;31/01/2020;08:00:00;-0.03
-5.925;107.025;31/01/2020;09:00:00;-0.069
-5.925;107.025;31/01/2020;10:00:00;-0.1
-5.925;107.025;31/01/2020;11:00:00;-0.123
-5.925;107.025;31/01/2020;12:00:00;-0.138
-5.925;107.025;31/01/2020;13:00:00;-0.145
-5.925;107.025;31/01/2020;14:00:00;-0.146
-5.925;107.025;31/01/2020;15:00:00;-0.14
-5.925;107.025;31/01/2020;16:00:00;-0.126
-5.925;107.025;31/01/2020;17:00:00;-0.104
-5.925;107.025;31/01/2020;18:00:00;-0.072
-5.925;107.025;31/01/2020;19:00:00;-0.031
-5.925;107.025;31/01/2020;20:00:00;0.017
-5.925;107.025;31/01/2020;21:00:00;0.07
-5.925;107.025;31/01/2020;22:00:00;0.122
-5.925;107.025;31/01/2020;23:00:00;0.168
-5.925;107.025;01/02/2020;00:00:00;0.2
-5.925;107.025;01/02/2020;01:00:00;0.213
-5.925;107.025;01/02/2020;02:00:00;0.205
-5.925;107.025;01/02/2020;03:00:00;0.175
-5.925;107.025;01/02/2020;04:00:00;0.127
-5.925;107.025;01/02/2020;05:00:00;0.066
-5.925;107.025;01/02/2020;06:00:00;0
-5.925;107.025;01/02/2020;07:00:00;-0.062
-5.925;107.025;01/02/2020;08:00:00;-0.114
-5.925;107.025;01/02/2020;09:00:00;-0.151
-5.925;107.025;01/02/2020;10:00:00;-0.172
-5.925;107.025;01/02/2020;11:00:00;-0.177
-5.925;107.025;01/02/2020;12:00:00;-0.17
-5.925;107.025;01/02/2020;13:00:00;-0.155
-5.925;107.025;01/02/2020;14:00:00;-0.135
-5.925;107.025;01/02/2020;15:00:00;-0.114
-5.925;107.025;01/02/2020;16:00:00;-0.09
-5.925;107.025;01/02/2020;17:00:00;-0.064
-5.925;107.025;01/02/2020;18:00:00;-0.032
-5.925;107.025;01/02/2020;19:00:00;0.007
-5.925;107.025;01/02/2020;20:00:00;0.055
-5.925;107.025;01/02/2020;21:00:00;0.108
-5.925;107.025;01/02/2020;22:00:00;0.163
-5.925;107.025;01/02/2020;23:00:00;0.211
-5.925;107.025;02/02/2020;00:00:00;0.245
-5.925;107.025;02/02/2020;01:00:00;0.258
-5.925;107.025;02/02/2020;02:00:00;0.244
-5.925;107.025;02/02/2020;03:00:00;0.202
-5.925;107.025;02/02/2020;04:00:00;0.136
-5.925;107.025;02/02/2020;05:00:00;0.054
-5.925;107.025;02/02/2020;06:00:00;-0.035
-5.925;107.025;02/02/2020;07:00:00;-0.118
-5.925;107.025;02/02/2020;08:00:00;-0.185
-5.925;107.025;02/02/2020;09:00:00;-0.23
-5.925;107.025;02/02/2020;10:00:00;-0.25
-5.925;107.025;02/02/2020;11:00:00;-0.245
-5.925;107.025;02/02/2020;12:00:00;-0.222
-5.925;107.025;02/02/2020;13:00:00;-0.187
-5.925;107.025;02/02/2020;14:00:00;-0.147
-5.925;107.025;02/02/2020;15:00:00;-0.108
-5.925;107.025;02/02/2020;16:00:00;-0.071
-5.925;107.025;02/02/2020;17:00:00;-0.036
-5.925;107.025;02/02/2020;18:00:00;-0.001
-5.925;107.025;02/02/2020;19:00:00;0.04
-5.925;107.025;02/02/2020;20:00:00;0.088
-5.925;107.025;02/02/2020;21:00:00;0.142
-5.925;107.025;02/02/2020;22:00:00;0.199
-5.925;107.025;02/02/2020;23:00:00;0.252
-5.925;107.025;03/02/2020;00:00:00;0.292
-5.925;107.025;03/02/2020;01:00:00;0.307
-5.925;107.025;03/02/2020;02:00:00;0.293
-5.925;107.025;03/02/2020;03:00:00;0.245
-5.925;107.025;03/02/2020;04:00:00;0.167
-5.925;107.025;03/02/2020;05:00:00;0.067
-5.925;107.025;03/02/2020;06:00:00;-0.044
-5.925;107.025;03/02/2020;07:00:00;-0.149
-5.925;107.025;03/02/2020;08:00:00;-0.237
-5.925;107.025;03/02/2020;09:00:00;-0.297
-5.925;107.025;03/02/2020;10:00:00;-0.324
-5.925;107.025;03/02/2020;11:00:00;-0.319
-5.925;107.025;03/02/2020;12:00:00;-0.287
-5.925;107.025;03/02/2020;13:00:00;-0.238
-5.925;107.025;03/02/2020;14:00:00;-0.181
-5.925;107.025;03/02/2020;15:00:00;-0.124
-5.925;107.025;03/02/2020;16:00:00;-0.073
-5.925;107.025;03/02/2020;17:00:00;-0.026
-5.925;107.025;03/02/2020;18:00:00;0.017
-5.925;107.025;03/02/2020;19:00:00;0.062
-5.925;107.025;03/02/2020;20:00:00;0.112
-5.925;107.025;03/02/2020;21:00:00;0.17
-5.925;107.025;03/02/2020;22:00:00;0.231
-5.925;107.025;03/02/2020;23:00:00;0.291
-5.925;107.025;04/02/2020;00:00:00;0.337
-5.925;107.025;04/02/2020;01:00:00;0.36
-5.925;107.025;04/02/2020;02:00:00;0.35
-5.925;107.025;04/02/2020;03:00:00;0.302
-5.925;107.025;04/02/2020;04:00:00;0.217
-5.925;107.025;04/02/2020;05:00:00;0.103
-5.925;107.025;04/02/2020;06:00:00;-0.026
-5.925;107.025;04/02/2020;07:00:00;-0.154
-5.925;107.025;04/02/2020;08:00:00;-0.265
-5.925;107.025;04/02/2020;09:00:00;-0.346
-5.925;107.025;04/02/2020;10:00:00;-0.388
-5.925;107.025;04/02/2020;11:00:00;-0.39
-5.925;107.025;04/02/2020;12:00:00;-0.359
-5.925;107.025;04/02/2020;13:00:00;-0.303
-5.925;107.025;04/02/2020;14:00:00;-0.235
-5.925;107.025;04/02/2020;15:00:00;-0.164
-5.925;107.025;04/02/2020;16:00:00;-0.098
-5.925;107.025;04/02/2020;17:00:00;-0.039
-5.925;107.025;04/02/2020;18:00:00;0.015
-5.925;107.025;04/02/2020;19:00:00;0.067
-5.925;107.025;04/02/2020;20:00:00;0.123
-5.925;107.025;04/02/2020;21:00:00;0.187
-5.925;107.025;04/02/2020;22:00:00;0.255
-5.925;107.025;04/02/2020;23:00:00;0.323
-5.925;107.025;05/02/2020;00:00:00;0.38
-5.925;107.025;05/02/2020;01:00:00;0.413
-5.925;107.025;05/02/2020;02:00:00;0.412
-5.925;107.025;05/02/2020;03:00:00;0.369
-5.925;107.025;05/02/2020;04:00:00;0.284
-5.925;107.025;05/02/2020;05:00:00;0.163
-5.925;107.025;05/02/2020;06:00:00;0.019
-5.925;107.025;05/02/2020;07:00:00;-0.13
-5.925;107.025;05/02/2020;08:00:00;-0.265
-5.925;107.025;05/02/2020;09:00:00;-0.37
-5.925;107.025;05/02/2020;10:00:00;-0.433
-5.925;107.025;05/02/2020;11:00:00;-0.452
-5.925;107.025;05/02/2020;12:00:00;-0.43
-5.925;107.025;05/02/2020;13:00:00;-0.376
-5.925;107.025;05/02/2020;14:00:00;-0.303
-5.925;107.025;05/02/2020;15:00:00;-0.223
-5.925;107.025;05/02/2020;16:00:00;-0.145
-5.925;107.025;05/02/2020;17:00:00;-0.075
-5.925;107.025;05/02/2020;18:00:00;-0.011
-5.925;107.025;05/02/2020;19:00:00;0.05
-5.925;107.025;05/02/2020;20:00:00;0.115
-5.925;107.025;05/02/2020;21:00:00;0.186
-5.925;107.025;05/02/2020;22:00:00;0.263
-5.925;107.025;05/02/2020;23:00:00;0.342
-5.925;107.025;06/02/2020;00:00:00;0.412
-5.925;107.025;06/02/2020;01:00:00;0.46
-5.925;107.025;06/02/2020;02:00:00;0.474
-5.925;107.025;06/02/2020;03:00:00;0.443
-5.925;107.025;06/02/2020;04:00:00;0.364
-5.925;107.025;06/02/2020;05:00:00;0.242
-5.925;107.025;06/02/2020;06:00:00;0.09
-5.925;107.025;06/02/2020;07:00:00;-0.075
-5.925;107.025;06/02/2020;08:00:00;-0.232
-5.925;107.025;06/02/2020;09:00:00;-0.362
-5.925;107.025;06/02/2020;10:00:00;-0.451
-5.925;107.025;06/02/2020;11:00:00;-0.493
-5.925;107.025;06/02/2020;12:00:00;-0.488
-5.925;107.025;06/02/2020;13:00:00;-0.444
-5.925;107.025;06/02/2020;14:00:00;-0.375
-5.925;107.025;06/02/2020;15:00:00;-0.293
-5.925;107.025;06/02/2020;16:00:00;-0.209
-5.925;107.025;06/02/2020;17:00:00;-0.131
-5.925;107.025;06/02/2020;18:00:00;-0.059
-5.925;107.025;06/02/2020;19:00:00;0.01
-5.925;107.025;06/02/2020;20:00:00;0.082
-5.925;107.025;06/02/2020;21:00:00;0.16
-5.925;107.025;06/02/2020;22:00:00;0.247
-5.925;107.025;06/02/2020;23:00:00;0.338
-5.925;107.025;07/02/2020;00:00:00;0.424
-5.925;107.025;07/02/2020;01:00:00;0.49
-5.925;107.025;07/02/2020;02:00:00;0.523
-5.925;107.025;07/02/2020;03:00:00;0.511
-5.925;107.025;07/02/2020;04:00:00;0.447
-5.925;107.025;07/02/2020;05:00:00;0.334
-5.925;107.025;07/02/2020;06:00:00;0.182
-5.925;107.025;07/02/2020;07:00:00;0.008
-5.925;107.025;07/02/2020;08:00:00;-0.166
-5.925;107.025;07/02/2020;09:00:00;-0.319
-5.925;107.025;07/02/2020;10:00:00;-0.434
-5.925;107.025;07/02/2020;11:00:00;-0.502
-5.925;107.025;07/02/2020;12:00:00;-0.519
-5.925;107.025;07/02/2020;13:00:00;-0.494
-5.925;107.025;07/02/2020;14:00:00;-0.436
-5.925;107.025;07/02/2020;15:00:00;-0.359
-5.925;107.025;07/02/2020;16:00:00;-0.277
-5.925;107.025;07/02/2020;17:00:00;-0.196
-5.925;107.025;07/02/2020;18:00:00;-0.12
-5.925;107.025;07/02/2020;19:00:00;-0.048
-5.925;107.025;07/02/2020;20:00:00;0.028
-5.925;107.025;07/02/2020;21:00:00;0.11
-5.925;107.025;07/02/2020;22:00:00;0.203
-5.925;107.025;07/02/2020;23:00:00;0.303
-5.925;107.025;08/02/2020;00:00:00;0.402
-5.925;107.025;08/02/2020;01:00:00;0.486
-5.925;107.025;08/02/2020;02:00:00;0.542
-5.925;107.025;08/02/2020;03:00:00;0.554
-5.925;107.025;08/02/2020;04:00:00;0.513
-5.925;107.025;08/02/2020;05:00:00;0.419
-5.925;107.025;08/02/2020;06:00:00;0.279
-5.925;107.025;08/02/2020;07:00:00;0.109
-5.925;107.025;08/02/2020;08:00:00;-0.072
-5.925;107.025;08/02/2020;09:00:00;-0.24
-5.925;107.025;08/02/2020;10:00:00;-0.378
-5.925;107.025;08/02/2020;11:00:00;-0.47
-5.925;107.025;08/02/2020;12:00:00;-0.513
-5.925;107.025;08/02/2020;13:00:00;-0.51
-5.925;107.025;08/02/2020;14:00:00;-0.469
-5.925;107.025;08/02/2020;15:00:00;-0.405
-5.925;107.025;08/02/2020;16:00:00;-0.329
-5.925;107.025;08/02/2020;17:00:00;-0.252
-5.925;107.025;08/02/2020;18:00:00;-0.178
-5.925;107.025;08/02/2020;19:00:00;-0.107
-5.925;107.025;08/02/2020;20:00:00;-0.035
-5.925;107.025;08/02/2020;21:00:00;0.046
-5.925;107.025;08/02/2020;22:00:00;0.137
-5.925;107.025;08/02/2020;23:00:00;0.238
-5.925;107.025;09/02/2020;00:00:00;0.343
-5.925;107.025;09/02/2020;01:00:00;0.44
-5.925;107.025;09/02/2020;02:00:00;0.515
-5.925;107.025;09/02/2020;03:00:00;0.552
-5.925;107.025;09/02/2020;04:00:00;0.54
-5.925;107.025;09/02/2020;05:00:00;0.474
-5.925;107.025;09/02/2020;06:00:00;0.358
-5.925;107.025;09/02/2020;07:00:00;0.205
-5.925;107.025;09/02/2020;08:00:00;0.032
-5.925;107.025;09/02/2020;09:00:00;-0.14
-5.925;107.025;09/02/2020;10:00:00;-0.289
-5.925;107.025;09/02/2020;11:00:00;-0.4
-5.925;107.025;09/02/2020;12:00:00;-0.465
-5.925;107.025;09/02/2020;13:00:00;-0.484
-5.925;107.025;09/02/2020;14:00:00;-0.464
-5.925;107.025;09/02/2020;15:00:00;-0.415
-5.925;107.025;09/02/2020;16:00:00;-0.351
-5.925;107.025;09/02/2020;17:00:00;-0.282
-5.925;107.025;09/02/2020;18:00:00;-0.214
-5.925;107.025;09/02/2020;19:00:00;-0.15
-5.925;107.025;09/02/2020;20:00:00;-0.085
-5.925;107.025;09/02/2020;21:00:00;-0.015
-5.925;107.025;09/02/2020;22:00:00;0.065
-5.925;107.025;09/02/2020;23:00:00;0.157
-5.925;107.025;10/02/2020;00:00:00;0.257
-5.925;107.025;10/02/2020;01:00:00;0.355
-5.925;107.025;10/02/2020;02:00:00;0.439
-5.925;107.025;10/02/2020;03:00:00;0.494
-5.925;107.025;10/02/2020;04:00:00;0.508
-5.925;107.025;10/02/2020;05:00:00;0.474
-5.925;107.025;10/02/2020;06:00:00;0.391
-5.925;107.025;10/02/2020;07:00:00;0.267
-5.925;107.025;10/02/2020;08:00:00;0.117
-5.925;107.025;10/02/2020;09:00:00;-0.04
-5.925;107.025;10/02/2020;10:00:00;-0.186
-5.925;107.025;10/02/2020;11:00:00;-0.303
-5.925;107.025;10/02/2020;12:00:00;-0.382
-5.925;107.025;10/02/2020;13:00:00;-0.418
-5.925;107.025;10/02/2020;14:00:00;-0.416
-5.925;107.025;10/02/2020;15:00:00;-0.383
-5.925;107.025;10/02/2020;16:00:00;-0.332
-5.925;107.025;10/02/2020;17:00:00;-0.273
-5.925;107.025;10/02/2020;18:00:00;-0.214
-5.925;107.025;10/02/2020;19:00:00;-0.158
-5.925;107.025;10/02/2020;20:00:00;-0.104
-5.925;107.025;10/02/2020;21:00:00;-0.049
-5.925;107.025;10/02/2020;22:00:00;0.014
-5.925;107.025;10/02/2020;23:00:00;0.086
-5.925;107.025;11/02/2020;00:00:00;0.166
-5.925;107.025;11/02/2020;01:00:00;0.25
-5.925;107.025;11/02/2020;02:00:00;0.328
-5.925;107.025;11/02/2020;03:00:00;0.388
-5.925;107.025;11/02/2020;04:00:00;0.417
-5.925;107.025;11/02/2020;05:00:00;0.409
-5.925;107.025;11/02/2020;06:00:00;0.36
-5.925;107.025;11/02/2020;07:00:00;0.273
-5.925;107.025;11/02/2020;08:00:00;0.158
-5.925;107.025;11/02/2020;09:00:00;0.029
-5.925;107.025;11/02/2020;10:00:00;-0.096
-5.925;107.025;11/02/2020;11:00:00;-0.204
-5.925;107.025;11/02/2020;12:00:00;-0.282
-5.925;107.025;11/02/2020;13:00:00;-0.326
-5.925;107.025;11/02/2020;14:00:00;-0.335
-5.925;107.025;11/02/2020;15:00:00;-0.315
-5.925;107.025;11/02/2020;16:00:00;-0.276
-5.925;107.025;11/02/2020;17:00:00;-0.226
-5.925;107.025;11/02/2020;18:00:00;-0.175
-5.925;107.025;11/02/2020;19:00:00;-0.126
-5.925;107.025;11/02/2020;20:00:00;-0.082
-5.925;107.025;11/02/2020;21:00:00;-0.04
-5.925;107.025;11/02/2020;22:00:00;0.002
-5.925;107.025;11/02/2020;23:00:00;0.049
-5.925;107.025;12/02/2020;00:00:00;0.101
-5.925;107.025;12/02/2020;01:00:00;0.157
-5.925;107.025;12/02/2020;02:00:00;0.212
-5.925;107.025;12/02/2020;03:00:00;0.257
-5.925;107.025;12/02/2020;04:00:00;0.286
-5.925;107.025;12/02/2020;05:00:00;0.289
-5.925;107.025;12/02/2020;06:00:00;0.264
-5.925;107.025;12/02/2020;07:00:00;0.211
-5.925;107.025;12/02/2020;08:00:00;0.134
-5.925;107.025;12/02/2020;09:00:00;0.045
-5.925;107.025;12/02/2020;10:00:00;-0.047
-5.925;107.025;12/02/2020;11:00:00;-0.13
-5.925;107.025;12/02/2020;12:00:00;-0.193
-5.925;107.025;12/02/2020;13:00:00;-0.231
-5.925;107.025;12/02/2020;14:00:00;-0.242
-5.925;107.025;12/02/2020;15:00:00;-0.228
-5.925;107.025;12/02/2020;16:00:00;-0.196
-5.925;107.025;12/02/2020;17:00:00;-0.153
-5.925;107.025;12/02/2020;18:00:00;-0.106
-5.925;107.025;12/02/2020;19:00:00;-0.061
-5.925;107.025;12/02/2020;20:00:00;-0.022
-5.925;107.025;12/02/2020;21:00:00;0.011
-5.925;107.025;12/02/2020;22:00:00;0.038
-5.925;107.025;12/02/2020;23:00:00;0.062
-5.925;107.025;13/02/2020;00:00:00;0.084
-5.925;107.025;13/02/2020;01:00:00;0.106
-5.925;107.025;13/02/2020;02:00:00;0.125
-5.925;107.025;13/02/2020;03:00:00;0.14
-5.925;107.025;13/02/2020;04:00:00;0.147
-5.925;107.025;13/02/2020;05:00:00;0.143
-5.925;107.025;13/02/2020;06:00:00;0.125
-5.925;107.025;13/02/2020;07:00:00;0.093
-5.925;107.025;13/02/2020;08:00:00;0.049
-5.925;107.025;13/02/2020;09:00:00;-0.002
-5.925;107.025;13/02/2020;10:00:00;-0.055
-5.925;107.025;13/02/2020;11:00:00;-0.102
-5.925;107.025;13/02/2020;12:00:00;-0.137
-5.925;107.025;13/02/2020;13:00:00;-0.157
-5.925;107.025;13/02/2020;14:00:00;-0.159
-5.925;107.025;13/02/2020;15:00:00;-0.143
-5.925;107.025;13/02/2020;16:00:00;-0.113
-5.925;107.025;13/02/2020;17:00:00;-0.072
-5.925;107.025;13/02/2020;18:00:00;-0.027
-5.925;107.025;13/02/2020;19:00:00;0.018
-5.925;107.025;13/02/2020;20:00:00;0.058
-5.925;107.025;13/02/2020;21:00:00;0.09
-5.925;107.025;13/02/2020;22:00:00;0.112
-5.925;107.025;13/02/2020;23:00:00;0.122
-5.925;107.025;14/02/2020;00:00:00;0.122
-5.925;107.025;14/02/2020;01:00:00;0.112
-5.925;107.025;14/02/2020;02:00:00;0.094
-5.925;107.025;14/02/2020;03:00:00;0.069
-5.925;107.025;14/02/2020;04:00:00;0.041
-5.925;107.025;14/02/2020;05:00:00;0.01
-5.925;107.025;14/02/2020;06:00:00;-0.021
-5.925;107.025;14/02/2020;07:00:00;-0.051
-5.925;107.025;14/02/2020;08:00:00;-0.078
-5.925;107.025;14/02/2020;09:00:00;-0.101
-5.925;107.025;14/02/2020;10:00:00;-0.118
-5.925;107.025;14/02/2020;11:00:00;-0.127
-5.925;107.025;14/02/2020;12:00:00;-0.129
-5.925;107.025;14/02/2020;13:00:00;-0.122
-5.925;107.025;14/02/2020;14:00:00;-0.106
-5.925;107.025;14/02/2020;15:00:00;-0.081
-5.925;107.025;14/02/2020;16:00:00;-0.047
-5.925;107.025;14/02/2020;17:00:00;-0.006
-5.925;107.025;14/02/2020;18:00:00;0.04
-5.925;107.025;14/02/2020;19:00:00;0.088
-5.925;107.025;14/02/2020;20:00:00;0.134
-5.925;107.025;14/02/2020;21:00:00;0.173
-5.925;107.025;14/02/2020;22:00:00;0.2
-5.925;107.025;14/02/2020;23:00:00;0.21
-5.925;107.025;15/02/2020;00:00:00;0.201
-5.925;107.025;15/02/2020;01:00:00;0.172
-5.925;107.025;15/02/2020;02:00:00;0.124
-5.925;107.025;15/02/2020;03:00:00;0.063
-5.925;107.025;15/02/2020;04:00:00;-0.005
-5.925;107.025;15/02/2020;05:00:00;-0.074
-5.925;107.025;15/02/2020;06:00:00;-0.135
-5.925;107.025;15/02/2020;07:00:00;-0.182
-5.925;107.025;15/02/2020;08:00:00;-0.212
-5.925;107.025;15/02/2020;09:00:00;-0.223
-5.925;107.025;15/02/2020;10:00:00;-0.217
-5.925;107.025;15/02/2020;11:00:00;-0.196
-5.925;107.025;15/02/2020;12:00:00;-0.166
-5.925;107.025;15/02/2020;13:00:00;-0.131
-5.925;107.025;15/02/2020;14:00:00;-0.092
-5.925;107.025;15/02/2020;15:00:00;-0.053
-5.925;107.025;15/02/2020;16:00:00;-0.012
-5.925;107.025;15/02/2020;17:00:00;0.032
-5.925;107.025;15/02/2020;18:00:00;0.08
-5.925;107.025;15/02/2020;19:00:00;0.132
-5.925;107.025;15/02/2020;20:00:00;0.185
-5.925;107.025;15/02/2020;21:00:00;0.235
-5.925;107.025;15/02/2020;22:00:00;0.275
-5.925;107.025;15/02/2020;23:00:00;0.297
-5.925;107.025;16/02/2020;00:00:00;0.295
-5.925;107.025;16/02/2020;01:00:00;0.263
-5.925;107.025;16/02/2020;02:00:00;0.203
-5.925;107.025;16/02/2020;03:00:00;0.117
-5.925;107.025;16/02/2020;04:00:00;0.015
-5.925;107.025;16/02/2020;05:00:00;-0.091
-5.925;107.025;16/02/2020;06:00:00;-0.189
-5.925;107.025;16/02/2020;07:00:00;-0.268
-5.925;107.025;16/02/2020;08:00:00;-0.318
-5.925;107.025;16/02/2020;09:00:00;-0.336
-5.925;107.025;16/02/2020;10:00:00;-0.324
-5.925;107.025;16/02/2020;11:00:00;-0.287
-5.925;107.025;16/02/2020;12:00:00;-0.235
-5.925;107.025;16/02/2020;13:00:00;-0.175
-5.925;107.025;16/02/2020;14:00:00;-0.115
-5.925;107.025;16/02/2020;15:00:00;-0.059
-5.925;107.025;16/02/2020;16:00:00;-0.009
-5.925;107.025;16/02/2020;17:00:00;0.039
-5.925;107.025;16/02/2020;18:00:00;0.088
-5.925;107.025;16/02/2020;19:00:00;0.142
-5.925;107.025;16/02/2020;20:00:00;0.2
-5.925;107.025;16/02/2020;21:00:00;0.261
-5.925;107.025;16/02/2020;22:00:00;0.317
-5.925;107.025;16/02/2020;23:00:00;0.358
-5.925;107.025;17/02/2020;00:00:00;0.374
-5.925;107.025;17/02/2020;01:00:00;0.357
-5.925;107.025;17/02/2020;02:00:00;0.302
-5.925;107.025;17/02/2020;03:00:00;0.21
-5.925;107.025;17/02/2020;04:00:00;0.09
-5.925;107.025;17/02/2020;05:00:00;-0.045
-5.925;107.025;17/02/2020;06:00:00;-0.178
-5.925;107.025;17/02/2020;07:00:00;-0.291
-5.925;107.025;17/02/2020;08:00:00;-0.372
-5.925;107.025;17/02/2020;09:00:00;-0.413
-5.925;107.025;17/02/2020;10:00:00;-0.412
-5.925;107.025;17/02/2020;11:00:00;-0.375
-5.925;107.025;17/02/2020;12:00:00;-0.312
-5.925;107.025;17/02/2020;13:00:00;-0.237
-5.925;107.025;17/02/2020;14:00:00;-0.161
-5.925;107.025;17/02/2020;15:00:00;-0.092
-5.925;107.025;17/02/2020;16:00:00;-0.032
-5.925;107.025;17/02/2020;17:00:00;0.02
-5.925;107.025;17/02/2020;18:00:00;0.069
-5.925;107.025;17/02/2020;19:00:00;0.121
-5.925;107.025;17/02/2020;20:00:00;0.181
-5.925;107.025;17/02/2020;21:00:00;0.248
-5.925;107.025;17/02/2020;22:00:00;0.318
-5.925;107.025;17/02/2020;23:00:00;0.379
-5.925;107.025;18/02/2020;00:00:00;0.42
-5.925;107.025;18/02/2020;01:00:00;0.427
-5.925;107.025;18/02/2020;02:00:00;0.392
-5.925;107.025;18/02/2020;03:00:00;0.311
-5.925;107.025;18/02/2020;04:00:00;0.191
-5.925;107.025;18/02/2020;05:00:00;0.044
-5.925;107.025;18/02/2020;06:00:00;-0.112
-5.925;107.025;18/02/2020;07:00:00;-0.256
-5.925;107.025;18/02/2020;08:00:00;-0.369
-5.925;107.025;18/02/2020;09:00:00;-0.439
-5.925;107.025;18/02/2020;10:00:00;-0.461
-5.925;107.025;18/02/2020;11:00:00;-0.438
-5.925;107.025;18/02/2020;12:00:00;-0.379
-5.925;107.025;18/02/2020;13:00:00;-0.301
-5.925;107.025;18/02/2020;14:00:00;-0.216
-5.925;107.025;18/02/2020;15:00:00;-0.138
-5.925;107.025;18/02/2020;16:00:00;-0.071
-5.925;107.025;18/02/2020;17:00:00;-0.016
-5.925;107.025;18/02/2020;18:00:00;0.031
-5.925;107.025;18/02/2020;19:00:00;0.081
-5.925;107.025;18/02/2020;20:00:00;0.138
-5.925;107.025;18/02/2020;21:00:00;0.207
-5.925;107.025;18/02/2020;22:00:00;0.284
-5.925;107.025;18/02/2020;23:00:00;0.361
-5.925;107.025;19/02/2020;00:00:00;0.425
-5.925;107.025;19/02/2020;01:00:00;0.46
-5.925;107.025;19/02/2020;02:00:00;0.452
-5.925;107.025;19/02/2020;03:00:00;0.396
-5.925;107.025;19/02/2020;04:00:00;0.291
-5.925;107.025;19/02/2020;05:00:00;0.148
-5.925;107.025;19/02/2020;06:00:00;-0.016
-5.925;107.025;19/02/2020;07:00:00;-0.178
-5.925;107.025;19/02/2020;08:00:00;-0.318
-5.925;107.025;19/02/2020;09:00:00;-0.417
-5.925;107.025;19/02/2020;10:00:00;-0.467
-5.925;107.025;19/02/2020;11:00:00;-0.466
-5.925;107.025;19/02/2020;12:00:00;-0.422
-5.925;107.025;19/02/2020;13:00:00;-0.351
-5.925;107.025;19/02/2020;14:00:00;-0.267
-5.925;107.025;19/02/2020;15:00:00;-0.185
-5.925;107.025;19/02/2020;16:00:00;-0.115
-5.925;107.025;19/02/2020;17:00:00;-0.059
-5.925;107.025;19/02/2020;18:00:00;-0.012
-5.925;107.025;19/02/2020;19:00:00;0.032
-5.925;107.025;19/02/2020;20:00:00;0.084
-5.925;107.025;19/02/2020;21:00:00;0.149
-5.925;107.025;19/02/2020;22:00:00;0.228
-5.925;107.025;19/02/2020;23:00:00;0.314
-5.925;107.025;20/02/2020;00:00:00;0.395
-5.925;107.025;20/02/2020;01:00:00;0.454
-5.925;107.025;20/02/2020;02:00:00;0.475
-5.925;107.025;20/02/2020;03:00:00;0.448
-5.925;107.025;20/02/2020;04:00:00;0.369
-5.925;107.025;20/02/2020;05:00:00;0.243
-5.925;107.025;20/02/2020;06:00:00;0.086
-5.925;107.025;20/02/2020;07:00:00;-0.081
-5.925;107.025;20/02/2020;08:00:00;-0.236
-5.925;107.025;20/02/2020;09:00:00;-0.359
-5.925;107.025;20/02/2020;10:00:00;-0.434
-5.925;107.025;20/02/2020;11:00:00;-0.459
-5.925;107.025;20/02/2020;12:00:00;-0.436
-5.925;107.025;20/02/2020;13:00:00;-0.379
-5.925;107.025;20/02/2020;14:00:00;-0.304
-5.925;107.025;20/02/2020;15:00:00;-0.225
-5.925;107.025;20/02/2020;16:00:00;-0.155
-5.925;107.025;20/02/2020;17:00:00;-0.099
-5.925;107.025;20/02/2020;18:00:00;-0.054
-5.925;107.025;20/02/2020;19:00:00;-0.014
-5.925;107.025;20/02/2020;20:00:00;0.031
-5.925;107.025;20/02/2020;21:00:00;0.089
-5.925;107.025;20/02/2020;22:00:00;0.164
-5.925;107.025;20/02/2020;23:00:00;0.252
-5.925;107.025;21/02/2020;00:00:00;0.341
-5.925;107.025;21/02/2020;01:00:00;0.417
-5.925;107.025;21/02/2020;02:00:00;0.463
-5.925;107.025;21/02/2020;03:00:00;0.465
-5.925;107.025;21/02/2020;04:00:00;0.415
-5.925;107.025;21/02/2020;05:00:00;0.314
-5.925;107.025;21/02/2020;06:00:00;0.175
-5.925;107.025;21/02/2020;07:00:00;0.014
-5.925;107.025;21/02/2020;08:00:00;-0.144
-5.925;107.025;21/02/2020;09:00:00;-0.28
-5.925;107.025;21/02/2020;10:00:00;-0.375
-5.925;107.025;21/02/2020;11:00:00;-0.422
-5.925;107.025;21/02/2020;12:00:00;-0.422
-5.925;107.025;21/02/2020;13:00:00;-0.384
-5.925;107.025;21/02/2020;14:00:00;-0.321
-5.925;107.025;21/02/2020;15:00:00;-0.25
-5.925;107.025;21/02/2020;16:00:00;-0.184
-5.925;107.025;21/02/2020;17:00:00;-0.13
-5.925;107.025;21/02/2020;18:00:00;-0.088
-5.925;107.025;21/02/2020;19:00:00;-0.052
-5.925;107.025;21/02/2020;20:00:00;-0.014
-5.925;107.025;21/02/2020;21:00:00;0.036
-5.925;107.025;21/02/2020;22:00:00;0.102
-5.925;107.025;21/02/2020;23:00:00;0.185
-5.925;107.025;22/02/2020;00:00:00;0.275
-5.925;107.025;22/02/2020;01:00:00;0.36
-5.925;107.025;22/02/2020;02:00:00;0.423
-5.925;107.025;22/02/2020;03:00:00;0.448
-5.925;107.025;22/02/2020;04:00:00;0.426
-5.925;107.025;22/02/2020;05:00:00;0.353
-5.925;107.025;22/02/2020;06:00:00;0.238
-5.925;107.025;22/02/2020;07:00:00;0.094
-5.925;107.025;22/02/2020;08:00:00;-0.057
-5.925;107.025;22/02/2020;09:00:00;-0.195
-5.925;107.025;22/02/2020;10:00:00;-0.301
-5.925;107.025;22/02/2020;11:00:00;-0.365
-5.925;107.025;22/02/2020;12:00:00;-0.385
-5.925;107.025;22/02/2020;13:00:00;-0.365
-5.925;107.025;22/02/2020;14:00:00;-0.317
-5.925;107.025;22/02/2020;15:00:00;-0.257
-5.925;107.025;22/02/2020;16:00:00;-0.198
-5.925;107.025;22/02/2020;17:00:00;-0.147
-5.925;107.025;22/02/2020;18:00:00;-0.108
-5.925;107.025;22/02/2020;19:00:00;-0.077
-5.925;107.025;22/02/2020;20:00:00;-0.046
-5.925;107.025;22/02/2020;21:00:00;-0.006
-5.925;107.025;22/02/2020;22:00:00;0.049
-5.925;107.025;22/02/2020;23:00:00;0.122
-5.925;107.025;23/02/2020;00:00:00;0.206
-5.925;107.025;23/02/2020;01:00:00;0.291
-5.925;107.025;23/02/2020;02:00:00;0.361
-5.925;107.025;23/02/2020;03:00:00;0.403
-5.925;107.025;23/02/2020;04:00:00;0.403
-5.925;107.025;23/02/2020;05:00:00;0.357
-5.925;107.025;23/02/2020;06:00:00;0.268
-5.925;107.025;23/02/2020;07:00:00;0.148
-5.925;107.025;23/02/2020;08:00:00;0.013
-5.925;107.025;23/02/2020;09:00:00;-0.117
-5.925;107.025;23/02/2020;10:00:00;-0.225
-5.925;107.025;23/02/2020;11:00:00;-0.297
-5.925;107.025;23/02/2020;12:00:00;-0.33
-5.925;107.025;23/02/2020;13:00:00;-0.326
-5.925;107.025;23/02/2020;14:00:00;-0.293
-5.925;107.025;23/02/2020;15:00:00;-0.245
-5.925;107.025;23/02/2020;16:00:00;-0.193
-5.925;107.025;23/02/2020;17:00:00;-0.148
-5.925;107.025;23/02/2020;18:00:00;-0.112
-5.925;107.025;23/02/2020;19:00:00;-0.086
-5.925;107.025;23/02/2020;20:00:00;-0.061
-5.925;107.025;23/02/2020;21:00:00;-0.031
-5.925;107.025;23/02/2020;22:00:00;0.012
-5.925;107.025;23/02/2020;23:00:00;0.07
-5.925;107.025;24/02/2020;00:00:00;0.141
-5.925;107.025;24/02/2020;01:00:00;0.218
-5.925;107.025;24/02/2020;02:00:00;0.287
-5.925;107.025;24/02/2020;03:00:00;0.335
-5.925;107.025;24/02/2020;04:00:00;0.35
-5.925;107.025;24/02/2020;05:00:00;0.326
-5.925;107.025;24/02/2020;06:00:00;0.264
-5.925;107.025;24/02/2020;07:00:00;0.17
-5.925;107.025;24/02/2020;08:00:00;0.058
-5.925;107.025;24/02/2020;09:00:00;-0.056
-5.925;107.025;24/02/2020;10:00:00;-0.155
-5.925;107.025;24/02/2020;11:00:00;-0.228
-5.925;107.025;24/02/2020;12:00:00;-0.267
-5.925;107.025;24/02/2020;13:00:00;-0.273
-5.925;107.025;24/02/2020;14:00:00;-0.252
-5.925;107.025;24/02/2020;15:00:00;-0.214
-5.925;107.025;24/02/2020;16:00:00;-0.17
-5.925;107.025;24/02/2020;17:00:00;-0.13
-5.925;107.025;24/02/2020;18:00:00;-0.099
-5.925;107.025;24/02/2020;19:00:00;-0.075
-5.925;107.025;24/02/2020;20:00:00;-0.057
-5.925;107.025;24/02/2020;21:00:00;-0.036
-5.925;107.025;24/02/2020;22:00:00;-0.006
-5.925;107.025;24/02/2020;23:00:00;0.036
-5.925;107.025;25/02/2020;00:00:00;0.09
-5.925;107.025;25/02/2020;01:00:00;0.15
-5.925;107.025;25/02/2020;02:00:00;0.209
-5.925;107.025;25/02/2020;03:00:00;0.253
-5.925;107.025;25/02/2020;04:00:00;0.275
-5.925;107.025;25/02/2020;05:00:00;0.265
-5.925;107.025;25/02/2020;06:00:00;0.224
-5.925;107.025;25/02/2020;07:00:00;0.156
-5.925;107.025;25/02/2020;08:00:00;0.07
-5.925;107.025;25/02/2020;09:00:00;-0.021
-5.925;107.025;25/02/2020;10:00:00;-0.103
-5.925;107.025;25/02/2020;11:00:00;-0.166
-5.925;107.025;25/02/2020;12:00:00;-0.203
-5.925;107.025;25/02/2020;13:00:00;-0.212
-5.925;107.025;25/02/2020;14:00:00;-0.199
-5.925;107.025;25/02/2020;15:00:00;-0.169
-5.925;107.025;25/02/2020;16:00:00;-0.133
-5.925;107.025;25/02/2020;17:00:00;-0.098
-5.925;107.025;25/02/2020;18:00:00;-0.069
-5.925;107.025;25/02/2020;19:00:00;-0.048
-5.925;107.025;25/02/2020;20:00:00;-0.033
-5.925;107.025;25/02/2020;21:00:00;-0.019
-5.925;107.025;25/02/2020;22:00:00;-0.001
-5.925;107.025;25/02/2020;23:00:00;0.024
-5.925;107.025;26/02/2020;00:00:00;0.058
-5.925;107.025;26/02/2020;01:00:00;0.098
-5.925;107.025;26/02/2020;02:00:00;0.138
-5.925;107.025;26/02/2020;03:00:00;0.17
-5.925;107.025;26/02/2020;04:00:00;0.186
-5.925;107.025;26/02/2020;05:00:00;0.182
-5.925;107.025;26/02/2020;06:00:00;0.155
-5.925;107.025;26/02/2020;07:00:00;0.109
-5.925;107.025;26/02/2020;08:00:00;0.048
-5.925;107.025;26/02/2020;09:00:00;-0.016
-5.925;107.025;26/02/2020;10:00:00;-0.076
-5.925;107.025;26/02/2020;11:00:00;-0.121
-5.925;107.025;26/02/2020;12:00:00;-0.148
-5.925;107.025;26/02/2020;13:00:00;-0.154
-5.925;107.025;26/02/2020;14:00:00;-0.142
-5.925;107.025;26/02/2020;15:00:00;-0.117
-5.925;107.025;26/02/2020;16:00:00;-0.086
-5.925;107.025;26/02/2020;17:00:00;-0.055
-5.925;107.025;26/02/2020;18:00:00;-0.029
-5.925;107.025;26/02/2020;19:00:00;-0.009
-5.925;107.025;26/02/2020;20:00:00;0.005
-5.925;107.025;26/02/2020;21:00:00;0.015
-5.925;107.025;26/02/2020;22:00:00;0.025
-5.925;107.025;26/02/2020;23:00:00;0.038
-5.925;107.025;27/02/2020;00:00:00;0.053
-5.925;107.025;27/02/2020;01:00:00;0.071
-5.925;107.025;27/02/2020;02:00:00;0.087
-5.925;107.025;27/02/2020;03:00:00;0.099
-5.925;107.025;27/02/2020;04:00:00;0.101
-5.925;107.025;27/02/2020;05:00:00;0.091
-5.925;107.025;27/02/2020;06:00:00;0.068
-5.925;107.025;27/02/2020;07:00:00;0.036
-5.925;107.025;27/02/2020;08:00:00;-0.003
-5.925;107.025;27/02/2020;09:00:00;-0.043
-5.925;107.025;27/02/2020;10:00:00;-0.077
-5.925;107.025;27/02/2020;11:00:00;-0.1
-5.925;107.025;27/02/2020;12:00:00;-0.11
-5.925;107.025;27/02/2020;13:00:00;-0.106
-5.925;107.025;27/02/2020;14:00:00;-0.09
-5.925;107.025;27/02/2020;15:00:00;-0.066
-5.925;107.025;27/02/2020;16:00:00;-0.038
-5.925;107.025;27/02/2020;17:00:00;-0.01
-5.925;107.025;27/02/2020;18:00:00;0.015
-5.925;107.025;27/02/2020;19:00:00;0.035
-5.925;107.025;27/02/2020;20:00:00;0.05
-5.925;107.025;27/02/2020;21:00:00;0.061
-5.925;107.025;27/02/2020;22:00:00;0.068
-5.925;107.025;27/02/2020;23:00:00;0.072
-5.925;107.025;28/02/2020;00:00:00;0.073
-5.925;107.025;28/02/2020;01:00:00;0.071
-5.925;107.025;28/02/2020;02:00:00;0.064
-5.925;107.025;28/02/2020;03:00:00;0.051
-5.925;107.025;28/02/2020;04:00:00;0.032
-5.925;107.025;28/02/2020;05:00:00;0.007
-5.925;107.025;28/02/2020;06:00:00;-0.022
-5.925;107.025;28/02/2020;07:00:00;-0.051
-5.925;107.025;28/02/2020;08:00:00;-0.076
-5.925;107.025;28/02/2020;09:00:00;-0.096
-5.925;107.025;28/02/2020;10:00:00;-0.106
-5.925;107.025;28/02/2020;11:00:00;-0.105
-5.925;107.025;28/02/2020;12:00:00;-0.094
-5.925;107.025;28/02/2020;13:00:00;-0.075
-5.925;107.025;28/02/2020;14:00:00;-0.05
-5.925;107.025;28/02/2020;15:00:00;-0.022
-5.925;107.025;28/02/2020;16:00:00;0.006
-5.925;107.025;28/02/2020;17:00:00;0.032
-5.925;107.025;28/02/2020;18:00:00;0.056
-5.925;107.025;28/02/2020;19:00:00;0.077
-5.925;107.025;28/02/2020;20:00:00;0.094
-5.925;107.025;28/02/2020;21:00:00;0.108
-5.925;107.025;28/02/2020;22:00:00;0.117
-5.925;107.025;28/02/2020;23:00:00;0.119
-5.925;107.025;29/02/2020;00:00:00;0.112
-5.925;107.025;29/02/2020;01:00:00;0.096
-5.925;107.025;29/02/2020;02:00:00;0.069
-5.925;107.025;29/02/2020;03:00:00;0.033
-5.925;107.025;29/02/2020;04:00:00;-0.011
-5.925;107.025;29/02/2020;05:00:00;-0.057
-5.925;107.025;29/02/2020;06:00:00;-0.1
-5.925;107.025;29/02/2020;07:00:00;-0.135
-5.925;107.025;29/02/2020;08:00:00;-0.158
-5.925;107.025;29/02/2020;09:00:00;-0.165
-5.925;107.025;29/02/2020;10:00:00;-0.157
-5.925;107.025;29/02/2020;11:00:00;-0.134
-5.925;107.025;29/02/2020;12:00:00;-0.102
-5.925;107.025;29/02/2020;13:00:00;-0.065
-5.925;107.025;29/02/2020;14:00:00;-0.027
-5.925;107.025;29/02/2020;15:00:00;0.008
-5.925;107.025;29/02/2020;16:00:00;0.04
-5.925;107.025;29/02/2020;17:00:00;0.066
-5.925;107.025;29/02/2020;18:00:00;0.09
-5.925;107.025;29/02/2020;19:00:00;0.112
-5.925;107.025;29/02/2020;20:00:00;0.132
-5.925;107.025;29/02/2020;21:00:00;0.151
-5.925;107.025;29/02/2020;22:00:00;0.164
-5.925;107.025;29/02/2020;23:00:00;0.17
-5.925;107.025;01/03/2020;00:00:00;0.163
-5.925;107.025;01/03/2020;01:00:00;0.14
-5.925;107.025;01/03/2020;02:00:00;0.099
-5.925;107.025;01/03/2020;03:00:00;0.044
-5.925;107.025;01/03/2020;04:00:00;-0.023
-5.925;107.025;01/03/2020;05:00:00;-0.093
-5.925;107.025;01/03/2020;06:00:00;-0.157
-5.925;107.025;01/03/2020;07:00:00;-0.207
-5.925;107.025;01/03/2020;08:00:00;-0.236
-5.925;107.025;01/03/2020;09:00:00;-0.241
-5.925;107.025;01/03/2020;10:00:00;-0.222
-5.925;107.025;01/03/2020;11:00:00;-0.184
-5.925;107.025;01/03/2020;12:00:00;-0.133
-5.925;107.025;01/03/2020;13:00:00;-0.077
-5.925;107.025;01/03/2020;14:00:00;-0.023
-5.925;107.025;01/03/2020;15:00:00;0.023
-5.925;107.025;01/03/2020;16:00:00;0.061
-5.925;107.025;01/03/2020;17:00:00;0.091
-5.925;107.025;01/03/2020;18:00:00;0.116
-5.925;107.025;01/03/2020;19:00:00;0.139
-5.925;107.025;01/03/2020;20:00:00;0.163
-5.925;107.025;01/03/2020;21:00:00;0.186
-5.925;107.025;01/03/2020;22:00:00;0.207
-5.925;107.025;01/03/2020;23:00:00;0.22
-5.925;107.025;02/03/2020;00:00:00;0.217
-5.925;107.025;02/03/2020;01:00:00;0.194
-5.925;107.025;02/03/2020;02:00:00;0.147
-5.925;107.025;02/03/2020;03:00:00;0.078
-5.925;107.025;02/03/2020;04:00:00;-0.008
-5.925;107.025;02/03/2020;05:00:00;-0.1
-5.925;107.025;02/03/2020;06:00:00;-0.188
-5.925;107.025;02/03/2020;07:00:00;-0.258
-5.925;107.025;02/03/2020;08:00:00;-0.301
-5.925;107.025;02/03/2020;09:00:00;-0.313
-5.925;107.025;02/03/2020;10:00:00;-0.293
-5.925;107.025;02/03/2020;11:00:00;-0.246
-5.925;107.025;02/03/2020;12:00:00;-0.182
-5.925;107.025;02/03/2020;13:00:00;-0.11
-5.925;107.025;02/03/2020;14:00:00;-0.041
-5.925;107.025;02/03/2020;15:00:00;0.018
-5.925;107.025;02/03/2020;16:00:00;0.066
-5.925;107.025;02/03/2020;17:00:00;0.102
-5.925;107.025;02/03/2020;18:00:00;0.131
-5.925;107.025;02/03/2020;19:00:00;0.158
-5.925;107.025;02/03/2020;20:00:00;0.186
-5.925;107.025;02/03/2020;21:00:00;0.216
-5.925;107.025;02/03/2020;22:00:00;0.245
-5.925;107.025;02/03/2020;23:00:00;0.266
-5.925;107.025;03/03/2020;00:00:00;0.272
-5.925;107.025;03/03/2020;01:00:00;0.254
-5.925;107.025;03/03/2020;02:00:00;0.207
-5.925;107.025;03/03/2020;03:00:00;0.131
-5.925;107.025;03/03/2020;04:00:00;0.031
-5.925;107.025;03/03/2020;05:00:00;-0.081
-5.925;107.025;03/03/2020;06:00:00;-0.191
-5.925;107.025;03/03/2020;07:00:00;-0.285
-5.925;107.025;03/03/2020;08:00:00;-0.349
-5.925;107.025;03/03/2020;09:00:00;-0.375
-5.925;107.025;03/03/2020;10:00:00;-0.362
-5.925;107.025;03/03/2020;11:00:00;-0.316
-5.925;107.025;03/03/2020;12:00:00;-0.245
-5.925;107.025;03/03/2020;13:00:00;-0.162
-5.925;107.025;03/03/2020;14:00:00;-0.08
-5.925;107.025;03/03/2020;15:00:00;-0.007
-5.925;107.025;03/03/2020;16:00:00;0.051
-5.925;107.025;03/03/2020;17:00:00;0.096
-5.925;107.025;03/03/2020;18:00:00;0.132
-5.925;107.025;03/03/2020;19:00:00;0.164
-5.925;107.025;03/03/2020;20:00:00;0.199
-5.925;107.025;03/03/2020;21:00:00;0.237
-5.925;107.025;03/03/2020;22:00:00;0.276
-5.925;107.025;03/03/2020;23:00:00;0.309
-5.925;107.025;04/03/2020;00:00:00;0.326
-5.925;107.025;04/03/2020;01:00:00;0.317
-5.925;107.025;04/03/2020;02:00:00;0.276
-5.925;107.025;04/03/2020;03:00:00;0.199
-5.925;107.025;04/03/2020;04:00:00;0.091
-5.925;107.025;04/03/2020;05:00:00;-0.037
-5.925;107.025;04/03/2020;06:00:00;-0.168
-5.925;107.025;04/03/2020;07:00:00;-0.285
-5.925;107.025;04/03/2020;08:00:00;-0.373
-5.925;107.025;04/03/2020;09:00:00;-0.42
-5.925;107.025;04/03/2020;10:00:00;-0.422
-5.925;107.025;04/03/2020;11:00:00;-0.383
-5.925;107.025;04/03/2020;12:00:00;-0.314
-5.925;107.025;04/03/2020;13:00:00;-0.227
-5.925;107.025;04/03/2020;14:00:00;-0.137
-5.925;107.025;04/03/2020;15:00:00;-0.054
-5.925;107.025;04/03/2020;16:00:00;0.015
-5.925;107.025;04/03/2020;17:00:00;0.069
-5.925;107.025;04/03/2020;18:00:00;0.114
-5.925;107.025;04/03/2020;19:00:00;0.154
-5.925;107.025;04/03/2020;20:00:00;0.196
-5.925;107.025;04/03/2020;21:00:00;0.244
-5.925;107.025;04/03/2020;22:00:00;0.295
-5.925;107.025;04/03/2020;23:00:00;0.342
-5.925;107.025;05/03/2020;00:00:00;0.374
-5.925;107.025;05/03/2020;01:00:00;0.38
-5.925;107.025;05/03/2020;02:00:00;0.349
-5.925;107.025;05/03/2020;03:00:00;0.277
-5.925;107.025;05/03/2020;04:00:00;0.168
-5.925;107.025;05/03/2020;05:00:00;0.031
-5.925;107.025;05/03/2020;06:00:00;-0.117
-5.925;107.025;05/03/2020;07:00:00;-0.256
-5.925;107.025;05/03/2020;08:00:00;-0.368
-5.925;107.025;05/03/2020;09:00:00;-0.439
-5.925;107.025;05/03/2020;10:00:00;-0.462
-5.925;107.025;05/03/2020;11:00:00;-0.439
-5.925;107.025;05/03/2020;12:00:00;-0.379
-5.925;107.025;05/03/2020;13:00:00;-0.295
-5.925;107.025;05/03/2020;14:00:00;-0.202
-5.925;107.025;05/03/2020;15:00:00;-0.114
-5.925;107.025;05/03/2020;16:00:00;-0.038
-5.925;107.025;05/03/2020;17:00:00;0.023
-5.925;107.025;05/03/2020;18:00:00;0.074
-5.925;107.025;05/03/2020;19:00:00;0.121
-5.925;107.025;05/03/2020;20:00:00;0.171
-5.925;107.025;05/03/2020;21:00:00;0.228
-5.925;107.025;05/03/2020;22:00:00;0.292
-5.925;107.025;05/03/2020;23:00:00;0.354
-5.925;107.025;06/03/2020;00:00:00;0.405
-5.925;107.025;06/03/2020;01:00:00;0.429
-5.925;107.025;06/03/2020;02:00:00;0.416
-5.925;107.025;06/03/2020;03:00:00;0.358
-5.925;107.025;06/03/2020;04:00:00;0.256
-5.925;107.025;06/03/2020;05:00:00;0.118
-5.925;107.025;06/03/2020;06:00:00;-0.039
-5.925;107.025;06/03/2020;07:00:00;-0.195
-5.925;107.025;06/03/2020;08:00:00;-0.33
-5.925;107.025;06/03/2020;09:00:00;-0.425
-5.925;107.025;06/03/2020;10:00:00;-0.472
-5.925;107.025;06/03/2020;11:00:00;-0.47
-5.925;107.025;06/03/2020;12:00:00;-0.425
-5.925;107.025;06/03/2020;13:00:00;-0.35
-5.925;107.025;06/03/2020;14:00:00;-0.263
-5.925;107.025;06/03/2020;15:00:00;-0.175
-5.925;107.025;06/03/2020;16:00:00;-0.098
-5.925;107.025;06/03/2020;17:00:00;-0.035
-5.925;107.025;06/03/2020;18:00:00;0.018
-5.925;107.025;06/03/2020;19:00:00;0.068
-5.925;107.025;06/03/2020;20:00:00;0.121
-5.925;107.025;06/03/2020;21:00:00;0.184
-5.925;107.025;06/03/2020;22:00:00;0.256
-5.925;107.025;06/03/2020;23:00:00;0.333
-5.925;107.025;07/03/2020;00:00:00;0.402
-5.925;107.025;07/03/2020;01:00:00;0.448
-5.925;107.025;07/03/2020;02:00:00;0.459
-5.925;107.025;07/03/2020;03:00:00;0.422
-5.925;107.025;07/03/2020;04:00:00;0.337
-5.925;107.025;07/03/2020;05:00:00;0.21
-5.925;107.025;07/03/2020;06:00:00;0.054
-5.925;107.025;07/03/2020;07:00:00;-0.109
-5.925;107.025;07/03/2020;08:00:00;-0.258
-5.925;107.025;07/03/2020;09:00:00;-0.374
-5.925;107.025;07/03/2020;10:00:00;-0.443
-5.925;107.025;07/03/2020;11:00:00;-0.463
-5.925;107.025;07/03/2020;12:00:00;-0.437
-5.925;107.025;07/03/2020;13:00:00;-0.378
-5.925;107.025;07/03/2020;14:00:00;-0.3
-5.925;107.025;07/03/2020;15:00:00;-0.219
-5.925;107.025;07/03/2020;16:00:00;-0.147
-5.925;107.025;07/03/2020;17:00:00;-0.087
-5.925;107.025;07/03/2020;18:00:00;-0.038
-5.925;107.025;07/03/2020;19:00:00;0.007
-5.925;107.025;07/03/2020;20:00:00;0.055
-5.925;107.025;07/03/2020;21:00:00;0.115
-5.925;107.025;07/03/2020;22:00:00;0.188
-5.925;107.025;07/03/2020;23:00:00;0.271
-5.925;107.025;08/03/2020;00:00:00;0.353
-5.925;107.025;08/03/2020;01:00:00;0.42
-5.925;107.025;08/03/2020;02:00:00;0.455
-5.925;107.025;08/03/2020;03:00:00;0.447
-5.925;107.025;08/03/2020;04:00:00;0.389
-5.925;107.025;08/03/2020;05:00:00;0.285
-5.925;107.025;08/03/2020;06:00:00;0.145
-5.925;107.025;08/03/2020;07:00:00;-0.012
-5.925;107.025;08/03/2020;08:00:00;-0.163
-5.925;107.025;08/03/2020;09:00:00;-0.29
-5.925;107.025;08/03/2020;10:00:00;-0.376
-5.925;107.025;08/03/2020;11:00:00;-0.415
-5.925;107.025;08/03/2020;12:00:00;-0.408
-5.925;107.025;08/03/2020;13:00:00;-0.365
-5.925;107.025;08/03/2020;14:00:00;-0.3
-5.925;107.025;08/03/2020;15:00:00;-0.23
-5.925;107.025;08/03/2020;16:00:00;-0.165
-5.925;107.025;08/03/2020;17:00:00;-0.113
-5.925;107.025;08/03/2020;18:00:00;-0.074
-5.925;107.025;08/03/2020;19:00:00;-0.041
-5.925;107.025;08/03/2020;20:00:00;-0.006
-5.925;107.025;08/03/2020;21:00:00;0.039
-5.925;107.025;08/03/2020;22:00:00;0.101
-5.925;107.025;08/03/2020;23:00:00;0.177
-5.925;107.025;09/03/2020;00:00:00;0.261
-5.925;107.025;09/03/2020;01:00:00;0.338
-5.925;107.025;09/03/2020;02:00:00;0.393
-5.925;107.025;09/03/2020;03:00:00;0.413
-5.925;107.025;09/03/2020;04:00:00;0.387
-5.925;107.025;09/03/2020;05:00:00;0.315
-5.925;107.025;09/03/2020;06:00:00;0.205
-5.925;107.025;09/03/2020;07:00:00;0.071
-5.925;107.025;09/03/2020;08:00:00;-0.068
-5.925;107.025;09/03/2020;09:00:00;-0.191
-5.925;107.025;09/03/2020;10:00:00;-0.282
-5.925;107.025;09/03/2020;11:00:00;-0.332
-5.925;107.025;09/03/2020;12:00:00;-0.339
-5.925;107.025;09/03/2020;13:00:00;-0.31
-5.925;107.025;09/03/2020;14:00:00;-0.259
-5.925;107.025;09/03/2020;15:00:00;-0.199
-5.925;107.025;09/03/2020;16:00:00;-0.143
-5.925;107.025;09/03/2020;17:00:00;-0.1
-5.925;107.025;09/03/2020;18:00:00;-0.072
-5.925;107.025;09/03/2020;19:00:00;-0.054
-5.925;107.025;09/03/2020;20:00:00;-0.039
-5.925;107.025;09/03/2020;21:00:00;-0.016
-5.925;107.025;09/03/2020;22:00:00;0.022
-5.925;107.025;09/03/2020;23:00:00;0.077
-5.925;107.025;10/03/2020;00:00:00;0.144
-5.925;107.025;10/03/2020;01:00:00;0.216
-5.925;107.025;10/03/2020;02:00:00;0.277
-5.925;107.025;10/03/2020;03:00:00;0.315
-5.925;107.025;10/03/2020;04:00:00;0.318
-5.925;107.025;10/03/2020;05:00:00;0.281
-5.925;107.025;10/03/2020;06:00:00;0.209
-5.925;107.025;10/03/2020;07:00:00;0.11
-5.925;107.025;10/03/2020;08:00:00;0
-5.925;107.025;10/03/2020;09:00:00;-0.104
-5.925;107.025;10/03/2020;10:00:00;-0.185
-5.925;107.025;10/03/2020;11:00:00;-0.233
-5.925;107.025;10/03/2020;12:00:00;-0.245
-5.925;107.025;10/03/2020;13:00:00;-0.225
-5.925;107.025;10/03/2020;14:00:00;-0.183
-5.925;107.025;10/03/2020;15:00:00;-0.131
-5.925;107.025;10/03/2020;16:00:00;-0.082
-5.925;107.025;10/03/2020;17:00:00;-0.046
-5.925;107.025;10/03/2020;18:00:00;-0.026
-5.925;107.025;10/03/2020;19:00:00;-0.021
-5.925;107.025;10/03/2020;20:00:00;-0.025
-5.925;107.025;10/03/2020;21:00:00;-0.027
-5.925;107.025;10/03/2020;22:00:00;-0.02
-5.925;107.025;10/03/2020;23:00:00;0.002
-5.925;107.025;11/03/2020;00:00:00;0.039
-5.925;107.025;11/03/2020;01:00:00;0.086
-5.925;107.025;11/03/2020;02:00:00;0.134
-5.925;107.025;11/03/2020;03:00:00;0.172
-5.925;107.025;11/03/2020;04:00:00;0.19
-5.925;107.025;11/03/2020;05:00:00;0.181
-5.925;107.025;11/03/2020;06:00:00;0.145
-5.925;107.025;11/03/2020;07:00:00;0.086
-5.925;107.025;11/03/2020;08:00:00;0.015
-5.925;107.025;11/03/2020;09:00:00;-0.055
-5.925;107.025;11/03/2020;10:00:00;-0.112
-5.925;107.025;11/03/2020;11:00:00;-0.145
-5.925;107.025;11/03/2020;12:00:00;-0.152
-5.925;107.025;11/03/2020;13:00:00;-0.132
-5.925;107.025;11/03/2020;14:00:00;-0.093
-5.925;107.025;11/03/2020;15:00:00;-0.044
-5.925;107.025;11/03/2020;16:00:00;0.001
-5.925;107.025;11/03/2020;17:00:00;0.036
-5.925;107.025;11/03/2020;18:00:00;0.053
-5.925;107.025;11/03/2020;19:00:00;0.052
-5.925;107.025;11/03/2020;20:00:00;0.037
-5.925;107.025;11/03/2020;21:00:00;0.015
-5.925;107.025;11/03/2020;22:00:00;-0.006
-5.925;107.025;11/03/2020;23:00:00;-0.019
-5.925;107.025;12/03/2020;00:00:00;-0.021
-5.925;107.025;12/03/2020;01:00:00;-0.012
-5.925;107.025;12/03/2020;02:00:00;0.005
-5.925;107.025;12/03/2020;03:00:00;0.023
-5.925;107.025;12/03/2020;04:00:00;0.035
-5.925;107.025;12/03/2020;05:00:00;0.036
-5.925;107.025;12/03/2020;06:00:00;0.024
-5.925;107.025;12/03/2020;07:00:00;0
-5.925;107.025;12/03/2020;08:00:00;-0.031
-5.925;107.025;12/03/2020;09:00:00;-0.062
-5.925;107.025;12/03/2020;10:00:00;-0.084
-5.925;107.025;12/03/2020;11:00:00;-0.092
-5.925;107.025;12/03/2020;12:00:00;-0.082
-5.925;107.025;12/03/2020;13:00:00;-0.053
-5.925;107.025;12/03/2020;14:00:00;-0.011
-5.925;107.025;12/03/2020;15:00:00;0.037
-5.925;107.025;12/03/2020;16:00:00;0.084
-5.925;107.025;12/03/2020;17:00:00;0.121
-5.925;107.025;12/03/2020;18:00:00;0.142
-5.925;107.025;12/03/2020;19:00:00;0.145
-5.925;107.025;12/03/2020;20:00:00;0.13
-5.925;107.025;12/03/2020;21:00:00;0.101
-5.925;107.025;12/03/2020;22:00:00;0.063
-5.925;107.025;12/03/2020;23:00:00;0.022
-5.925;107.025;13/03/2020;00:00:00;-0.016
-5.925;107.025;13/03/2020;01:00:00;-0.048
-5.925;107.025;13/03/2020;02:00:00;-0.073
-5.925;107.025;13/03/2020;03:00:00;-0.092
-5.925;107.025;13/03/2020;04:00:00;-0.105
-5.925;107.025;13/03/2020;05:00:00;-0.115
-5.925;107.025;13/03/2020;06:00:00;-0.122
-5.925;107.025;13/03/2020;07:00:00;-0.127
-5.925;107.025;13/03/2020;08:00:00;-0.128
-5.925;107.025;13/03/2020;09:00:00;-0.123
-5.925;107.025;13/03/2020;10:00:00;-0.11
-5.925;107.025;13/03/2020;11:00:00;-0.086
-5.925;107.025;13/03/2020;12:00:00;-0.052
-5.925;107.025;13/03/2020;13:00:00;-0.009
-5.925;107.025;13/03/2020;14:00:00;0.041
-5.925;107.025;13/03/2020;15:00:00;0.094
-5.925;107.025;13/03/2020;16:00:00;0.143
-5.925;107.025;13/03/2020;17:00:00;0.185
-5.925;107.025;13/03/2020;18:00:00;0.214
-5.925;107.025;13/03/2020;19:00:00;0.227
-5.925;107.025;13/03/2020;20:00:00;0.223
-5.925;107.025;13/03/2020;21:00:00;0.201
-5.925;107.025;13/03/2020;22:00:00;0.163
-5.925;107.025;13/03/2020;23:00:00;0.113
-5.925;107.025;14/03/2020;00:00:00;0.052
-5.925;107.025;14/03/2020;01:00:00;-0.013
-5.925;107.025;14/03/2020;02:00:00;-0.079
-5.925;107.025;14/03/2020;03:00:00;-0.14
-5.925;107.025;14/03/2020;04:00:00;-0.192
-5.925;107.025;14/03/2020;05:00:00;-0.231
-5.925;107.025;14/03/2020;06:00:00;-0.254
-5.925;107.025;14/03/2020;07:00:00;-0.26
-5.925;107.025;14/03/2020;08:00:00;-0.248
-5.925;107.025;14/03/2020;09:00:00;-0.22
-5.925;107.025;14/03/2020;10:00:00;-0.178
-5.925;107.025;14/03/2020;11:00:00;-0.125
-5.925;107.025;14/03/2020;12:00:00;-0.066
-5.925;107.025;14/03/2020;13:00:00;-0.004
-5.925;107.025;14/03/2020;14:00:00;0.057
-5.925;107.025;14/03/2020;15:00:00;0.115
-5.925;107.025;14/03/2020;16:00:00;0.167
-5.925;107.025;14/03/2020;17:00:00;0.212
-5.925;107.025;14/03/2020;18:00:00;0.249
-5.925;107.025;14/03/2020;19:00:00;0.275
-5.925;107.025;14/03/2020;20:00:00;0.287
-5.925;107.025;14/03/2020;21:00:00;0.284
-5.925;107.025;14/03/2020;22:00:00;0.262
-5.925;107.025;14/03/2020;23:00:00;0.22
-5.925;107.025;15/03/2020;00:00:00;0.157
-5.925;107.025;15/03/2020;01:00:00;0.077
-5.925;107.025;15/03/2020;02:00:00;-0.015
-5.925;107.025;15/03/2020;03:00:00;-0.112
-5.925;107.025;15/03/2020;04:00:00;-0.204
-5.925;107.025;15/03/2020;05:00:00;-0.282
-5.925;107.025;15/03/2020;06:00:00;-0.337
-5.925;107.025;15/03/2020;07:00:00;-0.362
-5.925;107.025;15/03/2020;08:00:00;-0.357
-5.925;107.025;15/03/2020;09:00:00;-0.323
-5.925;107.025;15/03/2020;10:00:00;-0.265
-5.925;107.025;15/03/2020;11:00:00;-0.192
-5.925;107.025;15/03/2020;12:00:00;-0.113
-5.925;107.025;15/03/2020;13:00:00;-0.034
-5.925;107.025;15/03/2020;14:00:00;0.039
-5.925;107.025;15/03/2020;15:00:00;0.102
-5.925;107.025;15/03/2020;16:00:00;0.156
-5.925;107.025;15/03/2020;17:00:00;0.202
-5.925;107.025;15/03/2020;18:00:00;0.242
-5.925;107.025;15/03/2020;19:00:00;0.277
-5.925;107.025;15/03/2020;20:00:00;0.306
-5.925;107.025;15/03/2020;21:00:00;0.325
-5.925;107.025;15/03/2020;22:00:00;0.328
-5.925;107.025;15/03/2020;23:00:00;0.309
-5.925;107.025;16/03/2020;00:00:00;0.263
-5.925;107.025;16/03/2020;01:00:00;0.189
-5.925;107.025;16/03/2020;02:00:00;0.09
-5.925;107.025;16/03/2020;03:00:00;-0.026
-5.925;107.025;16/03/2020;04:00:00;-0.149
-5.925;107.025;16/03/2020;05:00:00;-0.262
-5.925;107.025;16/03/2020;06:00:00;-0.353
-5.925;107.025;16/03/2020;07:00:00;-0.41
-5.925;107.025;16/03/2020;08:00:00;-0.427
-5.925;107.025;16/03/2020;09:00:00;-0.404
-5.925;107.025;16/03/2020;10:00:00;-0.347
-5.925;107.025;16/03/2020;11:00:00;-0.266
-5.925;107.025;16/03/2020;12:00:00;-0.174
-5.925;107.025;16/03/2020;13:00:00;-0.083
-5.925;107.025;16/03/2020;14:00:00;-0.001
-5.925;107.025;16/03/2020;15:00:00;0.067
-5.925;107.025;16/03/2020;16:00:00;0.12
-5.925;107.025;16/03/2020;17:00:00;0.164
-5.925;107.025;16/03/2020;18:00:00;0.202
-5.925;107.025;16/03/2020;19:00:00;0.24
-5.925;107.025;16/03/2020;20:00:00;0.28
-5.925;107.025;16/03/2020;21:00:00;0.317
-5.925;107.025;16/03/2020;22:00:00;0.346
-5.925;107.025;16/03/2020;23:00:00;0.357
-5.925;107.025;17/03/2020;00:00:00;0.34
-5.925;107.025;17/03/2020;01:00:00;0.289
-5.925;107.025;17/03/2020;02:00:00;0.203
-5.925;107.025;17/03/2020;03:00:00;0.086
-5.925;107.025;17/03/2020;04:00:00;-0.049
-5.925;107.025;17/03/2020;05:00:00;-0.187
-5.925;107.025;17/03/2020;06:00:00;-0.309
-5.925;107.025;17/03/2020;07:00:00;-0.399
-5.925;107.025;17/03/2020;08:00:00;-0.446
-5.925;107.025;17/03/2020;09:00:00;-0.446
-5.925;107.025;17/03/2020;10:00:00;-0.402
-5.925;107.025;17/03/2020;11:00:00;-0.326
-5.925;107.025;17/03/2020;12:00:00;-0.232
-5.925;107.025;17/03/2020;13:00:00;-0.135
-5.925;107.025;17/03/2020;14:00:00;-0.048
-5.925;107.025;17/03/2020;15:00:00;0.022
-5.925;107.025;17/03/2020;16:00:00;0.075
-5.925;107.025;17/03/2020;17:00:00;0.113
-5.925;107.025;17/03/2020;18:00:00;0.146
-5.925;107.025;17/03/2020;19:00:00;0.181
-5.925;107.025;17/03/2020;20:00:00;0.222
-5.925;107.025;17/03/2020;21:00:00;0.27
-5.925;107.025;17/03/2020;22:00:00;0.318
-5.925;107.025;17/03/2020;23:00:00;0.357
-5.925;107.025;18/03/2020;00:00:00;0.372
-5.925;107.025;18/03/2020;01:00:00;0.353
-5.925;107.025;18/03/2020;02:00:00;0.293
-5.925;107.025;18/03/2020;03:00:00;0.194
-5.925;107.025;18/03/2020;04:00:00;0.063
-5.925;107.025;18/03/2020;05:00:00;-0.083
-5.925;107.025;18/03/2020;06:00:00;-0.224
-5.925;107.025;18/03/2020;07:00:00;-0.341
-5.925;107.025;18/03/2020;08:00:00;-0.417
-5.925;107.025;18/03/2020;09:00:00;-0.444
-5.925;107.025;18/03/2020;10:00:00;-0.423
-5.925;107.025;18/03/2020;11:00:00;-0.361
-5.925;107.025;18/03/2020;12:00:00;-0.274
-5.925;107.025;18/03/2020;13:00:00;-0.179
-5.925;107.025;18/03/2020;14:00:00;-0.091
-5.925;107.025;18/03/2020;15:00:00;-0.02
-5.925;107.025;18/03/2020;16:00:00;0.031
-5.925;107.025;18/03/2020;17:00:00;0.065
-5.925;107.025;18/03/2020;18:00:00;0.09
-5.925;107.025;18/03/2020;19:00:00;0.117
-5.925;107.025;18/03/2020;20:00:00;0.153
-5.925;107.025;18/03/2020;21:00:00;0.202
-5.925;107.025;18/03/2020;22:00:00;0.26
-5.925;107.025;18/03/2020;23:00:00;0.318
-5.925;107.025;19/03/2020;00:00:00;0.36
-5.925;107.025;19/03/2020;01:00:00;0.373
-5.925;107.025;19/03/2020;02:00:00;0.345
-5.925;107.025;19/03/2020;03:00:00;0.272
-5.925;107.025;19/03/2020;04:00:00;0.16
-5.925;107.025;19/03/2020;05:00:00;0.021
-5.925;107.025;19/03/2020;06:00:00;-0.125
-5.925;107.025;19/03/2020;07:00:00;-0.257
-5.925;107.025;19/03/2020;08:00:00;-0.355
-5.925;107.025;19/03/2020;09:00:00;-0.408
-5.925;107.025;19/03/2020;10:00:00;-0.41
-5.925;107.025;19/03/2020;11:00:00;-0.368
-5.925;107.025;19/03/2020;12:00:00;-0.295
-5.925;107.025;19/03/2020;13:00:00;-0.207
-5.925;107.025;19/03/2020;14:00:00;-0.121
-5.925;107.025;19/03/2020;15:00:00;-0.052
-5.925;107.025;19/03/2020;16:00:00;-0.003
-5.925;107.025;19/03/2020;17:00:00;0.026
-5.925;107.025;19/03/2020;18:00:00;0.044
-5.925;107.025;19/03/2020;19:00:00;0.061
-5.925;107.025;19/03/2020;20:00:00;0.088
-5.925;107.025;19/03/2020;21:00:00;0.131
-5.925;107.025;19/03/2020;22:00:00;0.19
-5.925;107.025;19/03/2020;23:00:00;0.256
-5.925;107.025;20/03/2020;00:00:00;0.316
-5.925;107.025;20/03/2020;01:00:00;0.353
-5.925;107.025;20/03/2020;02:00:00;0.355
-5.925;107.025;20/03/2020;03:00:00;0.313
-5.925;107.025;20/03/2020;04:00:00;0.227
-5.925;107.025;20/03/2020;05:00:00;0.106
-5.925;107.025;20/03/2020;06:00:00;-0.032
-5.925;107.025;20/03/2020;07:00:00;-0.167
-5.925;107.025;20/03/2020;08:00:00;-0.277
-5.925;107.025;20/03/2020;09:00:00;-0.348
-5.925;107.025;20/03/2020;10:00:00;-0.372
-5.925;107.025;20/03/2020;11:00:00;-0.35
-5.925;107.025;20/03/2020;12:00:00;-0.292
-5.925;107.025;20/03/2020;13:00:00;-0.216
-5.925;107.025;20/03/2020;14:00:00;-0.137
-5.925;107.025;20/03/2020;15:00:00;-0.07
-5.925;107.025;20/03/2020;16:00:00;-0.024
-5.925;107.025;20/03/2020;17:00:00;0.001
-5.925;107.025;20/03/2020;18:00:00;0.012
-5.925;107.025;20/03/2020;19:00:00;0.019
-5.925;107.025;20/03/2020;20:00:00;0.035
-5.925;107.025;20/03/2020;21:00:00;0.068
-5.925;107.025;20/03/2020;22:00:00;0.119
-5.925;107.025;20/03/2020;23:00:00;0.185
-5.925;107.025;21/03/2020;00:00:00;0.252
-5.925;107.025;21/03/2020;01:00:00;0.306
-5.925;107.025;21/03/2020;02:00:00;0.331
-5.925;107.025;21/03/2020;03:00:00;0.317
-5.925;107.025;21/03/2020;04:00:00;0.258
-5.925;107.025;21/03/2020;05:00:00;0.162
-5.925;107.025;21/03/2020;06:00:00;0.041
-5.925;107.025;21/03/2020;07:00:00;-0.086
-5.925;107.025;21/03/2020;08:00:00;-0.198
-5.925;107.025;21/03/2020;09:00:00;-0.278
-5.925;107.025;21/03/2020;10:00:00;-0.317
-5.925;107.025;21/03/2020;11:00:00;-0.311
-5.925;107.025;21/03/2020;12:00:00;-0.27
-5.925;107.025;21/03/2020;13:00:00;-0.206
-5.925;107.025;21/03/2020;14:00:00;-0.136
-5.925;107.025;21/03/2020;15:00:00;-0.074
-5.925;107.025;21/03/2020;16:00:00;-0.031
-5.925;107.025;21/03/2020;17:00:00;-0.01
-5.925;107.025;21/03/2020;18:00:00;-0.004
-5.925;107.025;21/03/2020;19:00:00;-0.006
-5.925;107.025;21/03/2020;20:00:00;-0.002
-5.925;107.025;21/03/2020;21:00:00;0.017
-5.925;107.025;21/03/2020;22:00:00;0.057
-5.925;107.025;21/03/2020;23:00:00;0.114
-5.925;107.025;22/03/2020;00:00:00;0.18
-5.925;107.025;22/03/2020;01:00:00;0.241
-5.925;107.025;22/03/2020;02:00:00;0.281
-5.925;107.025;22/03/2020;03:00:00;0.288
-5.925;107.025;22/03/2020;04:00:00;0.256
-5.925;107.025;22/03/2020;05:00:00;0.185
-5.925;107.025;22/03/2020;06:00:00;0.087
-5.925;107.025;22/03/2020;07:00:00;-0.024
-5.925;107.025;22/03/2020;08:00:00;-0.127
-5.925;107.025;22/03/2020;09:00:00;-0.208
-5.925;107.025;22/03/2020;10:00:00;-0.253
-5.925;107.025;22/03/2020;11:00:00;-0.259
-5.925;107.025;22/03/2020;12:00:00;-0.231
-5.925;107.025;22/03/2020;13:00:00;-0.178
-5.925;107.025;22/03/2020;14:00:00;-0.117
-5.925;107.025;22/03/2020;15:00:00;-0.062
-5.925;107.025;22/03/2020;16:00:00;-0.023
-5.925;107.025;22/03/2020;17:00:00;-0.005
-5.925;107.025;22/03/2020;18:00:00;-0.004
-5.925;107.025;22/03/2020;19:00:00;-0.014
-5.925;107.025;22/03/2020;20:00:00;-0.022
-5.925;107.025;22/03/2020;21:00:00;-0.017
-5.925;107.025;22/03/2020;22:00:00;0.006
-5.925;107.025;22/03/2020;23:00:00;0.049
-5.925;107.025;23/03/2020;00:00:00;0.106
-5.925;107.025;23/03/2020;01:00:00;0.164
-5.925;107.025;23/03/2020;02:00:00;0.21
-5.925;107.025;23/03/2020;03:00:00;0.232
-5.925;107.025;23/03/2020;04:00:00;0.221
-5.925;107.025;23/03/2020;05:00:00;0.176
-5.925;107.025;23/03/2020;06:00:00;0.103
-5.925;107.025;23/03/2020;07:00:00;0.015
-5.925;107.025;23/03/2020;08:00:00;-0.073
-5.925;107.025;23/03/2020;09:00:00;-0.145
-5.925;107.025;23/03/2020;10:00:00;-0.189
-5.925;107.025;23/03/2020;11:00:00;-0.199
-5.925;107.025;23/03/2020;12:00:00;-0.179
-5.925;107.025;23/03/2020;13:00:00;-0.136
-5.925;107.025;23/03/2020;14:00:00;-0.083
-5.925;107.025;23/03/2020;15:00:00;-0.034
-5.925;107.025;23/03/2020;16:00:00;0.001
-5.925;107.025;23/03/2020;17:00:00;0.016
-5.925;107.025;23/03/2020;18:00:00;0.012
-5.925;107.025;23/03/2020;19:00:00;-0.004
-5.925;107.025;23/03/2020;20:00:00;-0.023
-5.925;107.025;23/03/2020;21:00:00;-0.033
-5.925;107.025;23/03/2020;22:00:00;-0.028
-5.925;107.025;23/03/2020;23:00:00;-0.004
-5.925;107.025;24/03/2020;00:00:00;0.036
-5.925;107.025;24/03/2020;01:00:00;0.084
-5.925;107.025;24/03/2020;02:00:00;0.127
-5.925;107.025;24/03/2020;03:00:00;0.155
-5.925;107.025;24/03/2020;04:00:00;0.159
-5.925;107.025;24/03/2020;05:00:00;0.136
-5.925;107.025;24/03/2020;06:00:00;0.088
-5.925;107.025;24/03/2020;07:00:00;0.025
-5.925;107.025;24/03/2020;08:00:00;-0.041
-5.925;107.025;24/03/2020;09:00:00;-0.096
-5.925;107.025;24/03/2020;10:00:00;-0.131
-5.925;107.025;24/03/2020;11:00:00;-0.139
-5.925;107.025;24/03/2020;12:00:00;-0.122
-5.925;107.025;24/03/2020;13:00:00;-0.084
-5.925;107.025;24/03/2020;14:00:00;-0.037
-5.925;107.025;24/03/2020;15:00:00;0.007
-5.925;107.025;24/03/2020;16:00:00;0.039
-5.925;107.025;24/03/2020;17:00:00;0.052
-5.925;107.025;24/03/2020;18:00:00;0.045
-5.925;107.025;24/03/2020;19:00:00;0.024
-5.925;107.025;24/03/2020;20:00:00;-0.003
-5.925;107.025;24/03/2020;21:00:00;-0.028
-5.925;107.025;24/03/2020;22:00:00;-0.041
-5.925;107.025;24/03/2020;23:00:00;-0.038
-5.925;107.025;25/03/2020;00:00:00;-0.019
-5.925;107.025;25/03/2020;01:00:00;0.01
-5.925;107.025;25/03/2020;02:00:00;0.042
-5.925;107.025;25/03/2020;03:00:00;0.066
-5.925;107.025;25/03/2020;04:00:00;0.077
-5.925;107.025;25/03/2020;05:00:00;0.069
-5.925;107.025;25/03/2020;06:00:00;0.043
-5.925;107.025;25/03/2020;07:00:00;0.005
-5.925;107.025;25/03/2020;08:00:00;-0.035
-5.925;107.025;25/03/2020;09:00:00;-0.069
-5.925;107.025;25/03/2020;10:00:00;-0.088
-5.925;107.025;25/03/2020;11:00:00;-0.087
-5.925;107.025;25/03/2020;12:00:00;-0.066
-5.925;107.025;25/03/2020;13:00:00;-0.03
-5.925;107.025;25/03/2020;14:00:00;0.013
-5.925;107.025;25/03/2020;15:00:00;0.054
-5.925;107.025;25/03/2020;16:00:00;0.084
-5.925;107.025;25/03/2020;17:00:00;0.096
-5.925;107.025;25/03/2020;18:00:00;0.089
-5.925;107.025;25/03/2020;19:00:00;0.067
-5.925;107.025;25/03/2020;20:00:00;0.034
-5.925;107.025;25/03/2020;21:00:00;0
-5.925;107.025;25/03/2020;22:00:00;-0.028
-5.925;107.025;25/03/2020;23:00:00;-0.046
-5.925;107.025;26/03/2020;00:00:00;-0.051
-5.925;107.025;26/03/2020;01:00:00;-0.046
-5.925;107.025;26/03/2020;02:00:00;-0.034
-5.925;107.025;26/03/2020;03:00:00;-0.022
-5.925;107.025;26/03/2020;04:00:00;-0.015
-5.925;107.025;26/03/2020;05:00:00;-0.017
-5.925;107.025;26/03/2020;06:00:00;-0.027
-5.925;107.025;26/03/2020;07:00:00;-0.043
-5.925;107.025;26/03/2020;08:00:00;-0.059
-5.925;107.025;26/03/2020;09:00:00;-0.069
-5.925;107.025;26/03/2020;10:00:00;-0.067
-5.925;107.025;26/03/2020;11:00:00;-0.051
-5.925;107.025;26/03/2020;12:00:00;-0.022
-5.925;107.025;26/03/2020;13:00:00;0.018
-5.925;107.025;26/03/2020;14:00:00;0.061
-5.925;107.025;26/03/2020;15:00:00;0.1
-5.925;107.025;26/03/2020;16:00:00;0.129
-5.925;107.025;26/03/2020;17:00:00;0.142
-5.925;107.025;26/03/2020;18:00:00;0.137
-5.925;107.025;26/03/2020;19:00:00;0.116
-5.925;107.025;26/03/2020;20:00:00;0.084
-5.925;107.025;26/03/2020;21:00:00;0.046
-5.925;107.025;26/03/2020;22:00:00;0.007
-5.925;107.025;26/03/2020;23:00:00;-0.027
-5.925;107.025;27/03/2020;00:00:00;-0.054
-5.925;107.025;27/03/2020;01:00:00;-0.073
-5.925;107.025;27/03/2020;02:00:00;-0.085
-5.925;107.025;27/03/2020;03:00:00;-0.094
-5.925;107.025;27/03/2020;04:00:00;-0.1
-5.925;107.025;27/03/2020;05:00:00;-0.106
-5.925;107.025;27/03/2020;06:00:00;-0.111
-5.925;107.025;27/03/2020;07:00:00;-0.112
-5.925;107.025;27/03/2020;08:00:00;-0.108
-5.925;107.025;27/03/2020;09:00:00;-0.094
-5.925;107.025;27/03/2020;10:00:00;-0.071
-5.925;107.025;27/03/2020;11:00:00;-0.037
-5.925;107.025;27/03/2020;12:00:00;0.006
-5.925;107.025;27/03/2020;13:00:00;0.053
-5.925;107.025;27/03/2020;14:00:00;0.099
-5.925;107.025;27/03/2020;15:00:00;0.138
-5.925;107.025;27/03/2020;16:00:00;0.167
-5.925;107.025;27/03/2020;17:00:00;0.181
-5.925;107.025;27/03/2020;18:00:00;0.18
-5.925;107.025;27/03/2020;19:00:00;0.164
-5.925;107.025;27/03/2020;20:00:00;0.136
-5.925;107.025;27/03/2020;21:00:00;0.1
-5.925;107.025;27/03/2020;22:00:00;0.059
-5.925;107.025;27/03/2020;23:00:00;0.016
-5.925;107.025;28/03/2020;00:00:00;-0.027
-5.925;107.025;28/03/2020;01:00:00;-0.068
-5.925;107.025;28/03/2020;02:00:00;-0.105
-5.925;107.025;28/03/2020;03:00:00;-0.138
-5.925;107.025;28/03/2020;04:00:00;-0.165
-5.925;107.025;28/03/2020;05:00:00;-0.185
-5.925;107.025;28/03/2020;06:00:00;-0.194
-5.925;107.025;28/03/2020;07:00:00;-0.191
-5.925;107.025;28/03/2020;08:00:00;-0.174
-5.925;107.025;28/03/2020;09:00:00;-0.143
-5.925;107.025;28/03/2020;10:00:00;-0.099
-5.925;107.025;28/03/2020;11:00:00;-0.046
-5.925;107.025;28/03/2020;12:00:00;0.012
-5.925;107.025;28/03/2020;13:00:00;0.07
-5.925;107.025;28/03/2020;14:00:00;0.122
-5.925;107.025;28/03/2020;15:00:00;0.165
-5.925;107.025;28/03/2020;16:00:00;0.194
-5.925;107.025;28/03/2020;17:00:00;0.21
-5.925;107.025;28/03/2020;18:00:00;0.213
-5.925;107.025;28/03/2020;19:00:00;0.203
-5.925;107.025;28/03/2020;20:00:00;0.183
-5.925;107.025;28/03/2020;21:00:00;0.154
-5.925;107.025;28/03/2020;22:00:00;0.117
-5.925;107.025;28/03/2020;23:00:00;0.073
-5.925;107.025;29/03/2020;00:00:00;0.022
-5.925;107.025;29/03/2020;01:00:00;-0.034
-5.925;107.025;29/03/2020;02:00:00;-0.092
-5.925;107.025;29/03/2020;03:00:00;-0.15
-5.925;107.025;29/03/2020;04:00:00;-0.202
-5.925;107.025;29/03/2020;05:00:00;-0.242
-5.925;107.025;29/03/2020;06:00:00;-0.265
-5.925;107.025;29/03/2020;07:00:00;-0.268
-5.925;107.025;29/03/2020;08:00:00;-0.247
-5.925;107.025;29/03/2020;09:00:00;-0.206
-5.925;107.025;29/03/2020;10:00:00;-0.147
-5.925;107.025;29/03/2020;11:00:00;-0.076
-5.925;107.025;29/03/2020;12:00:00;-0.002
-5.925;107.025;29/03/2020;13:00:00;0.068
-5.925;107.025;29/03/2020;14:00:00;0.129
-5.925;107.025;29/03/2020;15:00:00;0.177
-5.925;107.025;29/03/2020;16:00:00;0.21
-5.925;107.025;29/03/2020;17:00:00;0.228
-5.925;107.025;29/03/2020;18:00:00;0.235
-5.925;107.025;29/03/2020;19:00:00;0.231
-5.925;107.025;29/03/2020;20:00:00;0.22
-5.925;107.025;29/03/2020;21:00:00;0.201
-5.925;107.025;29/03/2020;22:00:00;0.173
-5.925;107.025;29/03/2020;23:00:00;0.135
-5.925;107.025;30/03/2020;00:00:00;0.084
-5.925;107.025;30/03/2020;01:00:00;0.02
-5.925;107.025;30/03/2020;02:00:00;-0.053
-5.925;107.025;30/03/2020;03:00:00;-0.131
-5.925;107.025;30/03/2020;04:00:00;-0.207
-5.925;107.025;30/03/2020;05:00:00;-0.271
-5.925;107.025;30/03/2020;06:00:00;-0.315
-5.925;107.025;30/03/2020;07:00:00;-0.332
-5.925;107.025;30/03/2020;08:00:00;-0.318
-5.925;107.025;30/03/2020;09:00:00;-0.275
-5.925;107.025;30/03/2020;10:00:00;-0.208
-5.925;107.025;30/03/2020;11:00:00;-0.125
-5.925;107.025;30/03/2020;12:00:00;-0.037
-5.925;107.025;30/03/2020;13:00:00;0.047
-5.925;107.025;30/03/2020;14:00:00;0.119
-5.925;107.025;30/03/2020;15:00:00;0.174
-5.925;107.025;30/03/2020;16:00:00;0.212
-5.925;107.025;30/03/2020;17:00:00;0.235
-5.925;107.025;30/03/2020;18:00:00;0.246
-5.925;107.025;30/03/2020;19:00:00;0.249
-5.925;107.025;30/03/2020;20:00:00;0.247
-5.925;107.025;30/03/2020;21:00:00;0.24
-5.925;107.025;30/03/2020;22:00:00;0.224
-5.925;107.025;30/03/2020;23:00:00;0.195
-5.925;107.025;31/03/2020;00:00:00;0.15
-5.925;107.025;31/03/2020;01:00:00;0.087
-5.925;107.025;31/03/2020;02:00:00;0.005
-5.925;107.025;31/03/2020;03:00:00;-0.088
-5.925;107.025;31/03/2020;04:00:00;-0.185
-5.925;107.025;31/03/2020;05:00:00;-0.273
-5.925;107.025;31/03/2020;06:00:00;-0.341
-5.925;107.025;31/03/2020;07:00:00;-0.378
-5.925;107.025;31/03/2020;08:00:00;-0.379
-5.925;107.025;31/03/2020;09:00:00;-0.343
-5.925;107.025;31/03/2020;10:00:00;-0.275
-5.925;107.025;31/03/2020;11:00:00;-0.186
-5.925;107.025;31/03/2020;12:00:00;-0.088
-5.925;107.025;31/03/2020;13:00:00;0.007
-5.925;107.025;31/03/2020;14:00:00;0.09
-5.925;107.025;31/03/2020;15:00:00;0.155
-5.925;107.025;31/03/2020;16:00:00;0.2
-5.925;107.025;31/03/2020;17:00:00;0.229
-5.925;107.025;31/03/2020;18:00:00;0.246
-5.925;107.025;31/03/2020;19:00:00;0.257
-5.925;107.025;31/03/2020;20:00:00;0.264
-5.925;107.025;31/03/2020;21:00:00;0.268
-5.925;107.025;31/03/2020;22:00:00;0.266
-5.925;107.025;31/03/2020;23:00:00;0.251
-5.925;107.025;01/04/2020;00:00:00;0.217
-5.925;107.025;01/04/2020;01:00:00;0.159
-5.925;107.025;01/04/2020;02:00:00;0.076
-5.925;107.025;01/04/2020;03:00:00;-0.026
-5.925;107.025;01/04/2020;04:00:00;-0.138
-5.925;107.025;01/04/2020;05:00:00;-0.248
-5.925;107.025;01/04/2020;06:00:00;-0.34
-5.925;107.025;01/04/2020;07:00:00;-0.4
-5.925;107.025;01/04/2020;08:00:00;-0.421
-5.925;107.025;01/04/2020;09:00:00;-0.4
-5.925;107.025;01/04/2020;10:00:00;-0.34
-5.925;107.025;01/04/2020;11:00:00;-0.252
-5.925;107.025;01/04/2020;12:00:00;-0.15
-5.925;107.025;01/04/2020;13:00:00;-0.047
-5.925;107.025;01/04/2020;14:00:00;0.045
-5.925;107.025;01/04/2020;15:00:00;0.119
-5.925;107.025;01/04/2020;16:00:00;0.172
-5.925;107.025;01/04/2020;17:00:00;0.208
-5.925;107.025;01/04/2020;18:00:00;0.231
-5.925;107.025;01/04/2020;19:00:00;0.25
-5.925;107.025;01/04/2020;20:00:00;0.267
-5.925;107.025;01/04/2020;21:00:00;0.284
-5.925;107.025;01/04/2020;22:00:00;0.296
-5.925;107.025;01/04/2020;23:00:00;0.297
-5.925;107.025;02/04/2020;00:00:00;0.277
-5.925;107.025;02/04/2020;01:00:00;0.231
-5.925;107.025;02/04/2020;02:00:00;0.154
-5.925;107.025;02/04/2020;03:00:00;0.05
-5.925;107.025;02/04/2020;04:00:00;-0.072
-5.925;107.025;02/04/2020;05:00:00;-0.198
-5.925;107.025;02/04/2020;06:00:00;-0.311
-5.925;107.025;02/04/2020;07:00:00;-0.395
-5.925;107.025;02/04/2020;08:00:00;-0.439
-5.925;107.025;02/04/2020;09:00:00;-0.437
-5.925;107.025;02/04/2020;10:00:00;-0.392
-5.925;107.025;02/04/2020;11:00:00;-0.312
-5.925;107.025;02/04/2020;12:00:00;-0.212
-5.925;107.025;02/04/2020;13:00:00;-0.106
-5.925;107.025;02/04/2020;14:00:00;-0.01
-5.925;107.025;02/04/2020;15:00:00;0.069
-5.925;107.025;02/04/2020;16:00:00;0.128
-5.925;107.025;02/04/2020;17:00:00;0.169
-5.925;107.025;02/04/2020;18:00:00;0.198
-5.925;107.025;02/04/2020;19:00:00;0.223
-5.925;107.025;02/04/2020;20:00:00;0.249
-5.925;107.025;02/04/2020;21:00:00;0.277
-5.925;107.025;02/04/2020;22:00:00;0.305
-5.925;107.025;02/04/2020;23:00:00;0.323
-5.925;107.025;03/04/2020;00:00:00;0.322
-5.925;107.025;03/04/2020;01:00:00;0.293
-5.925;107.025;03/04/2020;02:00:00;0.23
-5.925;107.025;03/04/2020;03:00:00;0.132
-5.925;107.025;03/04/2020;04:00:00;0.009
-5.925;107.025;03/04/2020;05:00:00;-0.125
-5.925;107.025;03/04/2020;06:00:00;-0.254
-5.925;107.025;03/04/2020;07:00:00;-0.359
-5.925;107.025;03/04/2020;08:00:00;-0.425
-5.925;107.025;03/04/2020;09:00:00;-0.445
-5.925;107.025;03/04/2020;10:00:00;-0.417
-5.925;107.025;03/04/2020;11:00:00;-0.351
-5.925;107.025;03/04/2020;12:00:00;-0.259
-5.925;107.025;03/04/2020;13:00:00;-0.158
-5.925;107.025;03/04/2020;14:00:00;-0.062
-5.925;107.025;03/04/2020;15:00:00;0.017
-5.925;107.025;03/04/2020;16:00:00;0.077
-5.925;107.025;03/04/2020;17:00:00;0.118
-5.925;107.025;03/04/2020;18:00:00;0.147
-5.925;107.025;03/04/2020;19:00:00;0.173
-5.925;107.025;03/04/2020;20:00:00;0.203
-5.925;107.025;03/04/2020;21:00:00;0.239
-5.925;107.025;03/04/2020;22:00:00;0.28
-5.925;107.025;03/04/2020;23:00:00;0.316
-5.925;107.025;04/04/2020;00:00:00;0.336
-5.925;107.025;04/04/2020;01:00:00;0.329
-5.925;107.025;04/04/2020;02:00:00;0.287
-5.925;107.025;04/04/2020;03:00:00;0.206
-5.925;107.025;04/04/2020;04:00:00;0.093
-5.925;107.025;04/04/2020;05:00:00;-0.04
-5.925;107.025;04/04/2020;06:00:00;-0.175
-5.925;107.025;04/04/2020;07:00:00;-0.293
-5.925;107.025;04/04/2020;08:00:00;-0.376
-5.925;107.025;04/04/2020;09:00:00;-0.415
-5.925;107.025;04/04/2020;10:00:00;-0.407
-5.925;107.025;04/04/2020;11:00:00;-0.357
-5.925;107.025;04/04/2020;12:00:00;-0.277
-5.925;107.025;04/04/2020;13:00:00;-0.185
-5.925;107.025;04/04/2020;14:00:00;-0.096
-5.925;107.025;04/04/2020;15:00:00;-0.021
-5.925;107.025;04/04/2020;16:00:00;0.033
-5.925;107.025;04/04/2020;17:00:00;0.068
-5.925;107.025;04/04/2020;18:00:00;0.09
-5.925;107.025;04/04/2020;19:00:00;0.109
-5.925;107.025;04/04/2020;20:00:00;0.134
-5.925;107.025;04/04/2020;21:00:00;0.17
-5.925;107.025;04/04/2020;22:00:00;0.215
-5.925;107.025;04/04/2020;23:00:00;0.263
-5.925;107.025;05/04/2020;00:00:00;0.303
-5.925;107.025;05/04/2020;01:00:00;0.32
-5.925;107.025;05/04/2020;02:00:00;0.305
-5.925;107.025;05/04/2020;03:00:00;0.251
-5.925;107.025;05/04/2020;04:00:00;0.16
-5.925;107.025;05/04/2020;05:00:00;0.042
-5.925;107.025;05/04/2020;06:00:00;-0.086
-5.925;107.025;05/04/2020;07:00:00;-0.205
-5.925;107.025;05/04/2020;08:00:00;-0.298
-5.925;107.025;05/04/2020;09:00:00;-0.35
-5.925;107.025;05/04/2020;10:00:00;-0.357
-5.925;107.025;05/04/2020;11:00:00;-0.322
-5.925;107.025;05/04/2020;12:00:00;-0.256
-5.925;107.025;05/04/2020;13:00:00;-0.175
-5.925;107.025;05/04/2020;14:00:00;-0.094
-5.925;107.025;05/04/2020;15:00:00;-0.028
-5.925;107.025;05/04/2020;16:00:00;0.016
-5.925;107.025;05/04/2020;17:00:00;0.039
-5.925;107.025;05/04/2020;18:00:00;0.047
-5.925;107.025;05/04/2020;19:00:00;0.05
-5.925;107.025;05/04/2020;20:00:00;0.058
-5.925;107.025;05/04/2020;21:00:00;0.08
-5.925;107.025;05/04/2020;22:00:00;0.118
-5.925;107.025;05/04/2020;23:00:00;0.167
-5.925;107.025;06/04/2020;00:00:00;0.217
-5.925;107.025;06/04/2020;01:00:00;0.254
-5.925;107.025;06/04/2020;02:00:00;0.266
-5.925;107.025;06/04/2020;03:00:00;0.243
-5.925;107.025;06/04/2020;04:00:00;0.184
-5.925;107.025;06/04/2020;05:00:00;0.095
-5.925;107.025;06/04/2020;06:00:00;-0.011
-5.925;107.025;06/04/2020;07:00:00;-0.118
-5.925;107.025;06/04/2020;08:00:00;-0.205
-5.925;107.025;06/04/2020;09:00:00;-0.261
-5.925;107.025;06/04/2020;10:00:00;-0.276
-5.925;107.025;06/04/2020;11:00:00;-0.251
-5.925;107.025;06/04/2020;12:00:00;-0.196
-5.925;107.025;06/04/2020;13:00:00;-0.125
-5.925;107.025;06/04/2020;14:00:00;-0.053
-5.925;107.025;06/04/2020;15:00:00;0.005
-5.925;107.025;06/04/2020;16:00:00;0.04
-5.925;107.025;06/04/2020;17:00:00;0.049
-5.925;107.025;06/04/2020;18:00:00;0.039
-5.925;107.025;06/04/2020;19:00:00;0.019
-5.925;107.025;06/04/2020;20:00:00;0.002
-5.925;107.025;06/04/2020;21:00:00;-0.002
-5.925;107.025;06/04/2020;22:00:00;0.013
-5.925;107.025;06/04/2020;23:00:00;0.046
-5.925;107.025;07/04/2020;00:00:00;0.091
-5.925;107.025;07/04/2020;01:00:00;0.135
-5.925;107.025;07/04/2020;02:00:00;0.166
-5.925;107.025;07/04/2020;03:00:00;0.172
-5.925;107.025;07/04/2020;04:00:00;0.149
-5.925;107.025;07/04/2020;05:00:00;0.096
-5.925;107.025;07/04/2020;06:00:00;0.024
-5.925;107.025;07/04/2020;07:00:00;-0.055
-5.925;107.025;07/04/2020;08:00:00;-0.124
-5.925;107.025;07/04/2020;09:00:00;-0.169
-5.925;107.025;07/04/2020;10:00:00;-0.182
-5.925;107.025;07/04/2020;11:00:00;-0.16
-5.925;107.025;07/04/2020;12:00:00;-0.11
-5.925;107.025;07/04/2020;13:00:00;-0.044
-5.925;107.025;07/04/2020;14:00:00;0.022
-5.925;107.025;07/04/2020;15:00:00;0.075
-5.925;107.025;07/04/2020;16:00:00;0.104
-5.925;107.025;07/04/2020;17:00:00;0.104
-5.925;107.025;07/04/2020;18:00:00;0.078
-5.925;107.025;07/04/2020;19:00:00;0.036
-5.925;107.025;07/04/2020;20:00:00;-0.01
-5.925;107.025;07/04/2020;21:00:00;-0.047
-5.925;107.025;07/04/2020;22:00:00;-0.067
-5.925;107.025;07/04/2020;23:00:00;-0.065
-5.925;107.025;08/04/2020;00:00:00;-0.044
-5.925;107.025;08/04/2020;01:00:00;-0.011
-5.925;107.025;08/04/2020;02:00:00;0.023
-5.925;107.025;08/04/2020;03:00:00;0.046
-5.925;107.025;08/04/2020;04:00:00;0.05
-5.925;107.025;08/04/2020;05:00:00;0.034
-5.925;107.025;08/04/2020;06:00:00;0.001
-5.925;107.025;08/04/2020;07:00:00;-0.04
-5.925;107.025;08/04/2020;08:00:00;-0.078
-5.925;107.025;08/04/2020;09:00:00;-0.101
-5.925;107.025;08/04/2020;10:00:00;-0.1
-5.925;107.025;08/04/2020;11:00:00;-0.072
-5.925;107.025;08/04/2020;12:00:00;-0.021
-5.925;107.025;08/04/2020;13:00:00;0.045
-5.925;107.025;08/04/2020;14:00:00;0.111
-5.925;107.025;08/04/2020;15:00:00;0.164
-5.925;107.025;08/04/2020;16:00:00;0.193
-5.925;107.025;08/04/2020;17:00:00;0.191
-5.925;107.025;08/04/2020;18:00:00;0.16
-5.925;107.025;08/04/2020;19:00:00;0.104
-5.925;107.025;08/04/2020;20:00:00;0.035
-5.925;107.025;08/04/2020;21:00:00;-0.034
-5.925;107.025;08/04/2020;22:00:00;-0.092
-5.925;107.025;08/04/2020;23:00:00;-0.13
-5.925;107.025;09/04/2020;00:00:00;-0.147
-5.925;107.025;09/04/2020;01:00:00;-0.144
-5.925;107.025;09/04/2020;02:00:00;-0.129
-5.925;107.025;09/04/2020;03:00:00;-0.108
-5.925;107.025;09/04/2020;04:00:00;-0.091
-5.925;107.025;09/04/2020;05:00:00;-0.081
-5.925;107.025;09/04/2020;06:00:00;-0.08
-5.925;107.025;09/04/2020;07:00:00;-0.083
-5.925;107.025;09/04/2020;08:00:00;-0.084
-5.925;107.025;09/04/2020;09:00:00;-0.076
-5.925;107.025;09/04/2020;10:00:00;-0.053
-5.925;107.025;09/04/2020;11:00:00;-0.01
-5.925;107.025;09/04/2020;12:00:00;0.049
-5.925;107.025;09/04/2020;13:00:00;0.118
-5.925;107.025;09/04/2020;14:00:00;0.187
-5.925;107.025;09/04/2020;15:00:00;0.245
-5.925;107.025;09/04/2020;16:00:00;0.28
-5.925;107.025;09/04/2020;17:00:00;0.286
-5.925;107.025;09/04/2020;18:00:00;0.259
-5.925;107.025;09/04/2020;19:00:00;0.204
-5.925;107.025;09/04/2020;20:00:00;0.126
-5.925;107.025;09/04/2020;21:00:00;0.038
-5.925;107.025;09/04/2020;22:00:00;-0.049
-5.925;107.025;09/04/2020;23:00:00;-0.127
-5.925;107.025;10/04/2020;00:00:00;-0.186
-5.925;107.025;10/04/2020;01:00:00;-0.225
-5.925;107.025;10/04/2020;02:00:00;-0.245
-5.925;107.025;10/04/2020;03:00:00;-0.247
-5.925;107.025;10/04/2020;04:00:00;-0.238
-5.925;107.025;10/04/2020;05:00:00;-0.221
-5.925;107.025;10/04/2020;06:00:00;-0.2
-5.925;107.025;10/04/2020;07:00:00;-0.174
-5.925;107.025;10/04/2020;08:00:00;-0.142
-5.925;107.025;10/04/2020;09:00:00;-0.102
-5.925;107.025;10/04/2020;10:00:00;-0.051
-5.925;107.025;10/04/2020;11:00:00;0.011
-5.925;107.025;10/04/2020;12:00:00;0.082
-5.925;107.025;10/04/2020;13:00:00;0.158
-5.925;107.025;10/04/2020;14:00:00;0.232
-5.925;107.025;10/04/2020;15:00:00;0.296
-5.925;107.025;10/04/2020;16:00:00;0.34
-5.925;107.025;10/04/2020;17:00:00;0.358
-5.925;107.025;10/04/2020;18:00:00;0.346
-5.925;107.025;10/04/2020;19:00:00;0.304
-5.925;107.025;10/04/2020;20:00:00;0.235
-5.925;107.025;10/04/2020;21:00:00;0.147
-5.925;107.025;10/04/2020;22:00:00;0.047
-5.925;107.025;10/04/2020;23:00:00;-0.055
-5.925;107.025;11/04/2020;00:00:00;-0.15
-5.925;107.025;11/04/2020;01:00:00;-0.231
-5.925;107.025;11/04/2020;02:00:00;-0.292
-5.925;107.025;11/04/2020;03:00:00;-0.333
-5.925;107.025;11/04/2020;04:00:00;-0.351
-5.925;107.025;11/04/2020;05:00:00;-0.348
-5.925;107.025;11/04/2020;06:00:00;-0.326
-5.925;107.025;11/04/2020;07:00:00;-0.286
-5.925;107.025;11/04/2020;08:00:00;-0.233
-5.925;107.025;11/04/2020;09:00:00;-0.167
-5.925;107.025;11/04/2020;10:00:00;-0.091
-5.925;107.025;11/04/2020;11:00:00;-0.009
-5.925;107.025;11/04/2020;12:00:00;0.076
-5.925;107.025;11/04/2020;13:00:00;0.159
-5.925;107.025;11/04/2020;14:00:00;0.237
-5.925;107.025;11/04/2020;15:00:00;0.305
-5.925;107.025;11/04/2020;16:00:00;0.356
-5.925;107.025;11/04/2020;17:00:00;0.386
-5.925;107.025;11/04/2020;18:00:00;0.392
-5.925;107.025;11/04/2020;19:00:00;0.372
-5.925;107.025;11/04/2020;20:00:00;0.326
-5.925;107.025;11/04/2020;21:00:00;0.255
-5.925;107.025;11/04/2020;22:00:00;0.164
-5.925;107.025;11/04/2020;23:00:00;0.059
-5.925;107.025;12/04/2020;00:00:00;-0.053
-5.925;107.025;12/04/2020;01:00:00;-0.163
-5.925;107.025;12/04/2020;02:00:00;-0.262
-5.925;107.025;12/04/2020;03:00:00;-0.343
-5.925;107.025;12/04/2020;04:00:00;-0.399
-5.925;107.025;12/04/2020;05:00:00;-0.426
-5.925;107.025;12/04/2020;06:00:00;-0.422
-5.925;107.025;12/04/2020;07:00:00;-0.389
-5.925;107.025;12/04/2020;08:00:00;-0.329
-5.925;107.025;12/04/2020;09:00:00;-0.25
-5.925;107.025;12/04/2020;10:00:00;-0.158
-5.925;107.025;12/04/2020;11:00:00;-0.059
-5.925;107.025;12/04/2020;12:00:00;0.038
-5.925;107.025;12/04/2020;13:00:00;0.128
-5.925;107.025;12/04/2020;14:00:00;0.208
-5.925;107.025;12/04/2020;15:00:00;0.276
-5.925;107.025;12/04/2020;16:00:00;0.329
-5.925;107.025;12/04/2020;17:00:00;0.366
-5.925;107.025;12/04/2020;18:00:00;0.387
-5.925;107.025;12/04/2020;19:00:00;0.389
-5.925;107.025;12/04/2020;20:00:00;0.371
-5.925;107.025;12/04/2020;21:00:00;0.33
-5.925;107.025;12/04/2020;22:00:00;0.265
-5.925;107.025;12/04/2020;23:00:00;0.177
-5.925;107.025;13/04/2020;00:00:00;0.071
-5.925;107.025;13/04/2020;01:00:00;-0.048
-5.925;107.025;13/04/2020;02:00:00;-0.17
-5.925;107.025;13/04/2020;03:00:00;-0.283
-5.925;107.025;13/04/2020;04:00:00;-0.376
-5.925;107.025;13/04/2020;05:00:00;-0.44
-5.925;107.025;13/04/2020;06:00:00;-0.466
-5.925;107.025;13/04/2020;07:00:00;-0.454
-5.925;107.025;13/04/2020;08:00:00;-0.405
-5.925;107.025;13/04/2020;09:00:00;-0.326
-5.925;107.025;13/04/2020;10:00:00;-0.228
-5.925;107.025;13/04/2020;11:00:00;-0.121
-5.925;107.025;13/04/2020;12:00:00;-0.016
-5.925;107.025;13/04/2020;13:00:00;0.08
-5.925;107.025;13/04/2020;14:00:00;0.16
-5.925;107.025;13/04/2020;15:00:00;0.224
-5.925;107.025;13/04/2020;16:00:00;0.274
-5.925;107.025;13/04/2020;17:00:00;0.311
-5.925;107.025;13/04/2020;18:00:00;0.338
-5.925;107.025;13/04/2020;19:00:00;0.356
-5.925;107.025;13/04/2020;20:00:00;0.361
-5.925;107.025;13/04/2020;21:00:00;0.351
-5.925;107.025;13/04/2020;22:00:00;0.321
-5.925;107.025;13/04/2020;23:00:00;0.265
-5.925;107.025;14/04/2020;00:00:00;0.182
-5.925;107.025;14/04/2020;01:00:00;0.076
-5.925;107.025;14/04/2020;02:00:00;-0.048
-5.925;107.025;14/04/2020;03:00:00;-0.177
-5.925;107.025;14/04/2020;04:00:00;-0.297
-5.925;107.025;14/04/2020;05:00:00;-0.392
-5.925;107.025;14/04/2020;06:00:00;-0.453
-5.925;107.025;14/04/2020;07:00:00;-0.47
-5.925;107.025;14/04/2020;08:00:00;-0.442
-5.925;107.025;14/04/2020;09:00:00;-0.377
-5.925;107.025;14/04/2020;10:00:00;-0.283
-5.925;107.025;14/04/2020;11:00:00;-0.175
-5.925;107.025;14/04/2020;12:00:00;-0.067
-5.925;107.025;14/04/2020;13:00:00;0.03
-5.925;107.025;14/04/2020;14:00:00;0.109
-5.925;107.025;14/04/2020;15:00:00;0.168
-5.925;107.025;14/04/2020;16:00:00;0.21
-5.925;107.025;14/04/2020;17:00:00;0.241
-5.925;107.025;14/04/2020;18:00:00;0.265
-5.925;107.025;14/04/2020;19:00:00;0.287
-5.925;107.025;14/04/2020;20:00:00;0.308
-5.925;107.025;14/04/2020;21:00:00;0.322
-5.925;107.025;14/04/2020;22:00:00;0.323
-5.925;107.025;14/04/2020;23:00:00;0.303
-5.925;107.025;15/04/2020;00:00:00;0.254
-5.925;107.025;15/04/2020;01:00:00;0.174
-5.925;107.025;15/04/2020;02:00:00;0.067
-5.925;107.025;15/04/2020;03:00:00;-0.059
-5.925;107.025;15/04/2020;04:00:00;-0.189
-5.925;107.025;15/04/2020;05:00:00;-0.305
-5.925;107.025;15/04/2020;06:00:00;-0.393
-5.925;107.025;15/04/2020;07:00:00;-0.439
-5.925;107.025;15/04/2020;08:00:00;-0.439
-5.925;107.025;15/04/2020;09:00:00;-0.394
-5.925;107.025;15/04/2020;10:00:00;-0.313
-5.925;107.025;15/04/2020;11:00:00;-0.212
-5.925;107.025;15/04/2020;12:00:00;-0.106
-5.925;107.025;15/04/2020;13:00:00;-0.009
-5.925;107.025;15/04/2020;14:00:00;0.068
-5.925;107.025;15/04/2020;15:00:00;0.122
-5.925;107.025;15/04/2020;16:00:00;0.155
-5.925;107.025;15/04/2020;17:00:00;0.175
-5.925;107.025;15/04/2020;18:00:00;0.19
-5.925;107.025;15/04/2020;19:00:00;0.208
-5.925;107.025;15/04/2020;20:00:00;0.231
-5.925;107.025;15/04/2020;21:00:00;0.257
-5.925;107.025;15/04/2020;22:00:00;0.281
-5.925;107.025;15/04/2020;23:00:00;0.29
-5.925;107.025;16/04/2020;00:00:00;0.276
-5.925;107.025;16/04/2020;01:00:00;0.229
-5.925;107.025;16/04/2020;02:00:00;0.15
-5.925;107.025;16/04/2020;03:00:00;0.042
-5.925;107.025;16/04/2020;04:00:00;-0.082
-5.925;107.025;16/04/2020;05:00:00;-0.205
-5.925;107.025;16/04/2020;06:00:00;-0.309
-5.925;107.025;16/04/2020;07:00:00;-0.377
-5.925;107.025;16/04/2020;08:00:00;-0.401
-5.925;107.025;16/04/2020;09:00:00;-0.379
-5.925;107.025;16/04/2020;10:00:00;-0.316
-5.925;107.025;16/04/2020;11:00:00;-0.226
-5.925;107.025;16/04/2020;12:00:00;-0.127
-5.925;107.025;16/04/2020;13:00:00;-0.033
-5.925;107.025;16/04/2020;14:00:00;0.042
-5.925;107.025;16/04/2020;15:00:00;0.092
-5.925;107.025;16/04/2020;16:00:00;0.118
-5.925;107.025;16/04/2020;17:00:00;0.128
-5.925;107.025;16/04/2020;18:00:00;0.13
-5.925;107.025;16/04/2020;19:00:00;0.136
-5.925;107.025;16/04/2020;20:00:00;0.152
-5.925;107.025;16/04/2020;21:00:00;0.179
-5.925;107.025;16/04/2020;22:00:00;0.212
-5.925;107.025;16/04/2020;23:00:00;0.241
-5.925;107.025;17/04/2020;00:00:00;0.254
-5.925;107.025;17/04/2020;01:00:00;0.239
-5.925;107.025;17/04/2020;02:00:00;0.19
-5.925;107.025;17/04/2020;03:00:00;0.108
-5.925;107.025;17/04/2020;04:00:00;0.002
-5.925;107.025;17/04/2020;05:00:00;-0.113
-5.925;107.025;17/04/2020;06:00:00;-0.22
-5.925;107.025;17/04/2020;07:00:00;-0.301
-5.925;107.025;17/04/2020;08:00:00;-0.343
-5.925;107.025;17/04/2020;09:00:00;-0.34
-5.925;107.025;17/04/2020;10:00:00;-0.295
-5.925;107.025;17/04/2020;11:00:00;-0.219
-5.925;107.025;17/04/2020;12:00:00;-0.128
-5.925;107.025;17/04/2020;13:00:00;-0.04
-5.925;107.025;17/04/2020;14:00:00;0.032
-5.925;107.025;17/04/2020;15:00:00;0.079
-5.925;107.025;17/04/2020;16:00:00;0.1
-5.925;107.025;17/04/2020;17:00:00;0.1
-5.925;107.025;17/04/2020;18:00:00;0.09
-5.925;107.025;17/04/2020;19:00:00;0.082
-5.925;107.025;17/04/2020;20:00:00;0.084
-5.925;107.025;17/04/2020;21:00:00;0.103
-5.925;107.025;17/04/2020;22:00:00;0.134
-5.925;107.025;17/04/2020;23:00:00;0.171
-5.925;107.025;18/04/2020;00:00:00;0.2
-5.925;107.025;18/04/2020;01:00:00;0.21
-5.925;107.025;18/04/2020;02:00:00;0.189
-5.925;107.025;18/04/2020;03:00:00;0.136
-5.925;107.025;18/04/2020;04:00:00;0.054
-5.925;107.025;18/04/2020;05:00:00;-0.044
-5.925;107.025;18/04/2020;06:00:00;-0.143
-5.925;107.025;18/04/2020;07:00:00;-0.225
-5.925;107.025;18/04/2020;08:00:00;-0.276
-5.925;107.025;18/04/2020;09:00:00;-0.286
-5.925;107.025;18/04/2020;10:00:00;-0.256
-5.925;107.025;18/04/2020;11:00:00;-0.194
-5.925;107.025;18/04/2020;12:00:00;-0.113
-5.925;107.025;18/04/2020;13:00:00;-0.031
-5.925;107.025;18/04/2020;14:00:00;0.038
-5.925;107.025;18/04/2020;15:00:00;0.082
-5.925;107.025;18/04/2020;16:00:00;0.099
-5.925;107.025;18/04/2020;17:00:00;0.091
-5.925;107.025;18/04/2020;18:00:00;0.07
-5.925;107.025;18/04/2020;19:00:00;0.047
-5.925;107.025;18/04/2020;20:00:00;0.034
-5.925;107.025;18/04/2020;21:00:00;0.038
-5.925;107.025;18/04/2020;22:00:00;0.059
-5.925;107.025;18/04/2020;23:00:00;0.094
-5.925;107.025;19/04/2020;00:00:00;0.129
-5.925;107.025;19/04/2020;01:00:00;0.154
-5.925;107.025;19/04/2020;02:00:00;0.155
-5.925;107.025;19/04/2020;03:00:00;0.128
-5.925;107.025;19/04/2020;04:00:00;0.073
-5.925;107.025;19/04/2020;05:00:00;-0.003
-5.925;107.025;19/04/2020;06:00:00;-0.085
-5.925;107.025;19/04/2020;07:00:00;-0.159
-5.925;107.025;19/04/2020;08:00:00;-0.209
-5.925;107.025;19/04/2020;09:00:00;-0.225
-5.925;107.025;19/04/2020;10:00:00;-0.205
-5.925;107.025;19/04/2020;11:00:00;-0.153
-5.925;107.025;19/04/2020;12:00:00;-0.082
-5.925;107.025;19/04/2020;13:00:00;-0.007
-5.925;107.025;19/04/2020;14:00:00;0.057
-5.925;107.025;19/04/2020;15:00:00;0.099
-5.925;107.025;19/04/2020;16:00:00;0.112
-5.925;107.025;19/04/2020;17:00:00;0.099
-5.925;107.025;19/04/2020;18:00:00;0.068
-5.925;107.025;19/04/2020;19:00:00;0.031
-5.925;107.025;19/04/2020;20:00:00;0.001
-5.925;107.025;19/04/2020;21:00:00;-0.013
-5.925;107.025;19/04/2020;22:00:00;-0.007
-5.925;107.025;19/04/2020;23:00:00;0.016
-5.925;107.025;20/04/2020;00:00:00;0.049
-5.925;107.025;20/04/2020;01:00:00;0.08
-5.925;107.025;20/04/2020;02:00:00;0.096
-5.925;107.025;20/04/2020;03:00:00;0.091
-5.925;107.025;20/04/2020;04:00:00;0.061
-5.925;107.025;20/04/2020;05:00:00;0.01
-5.925;107.025;20/04/2020;06:00:00;-0.051
-5.925;107.025;20/04/2020;07:00:00;-0.108
-5.925;107.025;20/04/2020;08:00:00;-0.15
-5.925;107.025;20/04/2020;09:00:00;-0.164
-5.925;107.025;20/04/2020;10:00:00;-0.148
-5.925;107.025;20/04/2020;11:00:00;-0.103
-5.925;107.025;20/04/2020;12:00:00;-0.039
-5.925;107.025;20/04/2020;13:00:00;0.03
-5.925;107.025;20/04/2020;14:00:00;0.09
-5.925;107.025;20/04/2020;15:00:00;0.128
-5.925;107.025;20/04/2020;16:00:00;0.139
-5.925;107.025;20/04/2020;17:00:00;0.121
-5.925;107.025;20/04/2020;18:00:00;0.082
-5.925;107.025;20/04/2020;19:00:00;0.033
-5.925;107.025;20/04/2020;20:00:00;-0.014
-5.925;107.025;20/04/2020;21:00:00;-0.047
-5.925;107.025;20/04/2020;22:00:00;-0.061
-5.925;107.025;20/04/2020;23:00:00;-0.055
-5.925;107.025;21/04/2020;00:00:00;-0.033
-5.925;107.025;21/04/2020;01:00:00;-0.005
-5.925;107.025;21/04/2020;02:00:00;0.019
-5.925;107.025;21/04/2020;03:00:00;0.029
-5.925;107.025;21/04/2020;04:00:00;0.02
-5.925;107.025;21/04/2020;05:00:00;-0.005
-5.925;107.025;21/04/2020;06:00:00;-0.041
-5.925;107.025;21/04/2020;07:00:00;-0.078
-5.925;107.025;21/04/2020;08:00:00;-0.104
-5.925;107.025;21/04/2020;09:00:00;-0.11
-5.925;107.025;21/04/2020;10:00:00;-0.091
-5.925;107.025;21/04/2020;11:00:00;-0.048
-5.925;107.025;21/04/2020;12:00:00;0.011
-5.925;107.025;21/04/2020;13:00:00;0.075
-5.925;107.025;21/04/2020;14:00:00;0.132
-5.925;107.025;21/04/2020;15:00:00;0.168
-5.925;107.025;21/04/2020;16:00:00;0.177
-5.925;107.025;21/04/2020;17:00:00;0.157
-5.925;107.025;21/04/2020;18:00:00;0.113
-5.925;107.025;21/04/2020;19:00:00;0.054
-5.925;107.025;21/04/2020;20:00:00;-0.008
-5.925;107.025;21/04/2020;21:00:00;-0.061
-5.925;107.025;21/04/2020;22:00:00;-0.097
-5.925;107.025;21/04/2020;23:00:00;-0.112
-5.925;107.025;22/04/2020;00:00:00;-0.108
-5.925;107.025;22/04/2020;01:00:00;-0.091
-5.925;107.025;22/04/2020;02:00:00;-0.069
-5.925;107.025;22/04/2020;03:00:00;-0.052
-5.925;107.025;22/04/2020;04:00:00;-0.044
-5.925;107.025;22/04/2020;05:00:00;-0.047
-5.925;107.025;22/04/2020;06:00:00;-0.059
-5.925;107.025;22/04/2020;07:00:00;-0.072
-5.925;107.025;22/04/2020;08:00:00;-0.078
-5.925;107.025;22/04/2020;09:00:00;-0.07
-5.925;107.025;22/04/2020;10:00:00;-0.043
-5.925;107.025;22/04/2020;11:00:00;0.003
-5.925;107.025;22/04/2020;12:00:00;0.061
-5.925;107.025;22/04/2020;13:00:00;0.123
-5.925;107.025;22/04/2020;14:00:00;0.178
-5.925;107.025;22/04/2020;15:00:00;0.213
-5.925;107.025;22/04/2020;16:00:00;0.223
-5.925;107.025;22/04/2020;17:00:00;0.204
-5.925;107.025;22/04/2020;18:00:00;0.158
-5.925;107.025;22/04/2020;19:00:00;0.093
-5.925;107.025;22/04/2020;20:00:00;0.02
-5.925;107.025;22/04/2020;21:00:00;-0.05
-5.925;107.025;22/04/2020;22:00:00;-0.107
-5.925;107.025;22/04/2020;23:00:00;-0.146
-5.925;107.025;23/04/2020;00:00:00;-0.165
-5.925;107.025;23/04/2020;01:00:00;-0.166
-5.925;107.025;23/04/2020;02:00:00;-0.156
-5.925;107.025;23/04/2020;03:00:00;-0.14
-5.925;107.025;23/04/2020;04:00:00;-0.125
-5.925;107.025;23/04/2020;05:00:00;-0.112
-5.925;107.025;23/04/2020;06:00:00;-0.103
-5.925;107.025;23/04/2020;07:00:00;-0.092
-5.925;107.025;23/04/2020;08:00:00;-0.076
-5.925;107.025;23/04/2020;09:00:00;-0.05
-5.925;107.025;23/04/2020;10:00:00;-0.01
-5.925;107.025;23/04/2020;11:00:00;0.042
-5.925;107.025;23/04/2020;12:00:00;0.103
-5.925;107.025;23/04/2020;13:00:00;0.166
-5.925;107.025;23/04/2020;14:00:00;0.22
-5.925;107.025;23/04/2020;15:00:00;0.257
-5.925;107.025;23/04/2020;16:00:00;0.269
-5.925;107.025;23/04/2020;17:00:00;0.253
-5.925;107.025;23/04/2020;18:00:00;0.21
-5.925;107.025;23/04/2020;19:00:00;0.145
-5.925;107.025;23/04/2020;20:00:00;0.068
-5.925;107.025;23/04/2020;21:00:00;-0.014
-5.925;107.025;23/04/2020;22:00:00;-0.088
-5.925;107.025;23/04/2020;23:00:00;-0.15
-5.925;107.025;24/04/2020;00:00:00;-0.193
-5.925;107.025;24/04/2020;01:00:00;-0.219
-5.925;107.025;24/04/2020;02:00:00;-0.228
-5.925;107.025;24/04/2020;03:00:00;-0.224
-5.925;107.025;24/04/2020;04:00:00;-0.21
-5.925;107.025;24/04/2020;05:00:00;-0.191
-5.925;107.025;24/04/2020;06:00:00;-0.167
-5.925;107.025;24/04/2020;07:00:00;-0.137
-5.925;107.025;24/04/2020;08:00:00;-0.1
-5.925;107.025;24/04/2020;09:00:00;-0.054
-5.925;107.025;24/04/2020;10:00:00;0.001
-5.925;107.025;24/04/2020;11:00:00;0.064
-5.925;107.025;24/04/2020;12:00:00;0.131
-5.925;107.025;24/04/2020;13:00:00;0.196
-5.925;107.025;24/04/2020;14:00:00;0.252
-5.925;107.025;24/04/2020;15:00:00;0.291
-5.925;107.025;24/04/2020;16:00:00;0.307
-5.925;107.025;24/04/2020;17:00:00;0.297
-5.925;107.025;24/04/2020;18:00:00;0.261
-5.925;107.025;24/04/2020;19:00:00;0.202
-5.925;107.025;24/04/2020;20:00:00;0.127
-5.925;107.025;24/04/2020;21:00:00;0.042
-5.925;107.025;24/04/2020;22:00:00;-0.043
-5.925;107.025;24/04/2020;23:00:00;-0.122
-5.925;107.025;25/04/2020;00:00:00;-0.188
-5.925;107.025;25/04/2020;01:00:00;-0.239
-5.925;107.025;25/04/2020;02:00:00;-0.272
-5.925;107.025;25/04/2020;03:00:00;-0.288
-5.925;107.025;25/04/2020;04:00:00;-0.287
-5.925;107.025;25/04/2020;05:00:00;-0.272
-5.925;107.025;25/04/2020;06:00:00;-0.242
-5.925;107.025;25/04/2020;07:00:00;-0.2
-5.925;107.025;25/04/2020;08:00:00;-0.146
-5.925;107.025;25/04/2020;09:00:00;-0.082
-5.925;107.025;25/04/2020;10:00:00;-0.01
-5.925;107.025;25/04/2020;11:00:00;0.066
-5.925;107.025;25/04/2020;12:00:00;0.141
-5.925;107.025;25/04/2020;13:00:00;0.211
-5.925;107.025;25/04/2020;14:00:00;0.269
-5.925;107.025;25/04/2020;15:00:00;0.311
-5.925;107.025;25/04/2020;16:00:00;0.332
-5.925;107.025;25/04/2020;17:00:00;0.329
-5.925;107.025;25/04/2020;18:00:00;0.303
-5.925;107.025;25/04/2020;19:00:00;0.254
-5.925;107.025;25/04/2020;20:00:00;0.188
-5.925;107.025;25/04/2020;21:00:00;0.108
-5.925;107.025;25/04/2020;22:00:00;0.021
-5.925;107.025;25/04/2020;23:00:00;-0.067
-5.925;107.025;26/04/2020;00:00:00;-0.151
-5.925;107.025;26/04/2020;01:00:00;-0.224
-5.925;107.025;26/04/2020;02:00:00;-0.283
-5.925;107.025;26/04/2020;03:00:00;-0.324
-5.925;107.025;26/04/2020;04:00:00;-0.344
-5.925;107.025;26/04/2020;05:00:00;-0.341
-5.925;107.025;26/04/2020;06:00:00;-0.317
-5.925;107.025;26/04/2020;07:00:00;-0.271
-5.925;107.025;26/04/2020;08:00:00;-0.207
-5.925;107.025;26/04/2020;09:00:00;-0.13
-5.925;107.025;26/04/2020;10:00:00;-0.043
-5.925;107.025;26/04/2020;11:00:00;0.046
-5.925;107.025;26/04/2020;12:00:00;0.132
-5.925;107.025;26/04/2020;13:00:00;0.208
-5.925;107.025;26/04/2020;14:00:00;0.271
-5.925;107.025;26/04/2020;15:00:00;0.317
-5.925;107.025;26/04/2020;16:00:00;0.342
-5.925;107.025;26/04/2020;17:00:00;0.347
-5.925;107.025;26/04/2020;18:00:00;0.331
-5.925;107.025;26/04/2020;19:00:00;0.295
-5.925;107.025;26/04/2020;20:00:00;0.242
-5.925;107.025;26/04/2020;21:00:00;0.173
-5.925;107.025;26/04/2020;22:00:00;0.092
-5.925;107.025;26/04/2020;23:00:00;0.003
-5.925;107.025;27/04/2020;00:00:00;-0.09
-5.925;107.025;27/04/2020;01:00:00;-0.18
-5.925;107.025;27/04/2020;02:00:00;-0.261
-5.925;107.025;27/04/2020;03:00:00;-0.328
-5.925;107.025;27/04/2020;04:00:00;-0.372
-5.925;107.025;27/04/2020;05:00:00;-0.391
-5.925;107.025;27/04/2020;06:00:00;-0.38
-5.925;107.025;27/04/2020;07:00:00;-0.341
-5.925;107.025;27/04/2020;08:00:00;-0.276
-5.925;107.025;27/04/2020;09:00:00;-0.191
-5.925;107.025;27/04/2020;10:00:00;-0.094
-5.925;107.025;27/04/2020;11:00:00;0.007
-5.925;107.025;27/04/2020;12:00:00;0.104
-5.925;107.025;27/04/2020;13:00:00;0.19
-5.925;107.025;27/04/2020;14:00:00;0.259
-5.925;107.025;27/04/2020;15:00:00;0.309
-5.925;107.025;27/04/2020;16:00:00;0.339
-5.925;107.025;27/04/2020;17:00:00;0.351
-5.925;107.025;27/04/2020;18:00:00;0.345
-5.925;107.025;27/04/2020;19:00:00;0.322
-5.925;107.025;27/04/2020;20:00:00;0.283
-5.925;107.025;27/04/2020;21:00:00;0.23
-5.925;107.025;27/04/2020;22:00:00;0.161
-5.925;107.025;27/04/2020;23:00:00;0.078
-5.925;107.025;28/04/2020;00:00:00;-0.015
-5.925;107.025;28/04/2020;01:00:00;-0.114
-5.925;107.025;28/04/2020;02:00:00;-0.213
-5.925;107.025;28/04/2020;03:00:00;-0.301
-5.925;107.025;28/04/2020;04:00:00;-0.371
-5.925;107.025;28/04/2020;05:00:00;-0.414
-5.925;107.025;28/04/2020;06:00:00;-0.424
-5.925;107.025;28/04/2020;07:00:00;-0.4
-5.925;107.025;28/04/2020;08:00:00;-0.342
-5.925;107.025;28/04/2020;09:00:00;-0.257
-5.925;107.025;28/04/2020;10:00:00;-0.154
-5.925;107.025;28/04/2020;11:00:00;-0.044
-5.925;107.025;28/04/2020;12:00:00;0.062
-5.925;107.025;28/04/2020;13:00:00;0.156
-5.925;107.025;28/04/2020;14:00:00;0.232
-5.925;107.025;28/04/2020;15:00:00;0.288
-5.925;107.025;28/04/2020;16:00:00;0.324
-5.925;107.025;28/04/2020;17:00:00;0.342
-5.925;107.025;28/04/2020;18:00:00;0.344
-5.925;107.025;28/04/2020;19:00:00;0.333
-5.925;107.025;28/04/2020;20:00:00;0.31
-5.925;107.025;28/04/2020;21:00:00;0.273
-5.925;107.025;28/04/2020;22:00:00;0.22
-5.925;107.025;28/04/2020;23:00:00;0.15
-5.925;107.025;29/04/2020;00:00:00;0.063
-5.925;107.025;29/04/2020;01:00:00;-0.037
-5.925;107.025;29/04/2020;02:00:00;-0.145
-5.925;107.025;29/04/2020;03:00:00;-0.251
-5.925;107.025;29/04/2020;04:00:00;-0.343
-5.925;107.025;29/04/2020;05:00:00;-0.41
-5.925;107.025;29/04/2020;06:00:00;-0.444
-5.925;107.025;29/04/2020;07:00:00;-0.439
-5.925;107.025;29/04/2020;08:00:00;-0.395
-5.925;107.025;29/04/2020;09:00:00;-0.317
-5.925;107.025;29/04/2020;10:00:00;-0.216
-5.925;107.025;29/04/2020;11:00:00;-0.102
-5.925;107.025;29/04/2020;12:00:00;0.01
-5.925;107.025;29/04/2020;13:00:00;0.112
-5.925;107.025;29/04/2020;14:00:00;0.194
-5.925;107.025;29/04/2020;15:00:00;0.255
-5.925;107.025;29/04/2020;16:00:00;0.296
-5.925;107.025;29/04/2020;17:00:00;0.319
-5.925;107.025;29/04/2020;18:00:00;0.328
-5.925;107.025;29/04/2020;19:00:00;0.328
-5.925;107.025;29/04/2020;20:00:00;0.318
-5.925;107.025;29/04/2020;21:00:00;0.297
-5.925;107.025;29/04/2020;22:00:00;0.262
-5.925;107.025;29/04/2020;23:00:00;0.209
-5.925;107.025;30/04/2020;00:00:00;0.135
-5.925;107.025;30/04/2020;01:00:00;0.041
-5.925;107.025;30/04/2020;02:00:00;-0.067
-5.925;107.025;30/04/2020;03:00:00;-0.182
-5.925;107.025;30/04/2020;04:00:00;-0.29
-5.925;107.025;30/04/2020;05:00:00;-0.379
-5.925;107.025;30/04/2020;06:00:00;-0.435
-5.925;107.025;30/04/2020;07:00:00;-0.452
-5.925;107.025;30/04/2020;08:00:00;-0.426
-5.925;107.025;30/04/2020;09:00:00;-0.361
-5.925;107.025;30/04/2020;10:00:00;-0.267
-5.925;107.025;30/04/2020;11:00:00;-0.156
-5.925;107.025;30/04/2020;12:00:00;-0.042
-5.925;107.025;30/04/2020;13:00:00;0.063
-5.925;107.025;30/04/2020;14:00:00;0.149
-5.925;107.025;30/04/2020;15:00:00;0.213
-5.925;107.025;30/04/2020;16:00:00;0.255
-5.925;107.025;30/04/2020;17:00:00;0.281
-5.925;107.025;30/04/2020;18:00:00;0.294
-5.925;107.025;30/04/2020;19:00:00;0.3
-5.925;107.025;30/04/2020;20:00:00;0.301
-5.925;107.025;30/04/2020;21:00:00;0.296
-5.925;107.025;30/04/2020;22:00:00;0.279
-5.925;107.025;30/04/2020;23:00:00;0.246
-5.925;107.025;01/05/2020;00:00:00;0.191
-5.925;107.025;01/05/2020;01:00:00;0.111
-5.925;107.025;01/05/2020;02:00:00;0.011
-5.925;107.025;01/05/2020;03:00:00;-0.103
-5.925;107.025;01/05/2020;04:00:00;-0.219
-5.925;107.025;01/05/2020;05:00:00;-0.322
-5.925;107.025;01/05/2020;06:00:00;-0.397
-5.925;107.025;01/05/2020;07:00:00;-0.434
-5.925;107.025;01/05/2020;08:00:00;-0.427
-5.925;107.025;01/05/2020;09:00:00;-0.379
-5.925;107.025;01/05/2020;10:00:00;-0.296
-5.925;107.025;01/05/2020;11:00:00;-0.192
-5.925;107.025;01/05/2020;12:00:00;-0.082
-5.925;107.025;01/05/2020;13:00:00;0.021
-5.925;107.025;01/05/2020;14:00:00;0.106
-5.925;107.025;01/05/2020;15:00:00;0.168
-5.925;107.025;01/05/2020;16:00:00;0.208
-5.925;107.025;01/05/2020;17:00:00;0.23
-5.925;107.025;01/05/2020;18:00:00;0.242
-5.925;107.025;01/05/2020;19:00:00;0.249
-5.925;107.025;01/05/2020;20:00:00;0.255
-5.925;107.025;01/05/2020;21:00:00;0.261
-5.925;107.025;01/05/2020;22:00:00;0.261
-5.925;107.025;01/05/2020;23:00:00;0.248
-5.925;107.025;02/05/2020;00:00:00;0.215
-5.925;107.025;02/05/2020;01:00:00;0.158
-5.925;107.025;02/05/2020;02:00:00;0.075
-5.925;107.025;02/05/2020;03:00:00;-0.027
-5.925;107.025;02/05/2020;04:00:00;-0.139
-5.925;107.025;02/05/2020;05:00:00;-0.246
-5.925;107.025;02/05/2020;06:00:00;-0.331
-5.925;107.025;02/05/2020;07:00:00;-0.383
-5.925;107.025;02/05/2020;08:00:00;-0.393
-5.925;107.025;02/05/2020;09:00:00;-0.361
-5.925;107.025;02/05/2020;10:00:00;-0.291
-5.925;107.025;02/05/2020;11:00:00;-0.198
-5.925;107.025;02/05/2020;12:00:00;-0.095
-5.925;107.025;02/05/2020;13:00:00;0.001
-5.925;107.025;02/05/2020;14:00:00;0.08
-5.925;107.025;02/05/2020;15:00:00;0.136
-5.925;107.025;02/05/2020;16:00:00;0.167
-5.925;107.025;02/05/2020;17:00:00;0.178
-5.925;107.025;02/05/2020;18:00:00;0.18
-5.925;107.025;02/05/2020;19:00:00;0.179
-5.925;107.025;02/05/2020;20:00:00;0.181
-5.925;107.025;02/05/2020;21:00:00;0.189
-5.925;107.025;02/05/2020;22:00:00;0.2
-5.925;107.025;02/05/2020;23:00:00;0.205
-5.925;107.025;03/05/2020;00:00:00;0.196
-5.925;107.025;03/05/2020;01:00:00;0.165
-5.925;107.025;03/05/2020;02:00:00;0.109
-5.925;107.025;03/05/2020;03:00:00;0.029
-5.925;107.025;03/05/2020;04:00:00;-0.067
-5.925;107.025;03/05/2020;05:00:00;-0.165
-5.925;107.025;03/05/2020;06:00:00;-0.25
-5.925;107.025;03/05/2020;07:00:00;-0.307
-5.925;107.025;03/05/2020;08:00:00;-0.328
-5.925;107.025;03/05/2020;09:00:00;-0.307
-5.925;107.025;03/05/2020;10:00:00;-0.25
-5.925;107.025;03/05/2020;11:00:00;-0.167
-5.925;107.025;03/05/2020;12:00:00;-0.074
-5.925;107.025;03/05/2020;13:00:00;0.015
-5.925;107.025;03/05/2020;14:00:00;0.086
-5.925;107.025;03/05/2020;15:00:00;0.13
-5.925;107.025;03/05/2020;16:00:00;0.147
-5.925;107.025;03/05/2020;17:00:00;0.142
-5.925;107.025;03/05/2020;18:00:00;0.124
-5.925;107.025;03/05/2020;19:00:00;0.104
-5.925;107.025;03/05/2020;20:00:00;0.091
-5.925;107.025;03/05/2020;21:00:00;0.09
-5.925;107.025;03/05/2020;22:00:00;0.099
-5.925;107.025;03/05/2020;23:00:00;0.113
-5.925;107.025;04/05/2020;00:00:00;0.123
-5.925;107.025;04/05/2020;01:00:00;0.119
-5.925;107.025;04/05/2020;02:00:00;0.093
-5.925;107.025;04/05/2020;03:00:00;0.044
-5.925;107.025;04/05/2020;04:00:00;-0.023
-5.925;107.025;04/05/2020;05:00:00;-0.099
-5.925;107.025;04/05/2020;06:00:00;-0.17
-5.925;107.025;04/05/2020;07:00:00;-0.222
-5.925;107.025;04/05/2020;08:00:00;-0.243
-5.925;107.025;04/05/2020;09:00:00;-0.228
-5.925;107.025;04/05/2020;10:00:00;-0.178
-5.925;107.025;04/05/2020;11:00:00;-0.103
-5.925;107.025;04/05/2020;12:00:00;-0.016
-5.925;107.025;04/05/2020;13:00:00;0.066
-5.925;107.025;04/05/2020;14:00:00;0.129
-5.925;107.025;04/05/2020;15:00:00;0.163
-5.925;107.025;04/05/2020;16:00:00;0.166
-5.925;107.025;04/05/2020;17:00:00;0.141
-5.925;107.025;04/05/2020;18:00:00;0.099
-5.925;107.025;04/05/2020;19:00:00;0.051
-5.925;107.025;04/05/2020;20:00:00;0.01
-5.925;107.025;04/05/2020;21:00:00;-0.015
-5.925;107.025;04/05/2020;22:00:00;-0.021
-5.925;107.025;04/05/2020;23:00:00;-0.013
-5.925;107.025;05/05/2020;00:00:00;0.004
-5.925;107.025;05/05/2020;01:00:00;0.018
-5.925;107.025;05/05/2020;02:00:00;0.021
-5.925;107.025;05/05/2020;03:00:00;0.006
-5.925;107.025;05/05/2020;04:00:00;-0.026
-5.925;107.025;05/05/2020;05:00:00;-0.07
-5.925;107.025;05/05/2020;06:00:00;-0.115
-5.925;107.025;05/05/2020;07:00:00;-0.148
-5.925;107.025;05/05/2020;08:00:00;-0.159
-5.925;107.025;05/05/2020;09:00:00;-0.14
-5.925;107.025;05/05/2020;10:00:00;-0.092
-5.925;107.025;05/05/2020;11:00:00;-0.019
-5.925;107.025;05/05/2020;12:00:00;0.064
-5.925;107.025;05/05/2020;13:00:00;0.143
-5.925;107.025;05/05/2020;14:00:00;0.203
-5.925;107.025;05/05/2020;15:00:00;0.232
-5.925;107.025;05/05/2020;16:00:00;0.226
-5.925;107.025;05/05/2020;17:00:00;0.185
-5.925;107.025;05/05/2020;18:00:00;0.119
-5.925;107.025;05/05/2020;19:00:00;0.042
-5.925;107.025;05/05/2020;20:00:00;-0.033
-5.925;107.025;05/05/2020;21:00:00;-0.093
-5.925;107.025;05/05/2020;22:00:00;-0.131
-5.925;107.025;05/05/2020;23:00:00;-0.144
-5.925;107.025;06/05/2020;00:00:00;-0.138
-5.925;107.025;06/05/2020;01:00:00;-0.12
-5.925;107.025;06/05/2020;02:00:00;-0.101
-5.925;107.025;06/05/2020;03:00:00;-0.088
-5.925;107.025;06/05/2020;04:00:00;-0.085
-5.925;107.025;06/05/2020;05:00:00;-0.092
-5.925;107.025;06/05/2020;06:00:00;-0.103
-5.925;107.025;06/05/2020;07:00:00;-0.109
-5.925;107.025;06/05/2020;08:00:00;-0.099
-5.925;107.025;06/05/2020;09:00:00;-0.068
-5.925;107.025;06/05/2020;10:00:00;-0.013
-5.925;107.025;06/05/2020;11:00:00;0.062
-5.925;107.025;06/05/2020;12:00:00;0.147
-5.925;107.025;06/05/2020;13:00:00;0.228
-5.925;107.025;06/05/2020;14:00:00;0.291
-5.925;107.025;06/05/2020;15:00:00;0.322
-5.925;107.025;06/05/2020;16:00:00;0.315
-5.925;107.025;06/05/2020;17:00:00;0.268
-5.925;107.025;06/05/2020;18:00:00;0.189
-5.925;107.025;06/05/2020;19:00:00;0.088
-5.925;107.025;06/05/2020;20:00:00;-0.019
-5.925;107.025;06/05/2020;21:00:00;-0.117
-5.925;107.025;06/05/2020;22:00:00;-0.194
-5.925;107.025;06/05/2020;23:00:00;-0.244
-5.925;107.025;07/05/2020;00:00:00;-0.265
-5.925;107.025;07/05/2020;01:00:00;-0.263
-5.925;107.025;07/05/2020;02:00:00;-0.244
-5.925;107.025;07/05/2020;03:00:00;-0.218
-5.925;107.025;07/05/2020;04:00:00;-0.191
-5.925;107.025;07/05/2020;05:00:00;-0.166
-5.925;107.025;07/05/2020;06:00:00;-0.143
-5.925;107.025;07/05/2020;07:00:00;-0.116
-5.925;107.025;07/05/2020;08:00:00;-0.081
-5.925;107.025;07/05/2020;09:00:00;-0.03
-5.925;107.025;07/05/2020;10:00:00;0.037
-5.925;107.025;07/05/2020;11:00:00;0.119
-5.925;107.025;07/05/2020;12:00:00;0.209
-5.925;107.025;07/05/2020;13:00:00;0.295
-5.925;107.025;07/05/2020;14:00:00;0.365
-5.925;107.025;07/05/2020;15:00:00;0.406
-5.925;107.025;07/05/2020;16:00:00;0.408
-5.925;107.025;07/05/2020;17:00:00;0.369
-5.925;107.025;07/05/2020;18:00:00;0.289
-5.925;107.025;07/05/2020;19:00:00;0.18
-5.925;107.025;07/05/2020;20:00:00;0.054
-5.925;107.025;07/05/2020;21:00:00;-0.074
-5.925;107.025;07/05/2020;22:00:00;-0.19
-5.925;107.025;07/05/2020;23:00:00;-0.281
-5.925;107.025;08/05/2020;00:00:00;-0.342
-5.925;107.025;08/05/2020;01:00:00;-0.371
-5.925;107.025;08/05/2020;02:00:00;-0.373
-5.925;107.025;08/05/2020;03:00:00;-0.353
-5.925;107.025;08/05/2020;04:00:00;-0.318
-5.925;107.025;08/05/2020;05:00:00;-0.274
-5.925;107.025;08/05/2020;06:00:00;-0.225
-5.925;107.025;08/05/2020;07:00:00;-0.169
-5.925;107.025;08/05/2020;08:00:00;-0.107
-5.925;107.025;08/05/2020;09:00:00;-0.035
-5.925;107.025;08/05/2020;10:00:00;0.047
-5.925;107.025;08/05/2020;11:00:00;0.138
-5.925;107.025;08/05/2020;12:00:00;0.234
-5.925;107.025;08/05/2020;13:00:00;0.327
-5.925;107.025;08/05/2020;14:00:00;0.405
-5.925;107.025;08/05/2020;15:00:00;0.458
-5.925;107.025;08/05/2020;16:00:00;0.477
-5.925;107.025;08/05/2020;17:00:00;0.455
-5.925;107.025;08/05/2020;18:00:00;0.391
-5.925;107.025;08/05/2020;19:00:00;0.291
-5.925;107.025;08/05/2020;20:00:00;0.164
-5.925;107.025;08/05/2020;21:00:00;0.024
-5.925;107.025;08/05/2020;22:00:00;-0.117
-5.925;107.025;08/05/2020;23:00:00;-0.243
-5.925;107.025;09/05/2020;00:00:00;-0.345
-5.925;107.025;09/05/2020;01:00:00;-0.415
-5.925;107.025;09/05/2020;02:00:00;-0.451
-5.925;107.025;09/05/2020;03:00:00;-0.456
-5.925;107.025;09/05/2020;04:00:00;-0.433
-5.925;107.025;09/05/2020;05:00:00;-0.388
-5.925;107.025;09/05/2020;06:00:00;-0.326
-5.925;107.025;09/05/2020;07:00:00;-0.252
-5.925;107.025;09/05/2020;08:00:00;-0.169
-5.925;107.025;09/05/2020;09:00:00;-0.078
-5.925;107.025;09/05/2020;10:00:00;0.019
-5.925;107.025;09/05/2020;11:00:00;0.119
-5.925;107.025;09/05/2020;12:00:00;0.22
-5.925;107.025;09/05/2020;13:00:00;0.316
-5.925;107.025;09/05/2020;14:00:00;0.401
-5.925;107.025;09/05/2020;15:00:00;0.464
-5.925;107.025;09/05/2020;16:00:00;0.499
-5.925;107.025;09/05/2020;17:00:00;0.5
-5.925;107.025;09/05/2020;18:00:00;0.462
-5.925;107.025;09/05/2020;19:00:00;0.387
-5.925;107.025;09/05/2020;20:00:00;0.278
-5.925;107.025;09/05/2020;21:00:00;0.146
-5.925;107.025;09/05/2020;22:00:00;0.001
-5.925;107.025;09/05/2020;23:00:00;-0.144
-5.925;107.025;10/05/2020;00:00:00;-0.275
-5.925;107.025;10/05/2020;01:00:00;-0.383
-5.925;107.025;10/05/2020;02:00:00;-0.459
-5.925;107.025;10/05/2020;03:00:00;-0.5
-5.925;107.025;10/05/2020;04:00:00;-0.504
-5.925;107.025;10/05/2020;05:00:00;-0.475
-5.925;107.025;10/05/2020;06:00:00;-0.419
-5.925;107.025;10/05/2020;07:00:00;-0.34
-5.925;107.025;10/05/2020;08:00:00;-0.246
-5.925;107.025;10/05/2020;09:00:00;-0.143
-5.925;107.025;10/05/2020;10:00:00;-0.035
-5.925;107.025;10/05/2020;11:00:00;0.073
-5.925;107.025;10/05/2020;12:00:00;0.176
-5.925;107.025;10/05/2020;13:00:00;0.273
-5.925;107.025;10/05/2020;14:00:00;0.357
-5.925;107.025;10/05/2020;15:00:00;0.425
-5.925;107.025;10/05/2020;16:00:00;0.472
-5.925;107.025;10/05/2020;17:00:00;0.492
-5.925;107.025;10/05/2020;18:00:00;0.481
-5.925;107.025;10/05/2020;19:00:00;0.437
-5.925;107.025;10/05/2020;20:00:00;0.361
-5.925;107.025;10/05/2020;21:00:00;0.255
-5.925;107.025;10/05/2020;22:00:00;0.126
-5.925;107.025;10/05/2020;23:00:00;-0.016
-5.925;107.025;11/05/2020;00:00:00;-0.158
-5.925;107.025;11/05/2020;01:00:00;-0.29
-5.925;107.025;11/05/2020;02:00:00;-0.399
-5.925;107.025;11/05/2020;03:00:00;-0.476
-5.925;107.025;11/05/2020;04:00:00;-0.516
-5.925;107.025;11/05/2020;05:00:00;-0.516
-5.925;107.025;11/05/2020;06:00:00;-0.478
-5.925;107.025;11/05/2020;07:00:00;-0.409
-5.925;107.025;11/05/2020;08:00:00;-0.316
-5.925;107.025;11/05/2020;09:00:00;-0.209
-5.925;107.025;11/05/2020;10:00:00;-0.096
-5.925;107.025;11/05/2020;11:00:00;0.016
-5.925;107.025;11/05/2020;12:00:00;0.12
-5.925;107.025;11/05/2020;13:00:00;0.213
-5.925;107.025;11/05/2020;14:00:00;0.293
-5.925;107.025;11/05/2020;15:00:00;0.358
-5.925;107.025;11/05/2020;16:00:00;0.407
-5.925;107.025;11/05/2020;17:00:00;0.437
-5.925;107.025;11/05/2020;18:00:00;0.447
-5.925;107.025;11/05/2020;19:00:00;0.432
-5.925;107.025;11/05/2020;20:00:00;0.39
-5.925;107.025;11/05/2020;21:00:00;0.32
-5.925;107.025;11/05/2020;22:00:00;0.223
-5.925;107.025;11/05/2020;23:00:00;0.104
-5.925;107.025;12/05/2020;00:00:00;-0.03
-5.925;107.025;12/05/2020;01:00:00;-0.166
-5.925;107.025;12/05/2020;02:00:00;-0.293
-5.925;107.025;12/05/2020;03:00:00;-0.398
-5.925;107.025;12/05/2020;04:00:00;-0.47
-5.925;107.025;12/05/2020;05:00:00;-0.503
-5.925;107.025;12/05/2020;06:00:00;-0.493
-5.925;107.025;12/05/2020;07:00:00;-0.444
-5.925;107.025;12/05/2020;08:00:00;-0.363
-5.925;107.025;12/05/2020;09:00:00;-0.26
-5.925;107.025;12/05/2020;10:00:00;-0.147
-5.925;107.025;12/05/2020;11:00:00;-0.035
-5.925;107.025;12/05/2020;12:00:00;0.067
-5.925;107.025;12/05/2020;13:00:00;0.156
-5.925;107.025;12/05/2020;14:00:00;0.228
-5.925;107.025;12/05/2020;15:00:00;0.284
-5.925;107.025;12/05/2020;16:00:00;0.326
-5.925;107.025;12/05/2020;17:00:00;0.356
-5.925;107.025;12/05/2020;18:00:00;0.374
-5.925;107.025;12/05/2020;19:00:00;0.378
-5.925;107.025;12/05/2020;20:00:00;0.364
-5.925;107.025;12/05/2020;21:00:00;0.329
-5.925;107.025;12/05/2020;22:00:00;0.269
-5.925;107.025;12/05/2020;23:00:00;0.184
-5.925;107.025;13/05/2020;00:00:00;0.076
-5.925;107.025;13/05/2020;01:00:00;-0.047
-5.925;107.025;13/05/2020;02:00:00;-0.175
-5.925;107.025;13/05/2020;03:00:00;-0.292
-5.925;107.025;13/05/2020;04:00:00;-0.387
-5.925;107.025;13/05/2020;05:00:00;-0.446
-5.925;107.025;13/05/2020;06:00:00;-0.465
-5.925;107.025;13/05/2020;07:00:00;-0.44
-5.925;107.025;13/05/2020;08:00:00;-0.377
-5.925;107.025;13/05/2020;09:00:00;-0.286
-5.925;107.025;13/05/2020;10:00:00;-0.179
-5.925;107.025;13/05/2020;11:00:00;-0.07
-5.925;107.025;13/05/2020;12:00:00;0.031
-5.925;107.025;13/05/2020;13:00:00;0.114
-5.925;107.025;13/05/2020;14:00:00;0.178
-5.925;107.025;13/05/2020;15:00:00;0.223
-5.925;107.025;13/05/2020;16:00:00;0.253
-5.925;107.025;13/05/2020;17:00:00;0.274
-5.925;107.025;13/05/2020;18:00:00;0.288
-5.925;107.025;13/05/2020;19:00:00;0.297
-5.925;107.025;13/05/2020;20:00:00;0.299
-5.925;107.025;13/05/2020;21:00:00;0.289
-5.925;107.025;13/05/2020;22:00:00;0.262
-5.925;107.025;13/05/2020;23:00:00;0.211
-5.925;107.025;14/05/2020;00:00:00;0.137
-5.925;107.025;14/05/2020;01:00:00;0.04
-5.925;107.025;14/05/2020;02:00:00;-0.072
-5.925;107.025;14/05/2020;03:00:00;-0.186
-5.925;107.025;14/05/2020;04:00:00;-0.289
-5.925;107.025;14/05/2020;05:00:00;-0.366
-5.925;107.025;14/05/2020;06:00:00;-0.406
-5.925;107.025;14/05/2020;07:00:00;-0.405
-5.925;107.025;14/05/2020;08:00:00;-0.362
-5.925;107.025;14/05/2020;09:00:00;-0.286
-5.925;107.025;14/05/2020;10:00:00;-0.188
-5.925;107.025;14/05/2020;11:00:00;-0.084
-5.925;107.025;14/05/2020;12:00:00;0.014
-5.925;107.025;14/05/2020;13:00:00;0.094
-5.925;107.025;14/05/2020;14:00:00;0.151
-5.925;107.025;14/05/2020;15:00:00;0.185
-5.925;107.025;14/05/2020;16:00:00;0.202
-5.925;107.025;14/05/2020;17:00:00;0.207
-5.925;107.025;14/05/2020;18:00:00;0.209
-5.925;107.025;14/05/2020;19:00:00;0.211
-5.925;107.025;14/05/2020;20:00:00;0.215
-5.925;107.025;14/05/2020;21:00:00;0.217
-5.925;107.025;14/05/2020;22:00:00;0.212
-5.925;107.025;14/05/2020;23:00:00;0.191
-5.925;107.025;15/05/2020;00:00:00;0.148
-5.925;107.025;15/05/2020;01:00:00;0.082
-5.925;107.025;15/05/2020;02:00:00;-0.004
-5.925;107.025;15/05/2020;03:00:00;-0.102
-5.925;107.025;15/05/2020;04:00:00;-0.199
-5.925;107.025;15/05/2020;05:00:00;-0.281
-5.925;107.025;15/05/2020;06:00:00;-0.334
-5.925;107.025;15/05/2020;07:00:00;-0.349
-5.925;107.025;15/05/2020;08:00:00;-0.324
-5.925;107.025;15/05/2020;09:00:00;-0.263
-5.925;107.025;15/05/2020;10:00:00;-0.176
-5.925;107.025;15/05/2020;11:00:00;-0.079
-5.925;107.025;15/05/2020;12:00:00;0.015
-5.925;107.025;15/05/2020;13:00:00;0.093
-5.925;107.025;15/05/2020;14:00:00;0.145
-5.925;107.025;15/05/2020;15:00:00;0.172
-5.925;107.025;15/05/2020;16:00:00;0.176
-5.925;107.025;15/05/2020;17:00:00;0.165
-5.925;107.025;15/05/2020;18:00:00;0.15
-5.925;107.025;15/05/2020;19:00:00;0.137
-5.925;107.025;15/05/2020;20:00:00;0.132
-5.925;107.025;15/05/2020;21:00:00;0.133
-5.925;107.025;15/05/2020;22:00:00;0.137
-5.925;107.025;15/05/2020;23:00:00;0.134
-5.925;107.025;16/05/2020;00:00:00;0.118
-5.925;107.025;16/05/2020;01:00:00;0.081
-5.925;107.025;16/05/2020;02:00:00;0.024
-5.925;107.025;16/05/2020;03:00:00;-0.051
-5.925;107.025;16/05/2020;04:00:00;-0.131
-5.925;107.025;16/05/2020;05:00:00;-0.206
-5.925;107.025;16/05/2020;06:00:00;-0.261
-5.925;107.025;16/05/2020;07:00:00;-0.284
-5.925;107.025;16/05/2020;08:00:00;-0.272
-5.925;107.025;16/05/2020;09:00:00;-0.223
-5.925;107.025;16/05/2020;10:00:00;-0.148
-5.925;107.025;16/05/2020;11:00:00;-0.058
-5.925;107.025;16/05/2020;12:00:00;0.032
-5.925;107.025;16/05/2020;13:00:00;0.107
-5.925;107.025;16/05/2020;14:00:00;0.157
-5.925;107.025;16/05/2020;15:00:00;0.178
-5.925;107.025;16/05/2020;16:00:00;0.172
-5.925;107.025;16/05/2020;17:00:00;0.147
-5.925;107.025;16/05/2020;18:00:00;0.114
-5.925;107.025;16/05/2020;19:00:00;0.083
-5.925;107.025;16/05/2020;20:00:00;0.061
-5.925;107.025;16/05/2020;21:00:00;0.052
-5.925;107.025;16/05/2020;22:00:00;0.053
-5.925;107.025;16/05/2020;23:00:00;0.058
-5.925;107.025;17/05/2020;00:00:00;0.058
-5.925;107.025;17/05/2020;01:00:00;0.045
-5.925;107.025;17/05/2020;02:00:00;0.015
-5.925;107.025;17/05/2020;03:00:00;-0.033
-5.925;107.025;17/05/2020;04:00:00;-0.091
-5.925;107.025;17/05/2020;05:00:00;-0.15
-5.925;107.025;17/05/2020;06:00:00;-0.197
-5.925;107.025;17/05/2020;07:00:00;-0.22
-5.925;107.025;17/05/2020;08:00:00;-0.213
-5.925;107.025;17/05/2020;09:00:00;-0.174
-5.925;107.025;17/05/2020;10:00:00;-0.107
-5.925;107.025;17/05/2020;11:00:00;-0.024
-5.925;107.025;17/05/2020;12:00:00;0.061
-5.925;107.025;17/05/2020;13:00:00;0.133
-5.925;107.025;17/05/2020;14:00:00;0.181
-5.925;107.025;17/05/2020;15:00:00;0.198
-5.925;107.025;17/05/2020;16:00:00;0.186
-5.925;107.025;17/05/2020;17:00:00;0.149
-5.925;107.025;17/05/2020;18:00:00;0.1
-5.925;107.025;17/05/2020;19:00:00;0.049
-5.925;107.025;17/05/2020;20:00:00;0.007
-5.925;107.025;17/05/2020;21:00:00;-0.019
-5.925;107.025;17/05/2020;22:00:00;-0.029
-5.925;107.025;17/05/2020;23:00:00;-0.027
-5.925;107.025;18/05/2020;00:00:00;-0.02
-5.925;107.025;18/05/2020;01:00:00;-0.016
-5.925;107.025;18/05/2020;02:00:00;-0.024
-5.925;107.025;18/05/2020;03:00:00;-0.046
-5.925;107.025;18/05/2020;04:00:00;-0.079
-5.925;107.025;18/05/2020;05:00:00;-0.116
-5.925;107.025;18/05/2020;06:00:00;-0.148
-5.925;107.025;18/05/2020;07:00:00;-0.164
-5.925;107.025;18/05/2020;08:00:00;-0.155
-5.925;107.025;18/05/2020;09:00:00;-0.119
-5.925;107.025;18/05/2020;10:00:00;-0.058
-5.925;107.025;18/05/2020;11:00:00;0.019
-5.925;107.025;18/05/2020;12:00:00;0.099
-5.925;107.025;18/05/2020;13:00:00;0.169
-5.925;107.025;18/05/2020;14:00:00;0.215
-5.925;107.025;18/05/2020;15:00:00;0.23
-5.925;107.025;18/05/2020;16:00:00;0.213
-5.925;107.025;18/05/2020;17:00:00;0.168
-5.925;107.025;18/05/2020;18:00:00;0.104
-5.925;107.025;18/05/2020;19:00:00;0.035
-5.925;107.025;18/05/2020;20:00:00;-0.028
-5.925;107.025;18/05/2020;21:00:00;-0.075
-5.925;107.025;18/05/2020;22:00:00;-0.102
-5.925;107.025;18/05/2020;23:00:00;-0.11
-5.925;107.025;19/05/2020;00:00:00;-0.105
-5.925;107.025;19/05/2020;01:00:00;-0.094
-5.925;107.025;19/05/2020;02:00:00;-0.086
-5.925;107.025;19/05/2020;03:00:00;-0.085
-5.925;107.025;19/05/2020;04:00:00;-0.093
-5.925;107.025;19/05/2020;05:00:00;-0.106
-5.925;107.025;19/05/2020;06:00:00;-0.118
-5.925;107.025;19/05/2020;07:00:00;-0.12
-5.925;107.025;19/05/2020;08:00:00;-0.104
-5.925;107.025;19/05/2020;09:00:00;-0.066
-5.925;107.025;19/05/2020;10:00:00;-0.007
-5.925;107.025;19/05/2020;11:00:00;0.066
-5.925;107.025;19/05/2020;12:00:00;0.143
-5.925;107.025;19/05/2020;13:00:00;0.21
-5.925;107.025;19/05/2020;14:00:00;0.256
-5.925;107.025;19/05/2020;15:00:00;0.271
-5.925;107.025;19/05/2020;16:00:00;0.252
-5.925;107.025;19/05/2020;17:00:00;0.201
-5.925;107.025;19/05/2020;18:00:00;0.127
-5.925;107.025;19/05/2020;19:00:00;0.041
-5.925;107.025;19/05/2020;20:00:00;-0.042
-5.925;107.025;19/05/2020;21:00:00;-0.111
-5.925;107.025;19/05/2020;22:00:00;-0.16
-5.925;107.025;19/05/2020;23:00:00;-0.185
-5.925;107.025;20/05/2020;00:00:00;-0.189
-5.925;107.025;20/05/2020;01:00:00;-0.179
-5.925;107.025;20/05/2020;02:00:00;-0.162
-5.925;107.025;20/05/2020;03:00:00;-0.145
-5.925;107.025;20/05/2020;04:00:00;-0.132
-5.925;107.025;20/05/2020;05:00:00;-0.121
-5.925;107.025;20/05/2020;06:00:00;-0.111
-5.925;107.025;20/05/2020;07:00:00;-0.095
-5.925;107.025;20/05/2020;08:00:00;-0.067
-5.925;107.025;20/05/2020;09:00:00;-0.022
-5.925;107.025;20/05/2020;10:00:00;0.039
-5.925;107.025;20/05/2020;11:00:00;0.111
-5.925;107.025;20/05/2020;12:00:00;0.186
-5.925;107.025;20/05/2020;13:00:00;0.253
-5.925;107.025;20/05/2020;14:00:00;0.3
-5.925;107.025;20/05/2020;15:00:00;0.317
-5.925;107.025;20/05/2020;16:00:00;0.299
-5.925;107.025;20/05/2020;17:00:00;0.246
-5.925;107.025;20/05/2020;18:00:00;0.166
-5.925;107.025;20/05/2020;19:00:00;0.07
-5.925;107.025;20/05/2020;20:00:00;-0.031
-5.925;107.025;20/05/2020;21:00:00;-0.122
-5.925;107.025;20/05/2020;22:00:00;-0.194
-5.925;107.025;20/05/2020;23:00:00;-0.241
-5.925;107.025;21/05/2020;00:00:00;-0.263
-5.925;107.025;21/05/2020;01:00:00;-0.262
-5.925;107.025;21/05/2020;02:00:00;-0.246
-5.925;107.025;21/05/2020;03:00:00;-0.22
-5.925;107.025;21/05/2020;04:00:00;-0.191
-5.925;107.025;21/05/2020;05:00:00;-0.161
-5.925;107.025;21/05/2020;06:00:00;-0.129
-5.925;107.025;21/05/2020;07:00:00;-0.093
-5.925;107.025;21/05/2020;08:00:00;-0.049
-5.925;107.025;21/05/2020;09:00:00;0.006
-5.925;107.025;21/05/2020;10:00:00;0.072
-5.925;107.025;21/05/2020;11:00:00;0.147
-5.925;107.025;21/05/2020;12:00:00;0.223
-5.925;107.025;21/05/2020;13:00:00;0.291
-5.925;107.025;21/05/2020;14:00:00;0.34
-5.925;107.025;21/05/2020;15:00:00;0.361
-5.925;107.025;21/05/2020;16:00:00;0.348
-5.925;107.025;21/05/2020;17:00:00;0.3
-5.925;107.025;21/05/2020;18:00:00;0.22
-5.925;107.025;21/05/2020;19:00:00;0.118
-5.925;107.025;21/05/2020;20:00:00;0.006
-5.925;107.025;21/05/2020;21:00:00;-0.103
-5.925;107.025;21/05/2020;22:00:00;-0.198
-5.925;107.025;21/05/2020;23:00:00;-0.27
-5.925;107.025;22/05/2020;00:00:00;-0.314
-5.925;107.025;22/05/2020;01:00:00;-0.331
-5.925;107.025;22/05/2020;02:00:00;-0.325
-5.925;107.025;22/05/2020;03:00:00;-0.301
-5.925;107.025;22/05/2020;04:00:00;-0.264
-5.925;107.025;22/05/2020;05:00:00;-0.22
-5.925;107.025;22/05/2020;06:00:00;-0.17
-5.925;107.025;22/05/2020;07:00:00;-0.116
-5.925;107.025;22/05/2020;08:00:00;-0.055
-5.925;107.025;22/05/2020;09:00:00;0.013
-5.925;107.025;22/05/2020;10:00:00;0.088
-5.925;107.025;22/05/2020;11:00:00;0.167
-5.925;107.025;22/05/2020;12:00:00;0.246
-5.925;107.025;22/05/2020;13:00:00;0.317
-5.925;107.025;22/05/2020;14:00:00;0.371
-5.925;107.025;22/05/2020;15:00:00;0.398
-5.925;107.025;22/05/2020;16:00:00;0.394
-5.925;107.025;22/05/2020;17:00:00;0.354
-5.925;107.025;22/05/2020;18:00:00;0.281
-5.925;107.025;22/05/2020;19:00:00;0.181
-5.925;107.025;22/05/2020;20:00:00;0.065
-5.925;107.025;22/05/2020;21:00:00;-0.056
-5.925;107.025;22/05/2020;22:00:00;-0.169
-5.925;107.025;22/05/2020;23:00:00;-0.264
-5.925;107.025;23/05/2020;00:00:00;-0.334
-5.925;107.025;23/05/2020;01:00:00;-0.375
-5.925;107.025;23/05/2020;02:00:00;-0.388
-5.925;107.025;23/05/2020;03:00:00;-0.374
-5.925;107.025;23/05/2020;04:00:00;-0.341
-5.925;107.025;23/05/2020;05:00:00;-0.291
-5.925;107.025;23/05/2020;06:00:00;-0.23
-5.925;107.025;23/05/2020;07:00:00;-0.161
-5.925;107.025;23/05/2020;08:00:00;-0.085
-5.925;107.025;23/05/2020;09:00:00;-0.003
-5.925;107.025;23/05/2020;10:00:00;0.082
-5.925;107.025;23/05/2020;11:00:00;0.168
-5.925;107.025;23/05/2020;12:00:00;0.252
-5.925;107.025;23/05/2020;13:00:00;0.327
-5.925;107.025;23/05/2020;14:00:00;0.386
-5.925;107.025;23/05/2020;15:00:00;0.421
-5.925;107.025;23/05/2020;16:00:00;0.427
-5.925;107.025;23/05/2020;17:00:00;0.4
-5.925;107.025;23/05/2020;18:00:00;0.339
-5.925;107.025;23/05/2020;19:00:00;0.25
-5.925;107.025;23/05/2020;20:00:00;0.138
-5.925;107.025;23/05/2020;21:00:00;0.014
-5.925;107.025;23/05/2020;22:00:00;-0.111
-5.925;107.025;23/05/2020;23:00:00;-0.225
-5.925;107.025;24/05/2020;00:00:00;-0.319
-5.925;107.025;24/05/2020;01:00:00;-0.386
-5.925;107.025;24/05/2020;02:00:00;-0.423
-5.925;107.025;24/05/2020;03:00:00;-0.43
-5.925;107.025;24/05/2020;04:00:00;-0.409
-5.925;107.025;24/05/2020;05:00:00;-0.364
-5.925;107.025;24/05/2020;06:00:00;-0.3
-5.925;107.025;24/05/2020;07:00:00;-0.222
-5.925;107.025;24/05/2020;08:00:00;-0.134
-5.925;107.025;24/05/2020;09:00:00;-0.041
-5.925;107.025;24/05/2020;10:00:00;0.055
-5.925;107.025;24/05/2020;11:00:00;0.15
-5.925;107.025;24/05/2020;12:00:00;0.24
-5.925;107.025;24/05/2020;13:00:00;0.319
-5.925;107.025;24/05/2020;14:00:00;0.384
-5.925;107.025;24/05/2020;15:00:00;0.427
-5.925;107.025;24/05/2020;16:00:00;0.444
-5.925;107.025;24/05/2020;17:00:00;0.431
-5.925;107.025;24/05/2020;18:00:00;0.387
-5.925;107.025;24/05/2020;19:00:00;0.312
-5.925;107.025;24/05/2020;20:00:00;0.212
-5.925;107.025;24/05/2020;21:00:00;0.094
-5.925;107.025;24/05/2020;22:00:00;-0.033
-5.925;107.025;24/05/2020;23:00:00;-0.158
-5.925;107.025;25/05/2020;00:00:00;-0.271
-5.925;107.025;25/05/2020;01:00:00;-0.363
-5.925;107.025;25/05/2020;02:00:00;-0.427
-5.925;107.025;25/05/2020;03:00:00;-0.459
-5.925;107.025;25/05/2020;04:00:00;-0.458
-5.925;107.025;25/05/2020;05:00:00;-0.427
-5.925;107.025;25/05/2020;06:00:00;-0.369
-5.925;107.025;25/05/2020;07:00:00;-0.29
-5.925;107.025;25/05/2020;08:00:00;-0.196
-5.925;107.025;25/05/2020;09:00:00;-0.093
-5.925;107.025;25/05/2020;10:00:00;0.012
-5.925;107.025;25/05/2020;11:00:00;0.115
-5.925;107.025;25/05/2020;12:00:00;0.211
-5.925;107.025;25/05/2020;13:00:00;0.296
-5.925;107.025;25/05/2020;14:00:00;0.366
-5.925;107.025;25/05/2020;15:00:00;0.416
-5.925;107.025;25/05/2020;16:00:00;0.442
-5.925;107.025;25/05/2020;17:00:00;0.443
-5.925;107.025;25/05/2020;18:00:00;0.416
-5.925;107.025;25/05/2020;19:00:00;0.36
-5.925;107.025;25/05/2020;20:00:00;0.277
-5.925;107.025;25/05/2020;21:00:00;0.172
-5.925;107.025;25/05/2020;22:00:00;0.052
-5.925;107.025;25/05/2020;23:00:00;-0.075
-5.925;107.025;26/05/2020;00:00:00;-0.199
-5.925;107.025;26/05/2020;01:00:00;-0.31
-5.925;107.025;26/05/2020;02:00:00;-0.398
-5.925;107.025;26/05/2020;03:00:00;-0.456
-5.925;107.025;26/05/2020;04:00:00;-0.48
-5.925;107.025;26/05/2020;05:00:00;-0.469
-5.925;107.025;26/05/2020;06:00:00;-0.425
-5.925;107.025;26/05/2020;07:00:00;-0.353
-5.925;107.025;26/05/2020;08:00:00;-0.26
-5.925;107.025;26/05/2020;09:00:00;-0.153
-5.925;107.025;26/05/2020;10:00:00;-0.041
-5.925;107.025;26/05/2020;11:00:00;0.069
-5.925;107.025;26/05/2020;12:00:00;0.171
-5.925;107.025;26/05/2020;13:00:00;0.261
-5.925;107.025;26/05/2020;14:00:00;0.334
-5.925;107.025;26/05/2020;15:00:00;0.389
-5.925;107.025;26/05/2020;16:00:00;0.423
-5.925;107.025;26/05/2020;17:00:00;0.435
-5.925;107.025;26/05/2020;18:00:00;0.423
-5.925;107.025;26/05/2020;19:00:00;0.385
-5.925;107.025;26/05/2020;20:00:00;0.323
-5.925;107.025;26/05/2020;21:00:00;0.236
-5.925;107.025;26/05/2020;22:00:00;0.13
-5.925;107.025;26/05/2020;23:00:00;0.01
-5.925;107.025;27/05/2020;00:00:00;-0.115
-5.925;107.025;27/05/2020;01:00:00;-0.236
-5.925;107.025;27/05/2020;02:00:00;-0.342
-5.925;107.025;27/05/2020;03:00:00;-0.424
-5.925;107.025;27/05/2020;04:00:00;-0.473
-5.925;107.025;27/05/2020;05:00:00;-0.485
-5.925;107.025;27/05/2020;06:00:00;-0.46
-5.925;107.025;27/05/2020;07:00:00;-0.401
-5.925;107.025;27/05/2020;08:00:00;-0.314
-5.925;107.025;27/05/2020;09:00:00;-0.209
-5.925;107.025;27/05/2020;10:00:00;-0.095
-5.925;107.025;27/05/2020;11:00:00;0.02
-5.925;107.025;27/05/2020;12:00:00;0.126
-5.925;107.025;27/05/2020;13:00:00;0.218
-5.925;107.025;27/05/2020;14:00:00;0.293
-5.925;107.025;27/05/2020;15:00:00;0.35
-5.925;107.025;27/05/2020;16:00:00;0.388
-5.925;107.025;27/05/2020;17:00:00;0.406
-5.925;107.025;27/05/2020;18:00:00;0.405
-5.925;107.025;27/05/2020;19:00:00;0.384
-5.925;107.025;27/05/2020;20:00:00;0.341
-5.925;107.025;27/05/2020;21:00:00;0.275
-5.925;107.025;27/05/2020;22:00:00;0.189
-5.925;107.025;27/05/2020;23:00:00;0.084
-5.925;107.025;28/05/2020;00:00:00;-0.033
-5.925;107.025;28/05/2020;01:00:00;-0.154
-5.925;107.025;28/05/2020;02:00:00;-0.269
-5.925;107.025;28/05/2020;03:00:00;-0.366
-5.925;107.025;28/05/2020;04:00:00;-0.436
-5.925;107.025;28/05/2020;05:00:00;-0.47
-5.925;107.025;28/05/2020;06:00:00;-0.466
-5.925;107.025;28/05/2020;07:00:00;-0.424
-5.925;107.025;28/05/2020;08:00:00;-0.349
-5.925;107.025;28/05/2020;09:00:00;-0.25
-5.925;107.025;28/05/2020;10:00:00;-0.138
-5.925;107.025;28/05/2020;11:00:00;-0.024
-5.925;107.025;28/05/2020;12:00:00;0.083
-5.925;107.025;28/05/2020;13:00:00;0.175
-5.925;107.025;28/05/2020;14:00:00;0.249
-5.925;107.025;28/05/2020;15:00:00;0.303
-5.925;107.025;28/05/2020;16:00:00;0.339
-5.925;107.025;28/05/2020;17:00:00;0.359
-5.925;107.025;28/05/2020;18:00:00;0.363
-5.925;107.025;28/05/2020;19:00:00;0.352
-5.925;107.025;28/05/2020;20:00:00;0.325
-5.925;107.025;28/05/2020;21:00:00;0.281
-5.925;107.025;28/05/2020;22:00:00;0.217
-5.925;107.025;28/05/2020;23:00:00;0.134
-5.925;107.025;29/05/2020;00:00:00;0.034
-5.925;107.025;29/05/2020;01:00:00;-0.077
-5.925;107.025;29/05/2020;02:00:00;-0.189
-5.925;107.025;29/05/2020;03:00:00;-0.292
-5.925;107.025;29/05/2020;04:00:00;-0.374
-5.925;107.025;29/05/2020;05:00:00;-0.425
-5.925;107.025;29/05/2020;06:00:00;-0.439
-5.925;107.025;29/05/2020;07:00:00;-0.414
-5.925;107.025;29/05/2020;08:00:00;-0.353
-5.925;107.025;29/05/2020;09:00:00;-0.265
-5.925;107.025;29/05/2020;10:00:00;-0.159
-5.925;107.025;29/05/2020;11:00:00;-0.049
-5.925;107.025;29/05/2020;12:00:00;0.054
-5.925;107.025;29/05/2020;13:00:00;0.142
-5.925;107.025;29/05/2020;14:00:00;0.21
-5.925;107.025;29/05/2020;15:00:00;0.257
-5.925;107.025;29/05/2020;16:00:00;0.285
-5.925;107.025;29/05/2020;17:00:00;0.298
-5.925;107.025;29/05/2020;18:00:00;0.299
-5.925;107.025;29/05/2020;19:00:00;0.291
-5.925;107.025;29/05/2020;20:00:00;0.274
-5.925;107.025;29/05/2020;21:00:00;0.246
-5.925;107.025;29/05/2020;22:00:00;0.204
-5.925;107.025;29/05/2020;23:00:00;0.145
-5.925;107.025;30/05/2020;00:00:00;0.07
-5.925;107.025;30/05/2020;01:00:00;-0.019
-5.925;107.025;30/05/2020;02:00:00;-0.117
-5.925;107.025;30/05/2020;03:00:00;-0.213
-5.925;107.025;30/05/2020;04:00:00;-0.297
-5.925;107.025;30/05/2020;05:00:00;-0.356
-5.925;107.025;30/05/2020;06:00:00;-0.383
-5.925;107.025;30/05/2020;07:00:00;-0.372
-5.925;107.025;30/05/2020;08:00:00;-0.324
-5.925;107.025;30/05/2020;09:00:00;-0.247
-5.925;107.025;30/05/2020;10:00:00;-0.15
-5.925;107.025;30/05/2020;11:00:00;-0.047
-5.925;107.025;30/05/2020;12:00:00;0.05
-5.925;107.025;30/05/2020;13:00:00;0.131
-5.925;107.025;30/05/2020;14:00:00;0.189
-5.925;107.025;30/05/2020;15:00:00;0.223
-5.925;107.025;30/05/2020;16:00:00;0.236
-5.925;107.025;30/05/2020;17:00:00;0.234
-5.925;107.025;30/05/2020;18:00:00;0.222
-5.925;107.025;30/05/2020;19:00:00;0.206
-5.925;107.025;30/05/2020;20:00:00;0.189
-5.925;107.025;30/05/2020;21:00:00;0.169
-5.925;107.025;30/05/2020;22:00:00;0.145
-5.925;107.025;30/05/2020;23:00:00;0.11
-5.925;107.025;31/05/2020;00:00:00;0.063
-5.925;107.025;31/05/2020;01:00:00;0.002
-5.925;107.025;31/05/2020;02:00:00;-0.071
-5.925;107.025;31/05/2020;03:00:00;-0.148
-5.925;107.025;31/05/2020;04:00:00;-0.221
-5.925;107.025;31/05/2020;05:00:00;-0.276
-5.925;107.025;31/05/2020;06:00:00;-0.306
-5.925;107.025;31/05/2020;07:00:00;-0.303
-5.925;107.025;31/05/2020;08:00:00;-0.265
-5.925;107.025;31/05/2020;09:00:00;-0.197
-5.925;107.025;31/05/2020;10:00:00;-0.108
-5.925;107.025;31/05/2020;11:00:00;-0.012
-5.925;107.025;31/05/2020;12:00:00;0.078
-5.925;107.025;31/05/2020;13:00:00;0.151
-5.925;107.025;31/05/2020;14:00:00;0.197
-5.925;107.025;31/05/2020;15:00:00;0.216
-5.925;107.025;31/05/2020;16:00:00;0.209
-5.925;107.025;31/05/2020;17:00:00;0.184
-5.925;107.025;31/05/2020;18:00:00;0.15
-5.925;107.025;31/05/2020;19:00:00;0.114
-5.925;107.025;31/05/2020;20:00:00;0.084
-5.925;107.025;31/05/2020;21:00:00;0.061
-5.925;107.025;31/05/2020;22:00:00;0.044
-5.925;107.025;31/05/2020;23:00:00;0.028
-5.925;107.025;01/06/2020;00:00:00;0.006
-5.925;107.025;01/06/2020;01:00:00;-0.024
-5.925;107.025;01/06/2020;02:00:00;-0.065
-5.925;107.025;01/06/2020;03:00:00;-0.114
-5.925;107.025;01/06/2020;04:00:00;-0.163
-5.925;107.025;01/06/2020;05:00:00;-0.204
-5.925;107.025;01/06/2020;06:00:00;-0.226
-5.925;107.025;01/06/2020;07:00:00;-0.221
-5.925;107.025;01/06/2020;08:00:00;-0.186
-5.925;107.025;01/06/2020;09:00:00;-0.124
-5.925;107.025;01/06/2020;10:00:00;-0.04
-5.925;107.025;01/06/2020;11:00:00;0.051
-5.925;107.025;01/06/2020;12:00:00;0.137
-5.925;107.025;01/06/2020;13:00:00;0.203
-5.925;107.025;01/06/2020;14:00:00;0.24
-5.925;107.025;01/06/2020;15:00:00;0.244
-5.925;107.025;01/06/2020;16:00:00;0.217
-5.925;107.025;01/06/2020;17:00:00;0.166
-5.925;107.025;01/06/2020;18:00:00;0.103
-5.925;107.025;01/06/2020;19:00:00;0.038
-5.925;107.025;01/06/2020;20:00:00;-0.017
-5.925;107.025;01/06/2020;21:00:00;-0.058
-5.925;107.025;01/06/2020;22:00:00;-0.082
-5.925;107.025;01/06/2020;23:00:00;-0.093
-5.925;107.025;02/06/2020;00:00:00;-0.096
-5.925;107.025;02/06/2020;01:00:00;-0.1
-5.925;107.025;02/06/2020;02:00:00;-0.108
-5.925;107.025;02/06/2020;03:00:00;-0.123
-5.925;107.025;02/06/2020;04:00:00;-0.142
-5.925;107.025;02/06/2020;05:00:00;-0.157
-5.925;107.025;02/06/2020;06:00:00;-0.162
-5.925;107.025;02/06/2020;07:00:00;-0.147
-5.925;107.025;02/06/2020;08:00:00;-0.108
-5.925;107.025;02/06/2020;09:00:00;-0.044
-5.925;107.025;02/06/2020;10:00:00;0.038
-5.925;107.025;02/06/2020;11:00:00;0.129
-5.925;107.025;02/06/2020;12:00:00;0.214
-5.925;107.025;02/06/2020;13:00:00;0.279
-5.925;107.025;02/06/2020;14:00:00;0.313
-5.925;107.025;02/06/2020;15:00:00;0.309
-5.925;107.025;02/06/2020;16:00:00;0.267
-5.925;107.025;02/06/2020;17:00:00;0.194
-5.925;107.025;02/06/2020;18:00:00;0.101
-5.925;107.025;02/06/2020;19:00:00;0.002
-5.925;107.025;02/06/2020;20:00:00;-0.088
-5.925;107.025;02/06/2020;21:00:00;-0.159
-5.925;107.025;02/06/2020;22:00:00;-0.205
-5.925;107.025;02/06/2020;23:00:00;-0.226
-5.925;107.025;03/06/2020;00:00:00;-0.227
-5.925;107.025;03/06/2020;01:00:00;-0.215
-5.925;107.025;03/06/2020;02:00:00;-0.198
-5.925;107.025;03/06/2020;03:00:00;-0.181
-5.925;107.025;03/06/2020;04:00:00;-0.166
-5.925;107.025;03/06/2020;05:00:00;-0.151
-5.925;107.025;03/06/2020;06:00:00;-0.131
-5.925;107.025;03/06/2020;07:00:00;-0.098
-5.925;107.025;03/06/2020;08:00:00;-0.048
-5.925;107.025;03/06/2020;09:00:00;0.021
-5.925;107.025;03/06/2020;10:00:00;0.107
-5.925;107.025;03/06/2020;11:00:00;0.2
-5.925;107.025;03/06/2020;12:00:00;0.29
-5.925;107.025;03/06/2020;13:00:00;0.36
-5.925;107.025;03/06/2020;14:00:00;0.399
-5.925;107.025;03/06/2020;15:00:00;0.396
-5.925;107.025;03/06/2020;16:00:00;0.35
-5.925;107.025;03/06/2020;17:00:00;0.265
-5.925;107.025;03/06/2020;18:00:00;0.15
-5.925;107.025;03/06/2020;19:00:00;0.022
-5.925;107.025;03/06/2020;20:00:00;-0.104
-5.925;107.025;03/06/2020;21:00:00;-0.212
-5.925;107.025;03/06/2020;22:00:00;-0.293
-5.925;107.025;03/06/2020;23:00:00;-0.34
-5.925;107.025;04/06/2020;00:00:00;-0.355
-5.925;107.025;04/06/2020;01:00:00;-0.344
-5.925;107.025;04/06/2020;02:00:00;-0.315
-5.925;107.025;04/06/2020;03:00:00;-0.276
-5.925;107.025;04/06/2020;04:00:00;-0.233
-5.925;107.025;04/06/2020;05:00:00;-0.189
-5.925;107.025;04/06/2020;06:00:00;-0.142
-5.925;107.025;04/06/2020;07:00:00;-0.088
-5.925;107.025;04/06/2020;08:00:00;-0.023
-5.925;107.025;04/06/2020;09:00:00;0.056
-5.925;107.025;04/06/2020;10:00:00;0.148
-5.925;107.025;04/06/2020;11:00:00;0.247
-5.925;107.025;04/06/2020;12:00:00;0.343
-5.925;107.025;04/06/2020;13:00:00;0.423
-5.925;107.025;04/06/2020;14:00:00;0.474
-5.925;107.025;04/06/2020;15:00:00;0.483
-5.925;107.025;04/06/2020;16:00:00;0.446
-5.925;107.025;04/06/2020;17:00:00;0.363
-5.925;107.025;04/06/2020;18:00:00;0.242
-5.925;107.025;04/06/2020;19:00:00;0.096
-5.925;107.025;04/06/2020;20:00:00;-0.058
-5.925;107.025;04/06/2020;21:00:00;-0.202
-5.925;107.025;04/06/2020;22:00:00;-0.32
-5.925;107.025;04/06/2020;23:00:00;-0.404
-5.925;107.025;05/06/2020;00:00:00;-0.448
-5.925;107.025;05/06/2020;01:00:00;-0.456
-5.925;107.025;05/06/2020;02:00:00;-0.432
-5.925;107.025;05/06/2020;03:00:00;-0.387
-5.925;107.025;05/06/2020;04:00:00;-0.328
-5.925;107.025;05/06/2020;05:00:00;-0.262
-5.925;107.025;05/06/2020;06:00:00;-0.192
-5.925;107.025;05/06/2020;07:00:00;-0.118
-5.925;107.025;05/06/2020;08:00:00;-0.037
-5.925;107.025;05/06/2020;09:00:00;0.053
-5.925;107.025;05/06/2020;10:00:00;0.152
-5.925;107.025;05/06/2020;11:00:00;0.256
-5.925;107.025;05/06/2020;12:00:00;0.359
-5.925;107.025;05/06/2020;13:00:00;0.45
-5.925;107.025;05/06/2020;14:00:00;0.515
-5.925;107.025;05/06/2020;15:00:00;0.544
-5.925;107.025;05/06/2020;16:00:00;0.527
-5.925;107.025;05/06/2020;17:00:00;0.462
-5.925;107.025;05/06/2020;18:00:00;0.351
-5.925;107.025;05/06/2020;19:00:00;0.205
-5.925;107.025;05/06/2020;20:00:00;0.04
-5.925;107.025;05/06/2020;21:00:00;-0.128
-5.925;107.025;05/06/2020;22:00:00;-0.279
-5.925;107.025;05/06/2020;23:00:00;-0.4
-5.925;107.025;06/06/2020;00:00:00;-0.482
-5.925;107.025;06/06/2020;01:00:00;-0.521
-5.925;107.025;06/06/2020;02:00:00;-0.52
-5.925;107.025;06/06/2020;03:00:00;-0.485
-5.925;107.025;06/06/2020;04:00:00;-0.426
-5.925;107.025;06/06/2020;05:00:00;-0.351
-5.925;107.025;06/06/2020;06:00:00;-0.266
-5.925;107.025;06/06/2020;07:00:00;-0.176
-5.925;107.025;06/06/2020;08:00:00;-0.082
-5.925;107.025;06/06/2020;09:00:00;0.017
-5.925;107.025;06/06/2020;10:00:00;0.121
-5.925;107.025;06/06/2020;11:00:00;0.228
-5.925;107.025;06/06/2020;12:00:00;0.335
-5.925;107.025;06/06/2020;13:00:00;0.433
-5.925;107.025;06/06/2020;14:00:00;0.512
-5.925;107.025;06/06/2020;15:00:00;0.56
-5.925;107.025;06/06/2020;16:00:00;0.568
-5.925;107.025;06/06/2020;17:00:00;0.53
-5.925;107.025;06/06/2020;18:00:00;0.445
-5.925;107.025;06/06/2020;19:00:00;0.318
-5.925;107.025;06/06/2020;20:00:00;0.161
-5.925;107.025;06/06/2020;21:00:00;-0.011
-5.925;107.025;06/06/2020;22:00:00;-0.181
-5.925;107.025;06/06/2020;23:00:00;-0.331
-5.925;107.025;07/06/2020;00:00:00;-0.448
-5.925;107.025;07/06/2020;01:00:00;-0.524
-5.925;107.025;07/06/2020;02:00:00;-0.555
-5.925;107.025;07/06/2020;03:00:00;-0.545
-5.925;107.025;07/06/2020;04:00:00;-0.501
-5.925;107.025;07/06/2020;05:00:00;-0.431
-5.925;107.025;07/06/2020;06:00:00;-0.344
-5.925;107.025;07/06/2020;07:00:00;-0.247
-5.925;107.025;07/06/2020;08:00:00;-0.144
-5.925;107.025;07/06/2020;09:00:00;-0.039
-5.925;107.025;07/06/2020;10:00:00;0.067
-5.925;107.025;07/06/2020;11:00:00;0.175
-5.925;107.025;07/06/2020;12:00:00;0.28
-5.925;107.025;07/06/2020;13:00:00;0.379
-5.925;107.025;07/06/2020;14:00:00;0.465
-5.925;107.025;07/06/2020;15:00:00;0.528
-5.925;107.025;07/06/2020;16:00:00;0.559
-5.925;107.025;07/06/2020;17:00:00;0.551
-5.925;107.025;07/06/2020;18:00:00;0.498
-5.925;107.025;07/06/2020;19:00:00;0.403
-5.925;107.025;07/06/2020;20:00:00;0.271
-5.925;107.025;07/06/2020;21:00:00;0.114
-5.925;107.025;07/06/2020;22:00:00;-0.055
-5.925;107.025;07/06/2020;23:00:00;-0.217
-5.925;107.025;08/06/2020;00:00:00;-0.358
-5.925;107.025;08/06/2020;01:00:00;-0.466
-5.925;107.025;08/06/2020;02:00:00;-0.532
-5.925;107.025;08/06/2020;03:00:00;-0.554
-5.925;107.025;08/06/2020;04:00:00;-0.536
-5.925;107.025;08/06/2020;05:00:00;-0.483
-5.925;107.025;08/06/2020;06:00:00;-0.405
-5.925;107.025;08/06/2020;07:00:00;-0.31
-5.925;107.025;08/06/2020;08:00:00;-0.206
-5.925;107.025;08/06/2020;09:00:00;-0.098
-5.925;107.025;08/06/2020;10:00:00;0.008
-5.925;107.025;08/06/2020;11:00:00;0.113
-5.925;107.025;08/06/2020;12:00:00;0.213
-5.925;107.025;08/06/2020;13:00:00;0.307
-5.925;107.025;08/06/2020;14:00:00;0.391
-5.925;107.025;08/06/2020;15:00:00;0.459
-5.925;107.025;08/06/2020;16:00:00;0.504
-5.925;107.025;08/06/2020;17:00:00;0.519
-5.925;107.025;08/06/2020;18:00:00;0.498
-5.925;107.025;08/06/2020;19:00:00;0.439
-5.925;107.025;08/06/2020;20:00:00;0.342
-5.925;107.025;08/06/2020;21:00:00;0.214
-5.925;107.025;08/06/2020;22:00:00;0.065
-5.925;107.025;08/06/2020;23:00:00;-0.091
-5.925;107.025;09/06/2020;00:00:00;-0.24
-5.925;107.025;09/06/2020;01:00:00;-0.367
-5.925;107.025;09/06/2020;02:00:00;-0.46
-5.925;107.025;09/06/2020;03:00:00;-0.513
-5.925;107.025;09/06/2020;04:00:00;-0.524
-5.925;107.025;09/06/2020;05:00:00;-0.496
-5.925;107.025;09/06/2020;06:00:00;-0.435
-5.925;107.025;09/06/2020;07:00:00;-0.35
-5.925;107.025;09/06/2020;08:00:00;-0.251
-5.925;107.025;09/06/2020;09:00:00;-0.145
-5.925;107.025;09/06/2020;10:00:00;-0.041
-5.925;107.025;09/06/2020;11:00:00;0.059
-5.925;107.025;09/06/2020;12:00:00;0.152
-5.925;107.025;09/06/2020;13:00:00;0.237
-5.925;107.025;09/06/2020;14:00:00;0.311
-5.925;107.025;09/06/2020;15:00:00;0.374
-5.925;107.025;09/06/2020;16:00:00;0.421
-5.925;107.025;09/06/2020;17:00:00;0.448
-5.925;107.025;09/06/2020;18:00:00;0.449
-5.925;107.025;09/06/2020;19:00:00;0.419
-5.925;107.025;09/06/2020;20:00:00;0.358
-5.925;107.025;09/06/2020;21:00:00;0.266
-5.925;107.025;09/06/2020;22:00:00;0.149
-5.925;107.025;09/06/2020;23:00:00;0.015
-5.925;107.025;10/06/2020;00:00:00;-0.124
-5.925;107.025;10/06/2020;01:00:00;-0.254
-5.925;107.025;10/06/2020;02:00:00;-0.361
-5.925;107.025;10/06/2020;03:00:00;-0.437
-5.925;107.025;10/06/2020;04:00:00;-0.474
-5.925;107.025;10/06/2020;05:00:00;-0.471
-5.925;107.025;10/06/2020;06:00:00;-0.431
-5.925;107.025;10/06/2020;07:00:00;-0.362
-5.925;107.025;10/06/2020;08:00:00;-0.271
-5.925;107.025;10/06/2020;09:00:00;-0.171
-5.925;107.025;10/06/2020;10:00:00;-0.07
-5.925;107.025;10/06/2020;11:00:00;0.026
-5.925;107.025;10/06/2020;12:00:00;0.111
-5.925;107.025;10/06/2020;13:00:00;0.185
-5.925;107.025;10/06/2020;14:00:00;0.246
-5.925;107.025;10/06/2020;15:00:00;0.296
-5.925;107.025;10/06/2020;16:00:00;0.334
-5.925;107.025;10/06/2020;17:00:00;0.359
-5.925;107.025;10/06/2020;18:00:00;0.368
-5.925;107.025;10/06/2020;19:00:00;0.357
-5.925;107.025;10/06/2020;20:00:00;0.323
-5.925;107.025;10/06/2020;21:00:00;0.265
-5.925;107.025;10/06/2020;22:00:00;0.182
-5.925;107.025;10/06/2020;23:00:00;0.079
-5.925;107.025;11/06/2020;00:00:00;-0.036
-5.925;107.025;11/06/2020;01:00:00;-0.154
-5.925;107.025;11/06/2020;02:00:00;-0.261
-5.925;107.025;11/06/2020;03:00:00;-0.346
-5.925;107.025;11/06/2020;04:00:00;-0.401
-5.925;107.025;11/06/2020;05:00:00;-0.418
-5.925;107.025;11/06/2020;06:00:00;-0.398
-5.925;107.025;11/06/2020;07:00:00;-0.346
-5.925;107.025;11/06/2020;08:00:00;-0.267
-5.925;107.025;11/06/2020;09:00:00;-0.174
-5.925;107.025;11/06/2020;10:00:00;-0.077
-5.925;107.025;11/06/2020;11:00:00;0.015
-5.925;107.025;11/06/2020;12:00:00;0.095
-5.925;107.025;11/06/2020;13:00:00;0.159
-5.925;107.025;11/06/2020;14:00:00;0.207
-5.925;107.025;11/06/2020;15:00:00;0.241
-5.925;107.025;11/06/2020;16:00:00;0.262
-5.925;107.025;11/06/2020;17:00:00;0.274
-5.925;107.025;11/06/2020;18:00:00;0.278
-5.925;107.025;11/06/2020;19:00:00;0.271
-5.925;107.025;11/06/2020;20:00:00;0.252
-5.925;107.025;11/06/2020;21:00:00;0.217
-5.925;107.025;11/06/2020;22:00:00;0.165
-5.925;107.025;11/06/2020;23:00:00;0.094
-5.925;107.025;12/06/2020;00:00:00;0.009
-5.925;107.025;12/06/2020;01:00:00;-0.085
-5.925;107.025;12/06/2020;02:00:00;-0.179
-5.925;107.025;12/06/2020;03:00:00;-0.261
-5.925;107.025;12/06/2020;04:00:00;-0.321
-5.925;107.025;12/06/2020;05:00:00;-0.35
-5.925;107.025;12/06/2020;06:00:00;-0.346
-5.925;107.025;12/06/2020;07:00:00;-0.308
-5.925;107.025;12/06/2020;08:00:00;-0.242
-5.925;107.025;12/06/2020;09:00:00;-0.157
-5.925;107.025;12/06/2020;10:00:00;-0.064
-5.925;107.025;12/06/2020;11:00:00;0.025
-5.925;107.025;12/06/2020;12:00:00;0.101
-5.925;107.025;12/06/2020;13:00:00;0.159
-5.925;107.025;12/06/2020;14:00:00;0.195
-5.925;107.025;12/06/2020;15:00:00;0.213
-5.925;107.025;12/06/2020;16:00:00;0.216
-5.925;107.025;12/06/2020;17:00:00;0.209
-5.925;107.025;12/06/2020;18:00:00;0.197
-5.925;107.025;12/06/2020;19:00:00;0.182
-5.925;107.025;12/06/2020;20:00:00;0.164
-5.925;107.025;12/06/2020;21:00:00;0.14
-5.925;107.025;12/06/2020;22:00:00;0.109
-5.925;107.025;12/06/2020;23:00:00;0.066
-5.925;107.025;13/06/2020;00:00:00;0.01
-5.925;107.025;13/06/2020;01:00:00;-0.056
-5.925;107.025;13/06/2020;02:00:00;-0.127
-5.925;107.025;13/06/2020;03:00:00;-0.194
-5.925;107.025;13/06/2020;04:00:00;-0.248
-5.925;107.025;13/06/2020;05:00:00;-0.281
-5.925;107.025;13/06/2020;06:00:00;-0.285
-5.925;107.025;13/06/2020;07:00:00;-0.257
-5.925;107.025;13/06/2020;08:00:00;-0.202
-5.925;107.025;13/06/2020;09:00:00;-0.125
-5.925;107.025;13/06/2020;10:00:00;-0.037
-5.925;107.025;13/06/2020;11:00:00;0.05
-5.925;107.025;13/06/2020;12:00:00;0.124
-5.925;107.025;13/06/2020;13:00:00;0.178
-5.925;107.025;13/06/2020;14:00:00;0.207
-5.925;107.025;13/06/2020;15:00:00;0.211
-5.925;107.025;13/06/2020;16:00:00;0.196
-5.925;107.025;13/06/2020;17:00:00;0.168
-5.925;107.025;13/06/2020;18:00:00;0.135
-5.925;107.025;13/06/2020;19:00:00;0.103
-5.925;107.025;13/06/2020;20:00:00;0.075
-5.925;107.025;13/06/2020;21:00:00;0.051
-5.925;107.025;13/06/2020;22:00:00;0.029
-5.925;107.025;13/06/2020;23:00:00;0.005
-5.925;107.025;14/06/2020;00:00:00;-0.025
-5.925;107.025;14/06/2020;01:00:00;-0.063
-5.925;107.025;14/06/2020;02:00:00;-0.107
-5.925;107.025;14/06/2020;03:00:00;-0.153
-5.925;107.025;14/06/2020;04:00:00;-0.193
-5.925;107.025;14/06/2020;05:00:00;-0.219
-5.925;107.025;14/06/2020;06:00:00;-0.223
-5.925;107.025;14/06/2020;07:00:00;-0.201
-5.925;107.025;14/06/2020;08:00:00;-0.153
-5.925;107.025;14/06/2020;09:00:00;-0.083
-5.925;107.025;14/06/2020;10:00:00;0
-5.925;107.025;14/06/2020;11:00:00;0.084
-5.925;107.025;14/06/2020;12:00:00;0.157
-5.925;107.025;14/06/2020;13:00:00;0.209
-5.925;107.025;14/06/2020;14:00:00;0.234
-5.925;107.025;14/06/2020;15:00:00;0.229
-5.925;107.025;14/06/2020;16:00:00;0.2
-5.925;107.025;14/06/2020;17:00:00;0.153
-5.925;107.025;14/06/2020;18:00:00;0.098
-5.925;107.025;14/06/2020;19:00:00;0.044
-5.925;107.025;14/06/2020;20:00:00;-0.002
-5.925;107.025;14/06/2020;21:00:00;-0.036
-5.925;107.025;14/06/2020;22:00:00;-0.059
-5.925;107.025;14/06/2020;23:00:00;-0.075
-5.925;107.025;15/06/2020;00:00:00;-0.087
-5.925;107.025;15/06/2020;01:00:00;-0.101
-5.925;107.025;15/06/2020;02:00:00;-0.118
-5.925;107.025;15/06/2020;03:00:00;-0.139
-5.925;107.025;15/06/2020;04:00:00;-0.159
-5.925;107.025;15/06/2020;05:00:00;-0.171
-5.925;107.025;15/06/2020;06:00:00;-0.169
-5.925;107.025;15/06/2020;07:00:00;-0.146
-5.925;107.025;15/06/2020;08:00:00;-0.101
-5.925;107.025;15/06/2020;09:00:00;-0.036
-5.925;107.025;15/06/2020;10:00:00;0.042
-5.925;107.025;15/06/2020;11:00:00;0.124
-5.925;107.025;15/06/2020;12:00:00;0.196
-5.925;107.025;15/06/2020;13:00:00;0.248
-5.925;107.025;15/06/2020;14:00:00;0.271
-5.925;107.025;15/06/2020;15:00:00;0.261
-5.925;107.025;15/06/2020;16:00:00;0.222
-5.925;107.025;15/06/2020;17:00:00;0.159
-5.925;107.025;15/06/2020;18:00:00;0.083
-5.925;107.025;15/06/2020;19:00:00;0.006
-5.925;107.025;15/06/2020;20:00:00;-0.061
-5.925;107.025;15/06/2020;21:00:00;-0.113
-5.925;107.025;15/06/2020;22:00:00;-0.145
-5.925;107.025;15/06/2020;23:00:00;-0.161
-5.925;107.025;16/06/2020;00:00:00;-0.164
-5.925;107.025;16/06/2020;01:00:00;-0.16
-5.925;107.025;16/06/2020;02:00:00;-0.155
-5.925;107.025;16/06/2020;03:00:00;-0.151
-5.925;107.025;16/06/2020;04:00:00;-0.148
-5.925;107.025;16/06/2020;05:00:00;-0.142
-5.925;107.025;16/06/2020;06:00:00;-0.127
-5.925;107.025;16/06/2020;07:00:00;-0.099
-5.925;107.025;16/06/2020;08:00:00;-0.053
-5.925;107.025;16/06/2020;09:00:00;0.01
-5.925;107.025;16/06/2020;10:00:00;0.086
-5.925;107.025;16/06/2020;11:00:00;0.165
-5.925;107.025;16/06/2020;12:00:00;0.237
-5.925;107.025;16/06/2020;13:00:00;0.29
-5.925;107.025;16/06/2020;14:00:00;0.314
-5.925;107.025;16/06/2020;15:00:00;0.303
-5.925;107.025;16/06/2020;16:00:00;0.257
-5.925;107.025;16/06/2020;17:00:00;0.183
-5.925;107.025;16/06/2020;18:00:00;0.091
-5.925;107.025;16/06/2020;19:00:00;-0.007
-5.925;107.025;16/06/2020;20:00:00;-0.097
-5.925;107.025;16/06/2020;21:00:00;-0.17
-5.925;107.025;16/06/2020;22:00:00;-0.219
-5.925;107.025;16/06/2020;23:00:00;-0.243
-5.925;107.025;17/06/2020;00:00:00;-0.246
-5.925;107.025;17/06/2020;01:00:00;-0.233
-5.925;107.025;17/06/2020;02:00:00;-0.211
-5.925;107.025;17/06/2020;03:00:00;-0.186
-5.925;107.025;17/06/2020;04:00:00;-0.16
-5.925;107.025;17/06/2020;05:00:00;-0.134
-5.925;107.025;17/06/2020;06:00:00;-0.104
-5.925;107.025;17/06/2020;07:00:00;-0.065
-5.925;107.025;17/06/2020;08:00:00;-0.015
-5.925;107.025;17/06/2020;09:00:00;0.05
-5.925;107.025;17/06/2020;10:00:00;0.125
-5.925;107.025;17/06/2020;11:00:00;0.204
-5.925;107.025;17/06/2020;12:00:00;0.277
-5.925;107.025;17/06/2020;13:00:00;0.332
-5.925;107.025;17/06/2020;14:00:00;0.359
-5.925;107.025;17/06/2020;15:00:00;0.351
-5.925;107.025;17/06/2020;16:00:00;0.305
-5.925;107.025;17/06/2020;17:00:00;0.225
-5.925;107.025;17/06/2020;18:00:00;0.121
-5.925;107.025;17/06/2020;19:00:00;0.005
-5.925;107.025;17/06/2020;20:00:00;-0.107
-5.925;107.025;17/06/2020;21:00:00;-0.203
-5.925;107.025;17/06/2020;22:00:00;-0.273
-5.925;107.025;17/06/2020;23:00:00;-0.314
-5.925;107.025;18/06/2020;00:00:00;-0.325
-5.925;107.025;18/06/2020;01:00:00;-0.311
-5.925;107.025;18/06/2020;02:00:00;-0.281
-5.925;107.025;18/06/2020;03:00:00;-0.24
-5.925;107.025;18/06/2020;04:00:00;-0.196
-5.925;107.025;18/06/2020;05:00:00;-0.15
-5.925;107.025;18/06/2020;06:00:00;-0.103
-5.925;107.025;18/06/2020;07:00:00;-0.051
-5.925;107.025;18/06/2020;08:00:00;0.008
-5.925;107.025;18/06/2020;09:00:00;0.077
-5.925;107.025;18/06/2020;10:00:00;0.154
-5.925;107.025;18/06/2020;11:00:00;0.234
-5.925;107.025;18/06/2020;12:00:00;0.31
-5.925;107.025;18/06/2020;13:00:00;0.37
-5.925;107.025;18/06/2020;14:00:00;0.403
-5.925;107.025;18/06/2020;15:00:00;0.401
-5.925;107.025;18/06/2020;16:00:00;0.359
-5.925;107.025;18/06/2020;17:00:00;0.28
-5.925;107.025;18/06/2020;18:00:00;0.171
-5.925;107.025;18/06/2020;19:00:00;0.043
-5.925;107.025;18/06/2020;20:00:00;-0.088
-5.925;107.025;18/06/2020;21:00:00;-0.206
-5.925;107.025;18/06/2020;22:00:00;-0.301
-5.925;107.025;18/06/2020;23:00:00;-0.363
-5.925;107.025;19/06/2020;00:00:00;-0.39
-5.925;107.025;19/06/2020;01:00:00;-0.386
-5.925;107.025;19/06/2020;02:00:00;-0.356
-5.925;107.025;19/06/2020;03:00:00;-0.308
-5.925;107.025;19/06/2020;04:00:00;-0.251
-5.925;107.025;19/06/2020;05:00:00;-0.189
-5.925;107.025;19/06/2020;06:00:00;-0.126
-5.925;107.025;19/06/2020;07:00:00;-0.06
-5.925;107.025;19/06/2020;08:00:00;0.01
-5.925;107.025;19/06/2020;09:00:00;0.085
-5.925;107.025;19/06/2020;10:00:00;0.167
-5.925;107.025;19/06/2020;11:00:00;0.251
-5.925;107.025;19/06/2020;12:00:00;0.331
-5.925;107.025;19/06/2020;13:00:00;0.397
-5.925;107.025;19/06/2020;14:00:00;0.439
-5.925;107.025;19/06/2020;15:00:00;0.448
-5.925;107.025;19/06/2020;16:00:00;0.416
-5.925;107.025;19/06/2020;17:00:00;0.344
-5.925;107.025;19/06/2020;18:00:00;0.237
-5.925;107.025;19/06/2020;19:00:00;0.104
-5.925;107.025;19/06/2020;20:00:00;-0.039
-5.925;107.025;19/06/2020;21:00:00;-0.177
-5.925;107.025;19/06/2020;22:00:00;-0.295
-5.925;107.025;19/06/2020;23:00:00;-0.382
-5.925;107.025;20/06/2020;00:00:00;-0.433
-5.925;107.025;20/06/2020;01:00:00;-0.446
-5.925;107.025;20/06/2020;02:00:00;-0.426
-5.925;107.025;20/06/2020;03:00:00;-0.381
-5.925;107.025;20/06/2020;04:00:00;-0.319
-5.925;107.025;20/06/2020;05:00:00;-0.247
-5.925;107.025;20/06/2020;06:00:00;-0.171
-5.925;107.025;20/06/2020;07:00:00;-0.092
-5.925;107.025;20/06/2020;08:00:00;-0.011
-5.925;107.025;20/06/2020;09:00:00;0.073
-5.925;107.025;20/06/2020;10:00:00;0.161
-5.925;107.025;20/06/2020;11:00:00;0.25
-5.925;107.025;20/06/2020;12:00:00;0.336
-5.925;107.025;20/06/2020;13:00:00;0.41
-5.925;107.025;20/06/2020;14:00:00;0.463
-5.925;107.025;20/06/2020;15:00:00;0.485
-5.925;107.025;20/06/2020;16:00:00;0.468
-5.925;107.025;20/06/2020;17:00:00;0.409
-5.925;107.025;20/06/2020;18:00:00;0.311
-5.925;107.025;20/06/2020;19:00:00;0.181
-5.925;107.025;20/06/2020;20:00:00;0.033
-5.925;107.025;20/06/2020;21:00:00;-0.118
-5.925;107.025;20/06/2020;22:00:00;-0.256
-5.925;107.025;20/06/2020;23:00:00;-0.368
-5.925;107.025;21/06/2020;00:00:00;-0.445
-5.925;107.025;21/06/2020;01:00:00;-0.482
-5.925;107.025;21/06/2020;02:00:00;-0.481
-5.925;107.025;21/06/2020;03:00:00;-0.448
-5.925;107.025;21/06/2020;04:00:00;-0.39
-5.925;107.025;21/06/2020;05:00:00;-0.316
-5.925;107.025;21/06/2020;06:00:00;-0.232
-5.925;107.025;21/06/2020;07:00:00;-0.144
-5.925;107.025;21/06/2020;08:00:00;-0.053
-5.925;107.025;21/06/2020;09:00:00;0.04
-5.925;107.025;21/06/2020;10:00:00;0.135
-5.925;107.025;21/06/2020;11:00:00;0.23
-5.925;107.025;21/06/2020;12:00:00;0.322
-5.925;107.025;21/06/2020;13:00:00;0.404
-5.925;107.025;21/06/2020;14:00:00;0.468
-5.925;107.025;21/06/2020;15:00:00;0.504
-5.925;107.025;21/06/2020;16:00:00;0.504
-5.925;107.025;21/06/2020;17:00:00;0.464
-5.925;107.025;21/06/2020;18:00:00;0.382
-5.925;107.025;21/06/2020;19:00:00;0.264
-5.925;107.025;21/06/2020;20:00:00;0.12
-5.925;107.025;21/06/2020;21:00:00;-0.036
-5.925;107.025;21/06/2020;22:00:00;-0.188
-5.925;107.025;21/06/2020;23:00:00;-0.321
-5.925;107.025;22/06/2020;00:00:00;-0.423
-5.925;107.025;22/06/2020;01:00:00;-0.487
-5.925;107.025;22/06/2020;02:00:00;-0.511
-5.925;107.025;22/06/2020;03:00:00;-0.497
-5.925;107.025;22/06/2020;04:00:00;-0.452
-5.925;107.025;22/06/2020;05:00:00;-0.384
-5.925;107.025;22/06/2020;06:00:00;-0.299
-5.925;107.025;22/06/2020;07:00:00;-0.206
-5.925;107.025;22/06/2020;08:00:00;-0.108
-5.925;107.025;22/06/2020;09:00:00;-0.008
-5.925;107.025;22/06/2020;10:00:00;0.093
-5.925;107.025;22/06/2020;11:00:00;0.193
-5.925;107.025;22/06/2020;12:00:00;0.29
-5.925;107.025;22/06/2020;13:00:00;0.378
-5.925;107.025;22/06/2020;14:00:00;0.451
-5.925;107.025;22/06/2020;15:00:00;0.501
-5.925;107.025;22/06/2020;16:00:00;0.518
-5.925;107.025;22/06/2020;17:00:00;0.498
-5.925;107.025;22/06/2020;18:00:00;0.437
-5.925;107.025;22/06/2020;19:00:00;0.337
-5.925;107.025;22/06/2020;20:00:00;0.207
-5.925;107.025;22/06/2020;21:00:00;0.056
-5.925;107.025;22/06/2020;22:00:00;-0.1
-5.925;107.025;22/06/2020;23:00:00;-0.246
-5.925;107.025;23/06/2020;00:00:00;-0.369
-5.925;107.025;23/06/2020;01:00:00;-0.459
-5.925;107.025;23/06/2020;02:00:00;-0.509
-5.925;107.025;23/06/2020;03:00:00;-0.519
-5.925;107.025;23/06/2020;04:00:00;-0.493
-5.925;107.025;23/06/2020;05:00:00;-0.438
-5.925;107.025;23/06/2020;06:00:00;-0.36
-5.925;107.025;23/06/2020;07:00:00;-0.267
-5.925;107.025;23/06/2020;08:00:00;-0.167
-5.925;107.025;23/06/2020;09:00:00;-0.063
-5.925;107.025;23/06/2020;10:00:00;0.042
-5.925;107.025;23/06/2020;11:00:00;0.146
-5.925;107.025;23/06/2020;12:00:00;0.245
-5.925;107.025;23/06/2020;13:00:00;0.336
-5.925;107.025;23/06/2020;14:00:00;0.414
-5.925;107.025;23/06/2020;15:00:00;0.473
-5.925;107.025;23/06/2020;16:00:00;0.504
-5.925;107.025;23/06/2020;17:00:00;0.502
-5.925;107.025;23/06/2020;18:00:00;0.463
-5.925;107.025;23/06/2020;19:00:00;0.387
-5.925;107.025;23/06/2020;20:00:00;0.277
-5.925;107.025;23/06/2020;21:00:00;0.141
-5.925;107.025;23/06/2020;22:00:00;-0.008
-5.925;107.025;23/06/2020;23:00:00;-0.157
-5.925;107.025;24/06/2020;00:00:00;-0.291
-5.925;107.025;24/06/2020;01:00:00;-0.4
-5.925;107.025;24/06/2020;02:00:00;-0.473
-5.925;107.025;24/06/2020;03:00:00;-0.508
-5.925;107.025;24/06/2020;04:00:00;-0.505
-5.925;107.025;24/06/2020;05:00:00;-0.467
-5.925;107.025;24/06/2020;06:00:00;-0.401
-5.925;107.025;24/06/2020;07:00:00;-0.315
-5.925;107.025;24/06/2020;08:00:00;-0.216
-5.925;107.025;24/06/2020;09:00:00;-0.112
-5.925;107.025;24/06/2020;10:00:00;-0.006
-5.925;107.025;24/06/2020;11:00:00;0.097
-5.925;107.025;24/06/2020;12:00:00;0.195
-5.925;107.025;24/06/2020;13:00:00;0.284
-5.925;107.025;24/06/2020;14:00:00;0.362
-5.925;107.025;24/06/2020;15:00:00;0.423
-5.925;107.025;24/06/2020;16:00:00;0.462
-5.925;107.025;24/06/2020;17:00:00;0.473
-5.925;107.025;24/06/2020;18:00:00;0.454
-5.925;107.025;24/06/2020;19:00:00;0.4
-5.925;107.025;24/06/2020;20:00:00;0.314
-5.925;107.025;24/06/2020;21:00:00;0.201
-5.925;107.025;24/06/2020;22:00:00;0.069
-5.925;107.025;24/06/2020;23:00:00;-0.07
-5.925;107.025;25/06/2020;00:00:00;-0.204
-5.925;107.025;25/06/2020;01:00:00;-0.321
-5.925;107.025;25/06/2020;02:00:00;-0.41
-5.925;107.025;25/06/2020;03:00:00;-0.464
-5.925;107.025;25/06/2020;04:00:00;-0.482
-5.925;107.025;25/06/2020;05:00:00;-0.463
-5.925;107.025;25/06/2020;06:00:00;-0.412
-5.925;107.025;25/06/2020;07:00:00;-0.337
-5.925;107.025;25/06/2020;08:00:00;-0.244
-5.925;107.025;25/06/2020;09:00:00;-0.144
-5.925;107.025;25/06/2020;10:00:00;-0.041
-5.925;107.025;25/06/2020;11:00:00;0.059
-5.925;107.025;25/06/2020;12:00:00;0.151
-5.925;107.025;25/06/2020;13:00:00;0.234
-5.925;107.025;25/06/2020;14:00:00;0.304
-5.925;107.025;25/06/2020;15:00:00;0.359
-5.925;107.025;25/06/2020;16:00:00;0.396
-5.925;107.025;25/06/2020;17:00:00;0.412
-5.925;107.025;25/06/2020;18:00:00;0.404
-5.925;107.025;25/06/2020;19:00:00;0.37
-5.925;107.025;25/06/2020;20:00:00;0.308
-5.925;107.025;25/06/2020;21:00:00;0.222
-5.925;107.025;25/06/2020;22:00:00;0.115
-5.925;107.025;25/06/2020;23:00:00;-0.003
-5.925;107.025;26/06/2020;00:00:00;-0.124
-5.925;107.025;26/06/2020;01:00:00;-0.236
-5.925;107.025;26/06/2020;02:00:00;-0.33
-5.925;107.025;26/06/2020;03:00:00;-0.395
-5.925;107.025;26/06/2020;04:00:00;-0.427
-5.925;107.025;26/06/2020;05:00:00;-0.425
-5.925;107.025;26/06/2020;06:00:00;-0.389
-5.925;107.025;26/06/2020;07:00:00;-0.326
-5.925;107.025;26/06/2020;08:00:00;-0.243
-5.925;107.025;26/06/2020;09:00:00;-0.148
-5.925;107.025;26/06/2020;10:00:00;-0.051
-5.925;107.025;26/06/2020;11:00:00;0.043
-5.925;107.025;26/06/2020;12:00:00;0.126
-5.925;107.025;26/06/2020;13:00:00;0.197
-5.925;107.025;26/06/2020;14:00:00;0.253
-5.925;107.025;26/06/2020;15:00:00;0.294
-5.925;107.025;26/06/2020;16:00:00;0.319
-5.925;107.025;26/06/2020;17:00:00;0.329
-5.925;107.025;26/06/2020;18:00:00;0.322
-5.925;107.025;26/06/2020;19:00:00;0.297
-5.925;107.025;26/06/2020;20:00:00;0.255
-5.925;107.025;26/06/2020;21:00:00;0.193
-5.925;107.025;26/06/2020;22:00:00;0.116
-5.925;107.025;26/06/2020;23:00:00;0.026
-5.925;107.025;27/06/2020;00:00:00;-0.071
-5.925;107.025;27/06/2020;01:00:00;-0.165
-5.925;107.025;27/06/2020;02:00:00;-0.249
-5.925;107.025;27/06/2020;03:00:00;-0.314
-5.925;107.025;27/06/2020;04:00:00;-0.352
-5.925;107.025;27/06/2020;05:00:00;-0.359
-5.925;107.025;27/06/2020;06:00:00;-0.335
-5.925;107.025;27/06/2020;07:00:00;-0.283
-5.925;107.025;27/06/2020;08:00:00;-0.209
-5.925;107.025;27/06/2020;09:00:00;-0.121
-5.925;107.025;27/06/2020;10:00:00;-0.03
-5.925;107.025;27/06/2020;11:00:00;0.056
-5.925;107.025;27/06/2020;12:00:00;0.13
-5.925;107.025;27/06/2020;13:00:00;0.186
-5.925;107.025;27/06/2020;14:00:00;0.224
-5.925;107.025;27/06/2020;15:00:00;0.244
-5.925;107.025;27/06/2020;16:00:00;0.248
-5.925;107.025;27/06/2020;17:00:00;0.24
-5.925;107.025;27/06/2020;18:00:00;0.221
-5.925;107.025;27/06/2020;19:00:00;0.194
-5.925;107.025;27/06/2020;20:00:00;0.159
-5.925;107.025;27/06/2020;21:00:00;0.116
-5.925;107.025;27/06/2020;22:00:00;0.065
-5.925;107.025;27/06/2020;23:00:00;0.006
-5.925;107.025;28/06/2020;00:00:00;-0.059
-5.925;107.025;28/06/2020;01:00:00;-0.125
-5.925;107.025;28/06/2020;02:00:00;-0.187
-5.925;107.025;28/06/2020;03:00:00;-0.238
-5.925;107.025;28/06/2020;04:00:00;-0.271
-5.925;107.025;28/06/2020;05:00:00;-0.28
-5.925;107.025;28/06/2020;06:00:00;-0.261
-5.925;107.025;28/06/2020;07:00:00;-0.216
-5.925;107.025;28/06/2020;08:00:00;-0.148
-5.925;107.025;28/06/2020;09:00:00;-0.066
-5.925;107.025;28/06/2020;10:00:00;0.02
-5.925;107.025;28/06/2020;11:00:00;0.1
-5.925;107.025;28/06/2020;12:00:00;0.166
-5.925;107.025;28/06/2020;13:00:00;0.209
-5.925;107.025;28/06/2020;14:00:00;0.229
-5.925;107.025;28/06/2020;15:00:00;0.225
-5.925;107.025;28/06/2020;16:00:00;0.202
-5.925;107.025;28/06/2020;17:00:00;0.165
-5.925;107.025;28/06/2020;18:00:00;0.123
-5.925;107.025;28/06/2020;19:00:00;0.08
-5.925;107.025;28/06/2020;20:00:00;0.039
-5.925;107.025;28/06/2020;21:00:00;0.003
-5.925;107.025;28/06/2020;22:00:00;-0.03
-5.925;107.025;28/06/2020;23:00:00;-0.062
-5.925;107.025;29/06/2020;00:00:00;-0.095
-5.925;107.025;29/06/2020;01:00:00;-0.128
-5.925;107.025;29/06/2020;02:00:00;-0.16
-5.925;107.025;29/06/2020;03:00:00;-0.187
-5.925;107.025;29/06/2020;04:00:00;-0.204
-5.925;107.025;29/06/2020;05:00:00;-0.204
-5.925;107.025;29/06/2020;06:00:00;-0.183
-5.925;107.025;29/06/2020;07:00:00;-0.139
-5.925;107.025;29/06/2020;08:00:00;-0.074
-5.925;107.025;29/06/2020;09:00:00;0.005
-5.925;107.025;29/06/2020;10:00:00;0.089
-5.925;107.025;29/06/2020;11:00:00;0.168
-5.925;107.025;29/06/2020;12:00:00;0.229
-5.925;107.025;29/06/2020;13:00:00;0.265
-5.925;107.025;29/06/2020;14:00:00;0.27
-5.925;107.025;29/06/2020;15:00:00;0.245
-5.925;107.025;29/06/2020;16:00:00;0.194
-5.925;107.025;29/06/2020;17:00:00;0.127
-5.925;107.025;29/06/2020;18:00:00;0.052
-5.925;107.025;29/06/2020;19:00:00;-0.019
-5.925;107.025;29/06/2020;20:00:00;-0.08
-5.925;107.025;29/06/2020;21:00:00;-0.125
-5.925;107.025;29/06/2020;22:00:00;-0.154
-5.925;107.025;29/06/2020;23:00:00;-0.169
-5.925;107.025;30/06/2020;00:00:00;-0.176
-5.925;107.025;30/06/2020;01:00:00;-0.177
-5.925;107.025;30/06/2020;02:00:00;-0.176
-5.925;107.025;30/06/2020;03:00:00;-0.173
-5.925;107.025;30/06/2020;04:00:00;-0.166
-5.925;107.025;30/06/2020;05:00:00;-0.149
-5.925;107.025;30/06/2020;06:00:00;-0.119
-5.925;107.025;30/06/2020;07:00:00;-0.071
-5.925;107.025;30/06/2020;08:00:00;-0.005
-5.925;107.025;30/06/2020;09:00:00;0.075
-5.925;107.025;30/06/2020;10:00:00;0.161
-5.925;107.025;30/06/2020;11:00:00;0.242
-5.925;107.025;30/06/2020;12:00:00;0.306
-5.925;107.025;30/06/2020;13:00:00;0.342
-5.925;107.025;30/06/2020;14:00:00;0.342
-5.925;107.025;30/06/2020;15:00:00;0.304
-5.925;107.025;30/06/2020;16:00:00;0.233
-5.925;107.025;30/06/2020;17:00:00;0.136
-5.925;107.025;30/06/2020;18:00:00;0.028
-5.925;107.025;30/06/2020;19:00:00;-0.078
-5.925;107.025;30/06/2020;20:00:00;-0.17
-5.925;107.025;30/06/2020;21:00:00;-0.238
-5.925;107.025;30/06/2020;22:00:00;-0.279
-5.925;107.025;30/06/2020;23:00:00;-0.293
-5.925;107.025;01/07/2020;00:00:00;-0.286
-5.925;107.025;01/07/2020;01:00:00;-0.264
-5.925;107.025;01/07/2020;02:00:00;-0.234
-5.925;107.025;01/07/2020;03:00:00;-0.201
-5.925;107.025;01/07/2020;04:00:00;-0.167
-5.925;107.025;01/07/2020;05:00:00;-0.129
-5.925;107.025;01/07/2020;06:00:00;-0.084
-5.925;107.025;01/07/2020;07:00:00;-0.027
-5.925;107.025;01/07/2020;08:00:00;0.044
-5.925;107.025;01/07/2020;09:00:00;0.128
-5.925;107.025;01/07/2020;10:00:00;0.218
-5.925;107.025;01/07/2020;11:00:00;0.306
-5.925;107.025;01/07/2020;12:00:00;0.378
-5.925;107.025;01/07/2020;13:00:00;0.423
-5.925;107.025;01/07/2020;14:00:00;0.428
-5.925;107.025;01/07/2020;15:00:00;0.39
-5.925;107.025;01/07/2020;16:00:00;0.31
-5.925;107.025;01/07/2020;17:00:00;0.195
-5.925;107.025;01/07/2020;18:00:00;0.059
-5.925;107.025;01/07/2020;19:00:00;-0.081
-5.925;107.025;01/07/2020;20:00:00;-0.209
-5.925;107.025;01/07/2020;21:00:00;-0.31
-5.925;107.025;01/07/2020;22:00:00;-0.376
-5.925;107.025;01/07/2020;23:00:00;-0.405
-5.925;107.025;02/07/2020;00:00:00;-0.4
-5.925;107.025;02/07/2020;01:00:00;-0.369
-5.925;107.025;02/07/2020;02:00:00;-0.321
-5.925;107.025;02/07/2020;03:00:00;-0.265
-5.925;107.025;02/07/2020;04:00:00;-0.206
-5.925;107.025;02/07/2020;05:00:00;-0.146
-5.925;107.025;02/07/2020;06:00:00;-0.084
-5.925;107.025;02/07/2020;07:00:00;-0.016
-5.925;107.025;02/07/2020;08:00:00;0.061
-5.925;107.025;02/07/2020;09:00:00;0.15
-5.925;107.025;02/07/2020;10:00:00;0.246
-5.925;107.025;02/07/2020;11:00:00;0.342
-5.925;107.025;02/07/2020;12:00:00;0.426
-5.925;107.025;02/07/2020;13:00:00;0.485
-5.925;107.025;02/07/2020;14:00:00;0.506
-5.925;107.025;02/07/2020;15:00:00;0.481
-5.925;107.025;02/07/2020;16:00:00;0.406
-5.925;107.025;02/07/2020;17:00:00;0.288
-5.925;107.025;02/07/2020;18:00:00;0.138
-5.925;107.025;02/07/2020;19:00:00;-0.026
-5.925;107.025;02/07/2020;20:00:00;-0.186
-5.925;107.025;02/07/2020;21:00:00;-0.322
-5.925;107.025;02/07/2020;22:00:00;-0.423
-5.925;107.025;02/07/2020;23:00:00;-0.479
-5.925;107.025;03/07/2020;00:00:00;-0.492
-5.925;107.025;03/07/2020;01:00:00;-0.468
-5.925;107.025;03/07/2020;02:00:00;-0.416
-5.925;107.025;03/07/2020;03:00:00;-0.348
-5.925;107.025;03/07/2020;04:00:00;-0.272
-5.925;107.025;03/07/2020;05:00:00;-0.195
-5.925;107.025;03/07/2020;06:00:00;-0.118
-5.925;107.025;03/07/2020;07:00:00;-0.039
-5.925;107.025;03/07/2020;08:00:00;0.045
-5.925;107.025;03/07/2020;09:00:00;0.137
-5.925;107.025;03/07/2020;10:00:00;0.237
-5.925;107.025;03/07/2020;11:00:00;0.34
-5.925;107.025;03/07/2020;12:00:00;0.436
-5.925;107.025;03/07/2020;13:00:00;0.512
-5.925;107.025;03/07/2020;14:00:00;0.555
-5.925;107.025;03/07/2020;15:00:00;0.552
-5.925;107.025;03/07/2020;16:00:00;0.498
-5.925;107.025;03/07/2020;17:00:00;0.393
-5.925;107.025;03/07/2020;18:00:00;0.246
-5.925;107.025;03/07/2020;19:00:00;0.072
-5.925;107.025;03/07/2020;20:00:00;-0.107
-5.925;107.025;03/07/2020;21:00:00;-0.273
-5.925;107.025;03/07/2020;22:00:00;-0.408
-5.925;107.025;03/07/2020;23:00:00;-0.498
-5.925;107.025;04/07/2020;00:00:00;-0.541
-5.925;107.025;04/07/2020;01:00:00;-0.537
-5.925;107.025;04/07/2020;02:00:00;-0.496
-5.925;107.025;04/07/2020;03:00:00;-0.429
-5.925;107.025;04/07/2020;04:00:00;-0.348
-5.925;107.025;04/07/2020;05:00:00;-0.261
-5.925;107.025;04/07/2020;06:00:00;-0.174
-5.925;107.025;04/07/2020;07:00:00;-0.087
-5.925;107.025;04/07/2020;08:00:00;0.002
-5.925;107.025;04/07/2020;09:00:00;0.096
-5.925;107.025;04/07/2020;10:00:00;0.197
-5.925;107.025;04/07/2020;11:00:00;0.303
-5.925;107.025;04/07/2020;12:00:00;0.407
-5.925;107.025;04/07/2020;13:00:00;0.497
-5.925;107.025;04/07/2020;14:00:00;0.561
-5.925;107.025;04/07/2020;15:00:00;0.585
-5.925;107.025;04/07/2020;16:00:00;0.56
-5.925;107.025;04/07/2020;17:00:00;0.481
-5.925;107.025;04/07/2020;18:00:00;0.354
-5.925;107.025;04/07/2020;19:00:00;0.189
-5.925;107.025;04/07/2020;20:00:00;0.006
-5.925;107.025;04/07/2020;21:00:00;-0.177
-5.925;107.025;04/07/2020;22:00:00;-0.337
-5.925;107.025;04/07/2020;23:00:00;-0.46
-5.925;107.025;05/07/2020;00:00:00;-0.535
-5.925;107.025;05/07/2020;01:00:00;-0.561
-5.925;107.025;05/07/2020;02:00:00;-0.543
-5.925;107.025;05/07/2020;03:00:00;-0.49
-5.925;107.025;05/07/2020;04:00:00;-0.415
-5.925;107.025;05/07/2020;05:00:00;-0.328
-5.925;107.025;05/07/2020;06:00:00;-0.237
-5.925;107.025;05/07/2020;07:00:00;-0.146
-5.925;107.025;05/07/2020;08:00:00;-0.055
-5.925;107.025;05/07/2020;09:00:00;0.039
-5.925;107.025;05/07/2020;10:00:00;0.137
-5.925;107.025;05/07/2020;11:00:00;0.241
-5.925;107.025;05/07/2020;12:00:00;0.346
-5.925;107.025;05/07/2020;13:00:00;0.445
-5.925;107.025;05/07/2020;14:00:00;0.524
-5.925;107.025;05/07/2020;15:00:00;0.572
-5.925;107.025;05/07/2020;16:00:00;0.577
-5.925;107.025;05/07/2020;17:00:00;0.531
-5.925;107.025;05/07/2020;18:00:00;0.435
-5.925;107.025;05/07/2020;19:00:00;0.294
-5.925;107.025;05/07/2020;20:00:00;0.124
-5.925;107.025;05/07/2020;21:00:00;-0.057
-5.925;107.025;05/07/2020;22:00:00;-0.23
-5.925;107.025;05/07/2020;23:00:00;-0.375
-5.925;107.025;06/07/2020;00:00:00;-0.479
-5.925;107.025;06/07/2020;01:00:00;-0.537
-5.925;107.025;06/07/2020;02:00:00;-0.547
-5.925;107.025;06/07/2020;03:00:00;-0.517
-5.925;107.025;06/07/2020;04:00:00;-0.457
-5.925;107.025;06/07/2020;05:00:00;-0.378
-5.925;107.025;06/07/2020;06:00:00;-0.29
-5.925;107.025;06/07/2020;07:00:00;-0.2
-5.925;107.025;06/07/2020;08:00:00;-0.11
-5.925;107.025;06/07/2020;09:00:00;-0.019
-5.925;107.025;06/07/2020;10:00:00;0.074
-5.925;107.025;06/07/2020;11:00:00;0.172
-5.925;107.025;06/07/2020;12:00:00;0.271
-5.925;107.025;06/07/2020;13:00:00;0.369
-5.925;107.025;06/07/2020;14:00:00;0.455
-5.925;107.025;06/07/2020;15:00:00;0.518
-5.925;107.025;06/07/2020;16:00:00;0.547
-5.925;107.025;06/07/2020;17:00:00;0.533
-5.925;107.025;06/07/2020;18:00:00;0.471
-5.925;107.025;06/07/2020;19:00:00;0.363
-5.925;107.025;06/07/2020;20:00:00;0.22
-5.925;107.025;06/07/2020;21:00:00;0.055
-5.925;107.025;06/07/2020;22:00:00;-0.113
-5.925;107.025;06/07/2020;23:00:00;-0.266
-5.925;107.025;07/07/2020;00:00:00;-0.389
-5.925;107.025;07/07/2020;01:00:00;-0.472
-5.925;107.025;07/07/2020;02:00:00;-0.509
-5.925;107.025;07/07/2020;03:00:00;-0.505
-5.925;107.025;07/07/2020;04:00:00;-0.466
-5.925;107.025;07/07/2020;05:00:00;-0.401
-5.925;107.025;07/07/2020;06:00:00;-0.322
-5.925;107.025;07/07/2020;07:00:00;-0.237
-5.925;107.025;07/07/2020;08:00:00;-0.15
-5.925;107.025;07/07/2020;09:00:00;-0.063
-5.925;107.025;07/07/2020;10:00:00;0.023
-5.925;107.025;07/07/2020;11:00:00;0.111
-5.925;107.025;07/07/2020;12:00:00;0.2
-5.925;107.025;07/07/2020;13:00:00;0.289
-5.925;107.025;07/07/2020;14:00:00;0.371
-5.925;107.025;07/07/2020;15:00:00;0.437
-5.925;107.025;07/07/2020;16:00:00;0.479
-5.925;107.025;07/07/2020;17:00:00;0.488
-5.925;107.025;07/07/2020;18:00:00;0.456
-5.925;107.025;07/07/2020;19:00:00;0.383
-5.925;107.025;07/07/2020;20:00:00;0.273
-5.925;107.025;07/07/2020;21:00:00;0.136
-5.925;107.025;07/07/2020;22:00:00;-0.013
-5.925;107.025;07/07/2020;23:00:00;-0.16
-5.925;107.025;08/07/2020;00:00:00;-0.287
-5.925;107.025;08/07/2020;01:00:00;-0.383
-5.925;107.025;08/07/2020;02:00:00;-0.442
-5.925;107.025;08/07/2020;03:00:00;-0.46
-5.925;107.025;08/07/2020;04:00:00;-0.442
-5.925;107.025;08/07/2020;05:00:00;-0.395
-5.925;107.025;08/07/2020;06:00:00;-0.329
-5.925;107.025;08/07/2020;07:00:00;-0.25
-5.925;107.025;08/07/2020;08:00:00;-0.168
-5.925;107.025;08/07/2020;09:00:00;-0.086
-5.925;107.025;08/07/2020;10:00:00;-0.006
-5.925;107.025;08/07/2020;11:00:00;0.072
-5.925;107.025;08/07/2020;12:00:00;0.149
-5.925;107.025;08/07/2020;13:00:00;0.223
-5.925;107.025;08/07/2020;14:00:00;0.291
-5.925;107.025;08/07/2020;15:00:00;0.35
-5.925;107.025;08/07/2020;16:00:00;0.392
-5.925;107.025;08/07/2020;17:00:00;0.41
-5.925;107.025;08/07/2020;18:00:00;0.398
-5.925;107.025;08/07/2020;19:00:00;0.353
-5.925;107.025;08/07/2020;20:00:00;0.275
-5.925;107.025;08/07/2020;21:00:00;0.171
-5.925;107.025;08/07/2020;22:00:00;0.05
-5.925;107.025;08/07/2020;23:00:00;-0.077
-5.925;107.025;09/07/2020;00:00:00;-0.194
-5.925;107.025;09/07/2020;01:00:00;-0.292
-5.925;107.025;09/07/2020;02:00:00;-0.36
-5.925;107.025;09/07/2020;03:00:00;-0.394
-5.925;107.025;09/07/2020;04:00:00;-0.394
-5.925;107.025;09/07/2020;05:00:00;-0.364
-5.925;107.025;09/07/2020;06:00:00;-0.31
-5.925;107.025;09/07/2020;07:00:00;-0.241
-5.925;107.025;09/07/2020;08:00:00;-0.164
-5.925;107.025;09/07/2020;09:00:00;-0.085
-5.925;107.025;09/07/2020;10:00:00;-0.01
-5.925;107.025;09/07/2020;11:00:00;0.06
-5.925;107.025;09/07/2020;12:00:00;0.124
-5.925;107.025;09/07/2020;13:00:00;0.182
-5.925;107.025;09/07/2020;14:00:00;0.232
-5.925;107.025;09/07/2020;15:00:00;0.274
-5.925;107.025;09/07/2020;16:00:00;0.304
-5.925;107.025;09/07/2020;17:00:00;0.318
-5.925;107.025;09/07/2020;18:00:00;0.312
-5.925;107.025;09/07/2020;19:00:00;0.284
-5.925;107.025;09/07/2020;20:00:00;0.231
-5.925;107.025;09/07/2020;21:00:00;0.158
-5.925;107.025;09/07/2020;22:00:00;0.068
-5.925;107.025;09/07/2020;23:00:00;-0.031
-5.925;107.025;10/07/2020;00:00:00;-0.128
-5.925;107.025;10/07/2020;01:00:00;-0.214
-5.925;107.025;10/07/2020;02:00:00;-0.28
-5.925;107.025;10/07/2020;03:00:00;-0.32
-5.925;107.025;10/07/2020;04:00:00;-0.331
-5.925;107.025;10/07/2020;05:00:00;-0.314
-5.925;107.025;10/07/2020;06:00:00;-0.272
-5.925;107.025;10/07/2020;07:00:00;-0.211
-5.925;107.025;10/07/2020;08:00:00;-0.14
-5.925;107.025;10/07/2020;09:00:00;-0.065
-5.925;107.025;10/07/2020;10:00:00;0.007
-5.925;107.025;10/07/2020;11:00:00;0.072
-5.925;107.025;10/07/2020;12:00:00;0.126
-5.925;107.025;10/07/2020;13:00:00;0.169
-5.925;107.025;10/07/2020;14:00:00;0.201
-5.925;107.025;10/07/2020;15:00:00;0.222
-5.925;107.025;10/07/2020;16:00:00;0.232
-5.925;107.025;10/07/2020;17:00:00;0.231
-5.925;107.025;10/07/2020;18:00:00;0.218
-5.925;107.025;10/07/2020;19:00:00;0.193
-5.925;107.025;10/07/2020;20:00:00;0.155
-5.925;107.025;10/07/2020;21:00:00;0.104
-5.925;107.025;10/07/2020;22:00:00;0.042
-5.925;107.025;10/07/2020;23:00:00;-0.026
-5.925;107.025;11/07/2020;00:00:00;-0.097
-5.925;107.025;11/07/2020;01:00:00;-0.162
-5.925;107.025;11/07/2020;02:00:00;-0.216
-5.925;107.025;11/07/2020;03:00:00;-0.252
-5.925;107.025;11/07/2020;04:00:00;-0.265
-5.925;107.025;11/07/2020;05:00:00;-0.255
-5.925;107.025;11/07/2020;06:00:00;-0.222
-5.925;107.025;11/07/2020;07:00:00;-0.169
-5.925;107.025;11/07/2020;08:00:00;-0.103
-5.925;107.025;11/07/2020;09:00:00;-0.031
-5.925;107.025;11/07/2020;10:00:00;0.04
-5.925;107.025;11/07/2020;11:00:00;0.102
-5.925;107.025;11/07/2020;12:00:00;0.15
-5.925;107.025;11/07/2020;13:00:00;0.183
-5.925;107.025;11/07/2020;14:00:00;0.198
-5.925;107.025;11/07/2020;15:00:00;0.198
-5.925;107.025;11/07/2020;16:00:00;0.185
-5.925;107.025;11/07/2020;17:00:00;0.162
-5.925;107.025;11/07/2020;18:00:00;0.132
-5.925;107.025;11/07/2020;19:00:00;0.099
-5.925;107.025;11/07/2020;20:00:00;0.062
-5.925;107.025;11/07/2020;21:00:00;0.024
-5.925;107.025;11/07/2020;22:00:00;-0.017
-5.925;107.025;11/07/2020;23:00:00;-0.059
-5.925;107.025;12/07/2020;00:00:00;-0.101
-5.925;107.025;12/07/2020;01:00:00;-0.14
-5.925;107.025;12/07/2020;02:00:00;-0.174
-5.925;107.025;12/07/2020;03:00:00;-0.197
-5.925;107.025;12/07/2020;04:00:00;-0.206
-5.925;107.025;12/07/2020;05:00:00;-0.196
-5.925;107.025;12/07/2020;06:00:00;-0.168
-5.925;107.025;12/07/2020;07:00:00;-0.121
-5.925;107.025;12/07/2020;08:00:00;-0.06
-5.925;107.025;12/07/2020;09:00:00;0.01
-5.925;107.025;12/07/2020;10:00:00;0.08
-5.925;107.025;12/07/2020;11:00:00;0.142
-5.925;107.025;12/07/2020;12:00:00;0.188
-5.925;107.025;12/07/2020;13:00:00;0.214
-5.925;107.025;12/07/2020;14:00:00;0.218
-5.925;107.025;12/07/2020;15:00:00;0.2
-5.925;107.025;12/07/2020;16:00:00;0.165
-5.925;107.025;12/07/2020;17:00:00;0.118
-5.925;107.025;12/07/2020;18:00:00;0.066
-5.925;107.025;12/07/2020;19:00:00;0.015
-5.925;107.025;12/07/2020;20:00:00;-0.03
-5.925;107.025;12/07/2020;21:00:00;-0.067
-5.925;107.025;12/07/2020;22:00:00;-0.096
-5.925;107.025;12/07/2020;23:00:00;-0.118
-5.925;107.025;13/07/2020;00:00:00;-0.134
-5.925;107.025;13/07/2020;01:00:00;-0.148
-5.925;107.025;13/07/2020;02:00:00;-0.157
-5.925;107.025;13/07/2020;03:00:00;-0.162
-5.925;107.025;13/07/2020;04:00:00;-0.159
-5.925;107.025;13/07/2020;05:00:00;-0.145
-5.925;107.025;13/07/2020;06:00:00;-0.117
-5.925;107.025;13/07/2020;07:00:00;-0.073
-5.925;107.025;13/07/2020;08:00:00;-0.015
-5.925;107.025;13/07/2020;09:00:00;0.052
-5.925;107.025;13/07/2020;10:00:00;0.122
-5.925;107.025;13/07/2020;11:00:00;0.185
-5.925;107.025;13/07/2020;12:00:00;0.232
-5.925;107.025;13/07/2020;13:00:00;0.257
-5.925;107.025;13/07/2020;14:00:00;0.254
-5.925;107.025;13/07/2020;15:00:00;0.224
-5.925;107.025;13/07/2020;16:00:00;0.171
-5.925;107.025;13/07/2020;17:00:00;0.101
-5.925;107.025;13/07/2020;18:00:00;0.026
-5.925;107.025;13/07/2020;19:00:00;-0.047
-5.925;107.025;13/07/2020;20:00:00;-0.109
-5.925;107.025;13/07/2020;21:00:00;-0.154
-5.925;107.025;13/07/2020;22:00:00;-0.181
-5.925;107.025;13/07/2020;23:00:00;-0.192
-5.925;107.025;14/07/2020;00:00:00;-0.19
-5.925;107.025;14/07/2020;01:00:00;-0.181
-5.925;107.025;14/07/2020;02:00:00;-0.166
-5.925;107.025;14/07/2020;03:00:00;-0.15
-5.925;107.025;14/07/2020;04:00:00;-0.131
-5.925;107.025;14/07/2020;05:00:00;-0.107
-5.925;107.025;14/07/2020;06:00:00;-0.074
-5.925;107.025;14/07/2020;07:00:00;-0.03
-5.925;107.025;14/07/2020;08:00:00;0.026
-5.925;107.025;14/07/2020;09:00:00;0.091
-5.925;107.025;14/07/2020;10:00:00;0.161
-5.925;107.025;14/07/2020;11:00:00;0.226
-5.925;107.025;14/07/2020;12:00:00;0.276
-5.925;107.025;14/07/2020;13:00:00;0.303
-5.925;107.025;14/07/2020;14:00:00;0.3
-5.925;107.025;14/07/2020;15:00:00;0.264
-5.925;107.025;14/07/2020;16:00:00;0.198
-5.925;107.025;14/07/2020;17:00:00;0.111
-5.925;107.025;14/07/2020;18:00:00;0.013
-5.925;107.025;14/07/2020;19:00:00;-0.084
-5.925;107.025;14/07/2020;20:00:00;-0.167
-5.925;107.025;14/07/2020;21:00:00;-0.228
-5.925;107.025;14/07/2020;22:00:00;-0.262
-5.925;107.025;14/07/2020;23:00:00;-0.272
-5.925;107.025;15/07/2020;00:00:00;-0.26
-5.925;107.025;15/07/2020;01:00:00;-0.233
-5.925;107.025;15/07/2020;02:00:00;-0.198
-5.925;107.025;15/07/2020;03:00:00;-0.161
-5.925;107.025;15/07/2020;04:00:00;-0.124
-5.925;107.025;15/07/2020;05:00:00;-0.086
-5.925;107.025;15/07/2020;06:00:00;-0.046
-5.925;107.025;15/07/2020;07:00:00;0.002
-5.925;107.025;15/07/2020;08:00:00;0.058
-5.925;107.025;15/07/2020;09:00:00;0.124
-5.925;107.025;15/07/2020;10:00:00;0.194
-5.925;107.025;15/07/2020;11:00:00;0.262
-5.925;107.025;15/07/2020;12:00:00;0.317
-5.925;107.025;15/07/2020;13:00:00;0.349
-5.925;107.025;15/07/2020;14:00:00;0.35
-5.925;107.025;15/07/2020;15:00:00;0.314
-5.925;107.025;15/07/2020;16:00:00;0.242
-5.925;107.025;15/07/2020;17:00:00;0.143
-5.925;107.025;15/07/2020;18:00:00;0.026
-5.925;107.025;15/07/2020;19:00:00;-0.092
-5.925;107.025;15/07/2020;20:00:00;-0.198
-5.925;107.025;15/07/2020;21:00:00;-0.28
-5.925;107.025;15/07/2020;22:00:00;-0.33
-5.925;107.025;15/07/2020;23:00:00;-0.347
-5.925;107.025;16/07/2020;00:00:00;-0.333
-5.925;107.025;16/07/2020;01:00:00;-0.298
-5.925;107.025;16/07/2020;02:00:00;-0.249
-5.925;107.025;16/07/2020;03:00:00;-0.194
-5.925;107.025;16/07/2020;04:00:00;-0.14
-5.925;107.025;16/07/2020;05:00:00;-0.087
-5.925;107.025;16/07/2020;06:00:00;-0.036
-5.925;107.025;16/07/2020;07:00:00;0.018
-5.925;107.025;16/07/2020;08:00:00;0.078
-5.925;107.025;16/07/2020;09:00:00;0.146
-5.925;107.025;16/07/2020;10:00:00;0.219
-5.925;107.025;16/07/2020;11:00:00;0.291
-5.925;107.025;16/07/2020;12:00:00;0.353
-5.925;107.025;16/07/2020;13:00:00;0.393
-5.925;107.025;16/07/2020;14:00:00;0.401
-5.925;107.025;16/07/2020;15:00:00;0.371
-5.925;107.025;16/07/2020;16:00:00;0.3
-5.925;107.025;16/07/2020;17:00:00;0.195
-5.925;107.025;16/07/2020;18:00:00;0.066
-5.925;107.025;16/07/2020;19:00:00;-0.071
-5.925;107.025;16/07/2020;20:00:00;-0.2
-5.925;107.025;16/07/2020;21:00:00;-0.305
-5.925;107.025;16/07/2020;22:00:00;-0.377
-5.925;107.025;16/07/2020;23:00:00;-0.409
-5.925;107.025;17/07/2020;00:00:00;-0.404
-5.925;107.025;17/07/2020;01:00:00;-0.369
-5.925;107.025;17/07/2020;02:00:00;-0.313
-5.925;107.025;17/07/2020;03:00:00;-0.246
-5.925;107.025;17/07/2020;04:00:00;-0.178
-5.925;107.025;17/07/2020;05:00:00;-0.111
-5.925;107.025;17/07/2020;06:00:00;-0.048
-5.925;107.025;17/07/2020;07:00:00;0.015
-5.925;107.025;17/07/2020;08:00:00;0.081
-5.925;107.025;17/07/2020;09:00:00;0.154
-5.925;107.025;17/07/2020;10:00:00;0.231
-5.925;107.025;17/07/2020;11:00:00;0.309
-5.925;107.025;17/07/2020;12:00:00;0.379
-5.925;107.025;17/07/2020;13:00:00;0.43
-5.925;107.025;17/07/2020;14:00:00;0.45
-5.925;107.025;17/07/2020;15:00:00;0.43
-5.925;107.025;17/07/2020;16:00:00;0.367
-5.925;107.025;17/07/2020;17:00:00;0.263
-5.925;107.025;17/07/2020;18:00:00;0.128
-5.925;107.025;17/07/2020;19:00:00;-0.023
-5.925;107.025;17/07/2020;20:00:00;-0.172
-5.925;107.025;17/07/2020;21:00:00;-0.301
-5.925;107.025;17/07/2020;22:00:00;-0.397
-5.925;107.025;17/07/2020;23:00:00;-0.451
-5.925;107.025;18/07/2020;00:00:00;-0.462
-5.925;107.025;18/07/2020;01:00:00;-0.436
-5.925;107.025;18/07/2020;02:00:00;-0.383
-5.925;107.025;18/07/2020;03:00:00;-0.312
-5.925;107.025;18/07/2020;04:00:00;-0.234
-5.925;107.025;18/07/2020;05:00:00;-0.157
-5.925;107.025;18/07/2020;06:00:00;-0.082
-5.925;107.025;18/07/2020;07:00:00;-0.009
-5.925;107.025;18/07/2020;08:00:00;0.065
-5.925;107.025;18/07/2020;09:00:00;0.143
-5.925;107.025;18/07/2020;10:00:00;0.227
-5.925;107.025;18/07/2020;11:00:00;0.312
-5.925;107.025;18/07/2020;12:00:00;0.392
-5.925;107.025;18/07/2020;13:00:00;0.456
-5.925;107.025;18/07/2020;14:00:00;0.491
-5.925;107.025;18/07/2020;15:00:00;0.486
-5.925;107.025;18/07/2020;16:00:00;0.436
-5.925;107.025;18/07/2020;17:00:00;0.34
-5.925;107.025;18/07/2020;18:00:00;0.207
-5.925;107.025;18/07/2020;19:00:00;0.049
-5.925;107.025;18/07/2020;20:00:00;-0.114
-5.925;107.025;18/07/2020;21:00:00;-0.265
-5.925;107.025;18/07/2020;22:00:00;-0.386
-5.925;107.025;18/07/2020;23:00:00;-0.465
-5.925;107.025;19/07/2020;00:00:00;-0.5
-5.925;107.025;19/07/2020;01:00:00;-0.491
-5.925;107.025;19/07/2020;02:00:00;-0.448
-5.925;107.025;19/07/2020;03:00:00;-0.381
-5.925;107.025;19/07/2020;04:00:00;-0.301
-5.925;107.025;19/07/2020;05:00:00;-0.217
-5.925;107.025;19/07/2020;06:00:00;-0.135
-5.925;107.025;19/07/2020;07:00:00;-0.054
-5.925;107.025;19/07/2020;08:00:00;0.028
-5.925;107.025;19/07/2020;09:00:00;0.113
-5.925;107.025;19/07/2020;10:00:00;0.203
-5.925;107.025;19/07/2020;11:00:00;0.296
-5.925;107.025;19/07/2020;12:00:00;0.386
-5.925;107.025;19/07/2020;13:00:00;0.463
-5.925;107.025;19/07/2020;14:00:00;0.515
-5.925;107.025;19/07/2020;15:00:00;0.529
-5.925;107.025;19/07/2020;16:00:00;0.497
-5.925;107.025;19/07/2020;17:00:00;0.417
-5.925;107.025;19/07/2020;18:00:00;0.293
-5.925;107.025;19/07/2020;19:00:00;0.137
-5.925;107.025;19/07/2020;20:00:00;-0.033
-5.925;107.025;19/07/2020;21:00:00;-0.199
-5.925;107.025;19/07/2020;22:00:00;-0.342
-5.925;107.025;19/07/2020;23:00:00;-0.447
-5.925;107.025;20/07/2020;00:00:00;-0.508
-5.925;107.025;20/07/2020;01:00:00;-0.523
-5.925;107.025;20/07/2020;02:00:00;-0.497
-5.925;107.025;20/07/2020;03:00:00;-0.442
-5.925;107.025;20/07/2020;04:00:00;-0.367
-5.925;107.025;20/07/2020;05:00:00;-0.283
-5.925;107.025;20/07/2020;06:00:00;-0.197
-5.925;107.025;20/07/2020;07:00:00;-0.11
-5.925;107.025;20/07/2020;08:00:00;-0.024
-5.925;107.025;20/07/2020;09:00:00;0.066
-5.925;107.025;20/07/2020;10:00:00;0.16
-5.925;107.025;20/07/2020;11:00:00;0.259
-5.925;107.025;20/07/2020;12:00:00;0.357
-5.925;107.025;20/07/2020;13:00:00;0.445
-5.925;107.025;20/07/2020;14:00:00;0.513
-5.925;107.025;20/07/2020;15:00:00;0.547
-5.925;107.025;20/07/2020;16:00:00;0.537
-5.925;107.025;20/07/2020;17:00:00;0.478
-5.925;107.025;20/07/2020;18:00:00;0.372
-5.925;107.025;20/07/2020;19:00:00;0.228
-5.925;107.025;20/07/2020;20:00:00;0.061
-5.925;107.025;20/07/2020;21:00:00;-0.111
-5.925;107.025;20/07/2020;22:00:00;-0.269
-5.925;107.025;20/07/2020;23:00:00;-0.396
-5.925;107.025;21/07/2020;00:00:00;-0.482
-5.925;107.025;21/07/2020;01:00:00;-0.522
-5.925;107.025;21/07/2020;02:00:00;-0.519
-5.925;107.025;21/07/2020;03:00:00;-0.48
-5.925;107.025;21/07/2020;04:00:00;-0.417
-5.925;107.025;21/07/2020;05:00:00;-0.339
-5.925;107.025;21/07/2020;06:00:00;-0.254
-5.925;107.025;21/07/2020;07:00:00;-0.167
-5.925;107.025;21/07/2020;08:00:00;-0.08
-5.925;107.025;21/07/2020;09:00:00;0.011
-5.925;107.025;21/07/2020;10:00:00;0.106
-5.925;107.025;21/07/2020;11:00:00;0.205
-5.925;107.025;21/07/2020;12:00:00;0.306
-5.925;107.025;21/07/2020;13:00:00;0.401
-5.925;107.025;21/07/2020;14:00:00;0.479
-5.925;107.025;21/07/2020;15:00:00;0.53
-5.925;107.025;21/07/2020;16:00:00;0.542
-5.925;107.025;21/07/2020;17:00:00;0.507
-5.925;107.025;21/07/2020;18:00:00;0.426
-5.925;107.025;21/07/2020;19:00:00;0.303
-5.925;107.025;21/07/2020;20:00:00;0.15
-5.925;107.025;21/07/2020;21:00:00;-0.017
-5.925;107.025;21/07/2020;22:00:00;-0.178
-5.925;107.025;21/07/2020;23:00:00;-0.317
-5.925;107.025;22/07/2020;00:00:00;-0.422
-5.925;107.025;22/07/2020;01:00:00;-0.484
-5.925;107.025;22/07/2020;02:00:00;-0.504
-5.925;107.025;22/07/2020;03:00:00;-0.486
-5.925;107.025;22/07/2020;04:00:00;-0.438
-5.925;107.025;22/07/2020;05:00:00;-0.371
-5.925;107.025;22/07/2020;06:00:00;-0.293
-5.925;107.025;22/07/2020;07:00:00;-0.21
-5.925;107.025;22/07/2020;08:00:00;-0.125
-5.925;107.025;22/07/2020;09:00:00;-0.038
-5.925;107.025;22/07/2020;10:00:00;0.053
-5.925;107.025;22/07/2020;11:00:00;0.146
-5.925;107.025;22/07/2020;12:00:00;0.242
-5.925;107.025;22/07/2020;13:00:00;0.334
-5.925;107.025;22/07/2020;14:00:00;0.416
-5.925;107.025;22/07/2020;15:00:00;0.475
-5.925;107.025;22/07/2020;16:00:00;0.503
-5.925;107.025;22/07/2020;17:00:00;0.491
-5.925;107.025;22/07/2020;18:00:00;0.437
-5.925;107.025;22/07/2020;19:00:00;0.341
-5.925;107.025;22/07/2020;20:00:00;0.212
-5.925;107.025;22/07/2020;21:00:00;0.064
-5.925;107.025;22/07/2020;22:00:00;-0.087
-5.925;107.025;22/07/2020;23:00:00;-0.226
-5.925;107.025;23/07/2020;00:00:00;-0.339
-5.925;107.025;23/07/2020;01:00:00;-0.416
-5.925;107.025;23/07/2020;02:00:00;-0.454
-5.925;107.025;23/07/2020;03:00:00;-0.454
-5.925;107.025;23/07/2020;04:00:00;-0.423
-5.925;107.025;23/07/2020;05:00:00;-0.369
-5.925;107.025;23/07/2020;06:00:00;-0.301
-5.925;107.025;23/07/2020;07:00:00;-0.224
-5.925;107.025;23/07/2020;08:00:00;-0.145
-5.925;107.025;23/07/2020;09:00:00;-0.065
-5.925;107.025;23/07/2020;10:00:00;0.016
-5.925;107.025;23/07/2020;11:00:00;0.098
-5.925;107.025;23/07/2020;12:00:00;0.181
-5.925;107.025;23/07/2020;13:00:00;0.261
-5.925;107.025;23/07/2020;14:00:00;0.333
-5.925;107.025;23/07/2020;15:00:00;0.39
-5.925;107.025;23/07/2020;16:00:00;0.424
-5.925;107.025;23/07/2020;17:00:00;0.426
-5.925;107.025;23/07/2020;18:00:00;0.394
-5.925;107.025;23/07/2020;19:00:00;0.327
-5.925;107.025;23/07/2020;20:00:00;0.229
-5.925;107.025;23/07/2020;21:00:00;0.109
-5.925;107.025;23/07/2020;22:00:00;-0.019
-5.925;107.025;23/07/2020;23:00:00;-0.143
-5.925;107.025;24/07/2020;00:00:00;-0.25
-5.925;107.025;24/07/2020;01:00:00;-0.329
-5.925;107.025;24/07/2020;02:00:00;-0.377
-5.925;107.025;24/07/2020;03:00:00;-0.39
-5.925;107.025;24/07/2020;04:00:00;-0.373
-5.925;107.025;24/07/2020;05:00:00;-0.331
-5.925;107.025;24/07/2020;06:00:00;-0.273
-5.925;107.025;24/07/2020;07:00:00;-0.205
-5.925;107.025;24/07/2020;08:00:00;-0.132
-5.925;107.025;24/07/2020;09:00:00;-0.06
-5.925;107.025;24/07/2020;10:00:00;0.01
-5.925;107.025;24/07/2020;11:00:00;0.077
-5.925;107.025;24/07/2020;12:00:00;0.141
-5.925;107.025;24/07/2020;13:00:00;0.2
-5.925;107.025;24/07/2020;14:00:00;0.252
-5.925;107.025;24/07/2020;15:00:00;0.293
-5.925;107.025;24/07/2020;16:00:00;0.318
-5.925;107.025;24/07/2020;17:00:00;0.322
-5.925;107.025;24/07/2020;18:00:00;0.302
-5.925;107.025;24/07/2020;19:00:00;0.257
-5.925;107.025;24/07/2020;20:00:00;0.189
-5.925;107.025;24/07/2020;21:00:00;0.103
-5.925;107.025;24/07/2020;22:00:00;0.007
-5.925;107.025;24/07/2020;23:00:00;-0.089
-5.925;107.025;25/07/2020;00:00:00;-0.176
-5.925;107.025;25/07/2020;01:00:00;-0.245
-5.925;107.025;25/07/2020;02:00:00;-0.289
-5.925;107.025;25/07/2020;03:00:00;-0.307
-5.925;107.025;25/07/2020;04:00:00;-0.297
-5.925;107.025;25/07/2020;05:00:00;-0.265
-5.925;107.025;25/07/2020;06:00:00;-0.214
-5.925;107.025;25/07/2020;07:00:00;-0.153
-5.925;107.025;25/07/2020;08:00:00;-0.086
-5.925;107.025;25/07/2020;09:00:00;-0.021
-5.925;107.025;25/07/2020;10:00:00;0.04
-5.925;107.025;25/07/2020;11:00:00;0.093
-5.925;107.025;25/07/2020;12:00:00;0.137
-5.925;107.025;25/07/2020;13:00:00;0.172
-5.925;107.025;25/07/2020;14:00:00;0.196
-5.925;107.025;25/07/2020;15:00:00;0.209
-5.925;107.025;25/07/2020;16:00:00;0.211
-5.925;107.025;25/07/2020;17:00:00;0.201
-5.925;107.025;25/07/2020;18:00:00;0.178
-5.925;107.025;25/07/2020;19:00:00;0.143
-5.925;107.025;25/07/2020;20:00:00;0.096
-5.925;107.025;25/07/2020;21:00:00;0.041
-5.925;107.025;25/07/2020;22:00:00;-0.02
-5.925;107.025;25/07/2020;23:00:00;-0.082
-5.925;107.025;26/07/2020;00:00:00;-0.138
-5.925;107.025;26/07/2020;01:00:00;-0.183
-5.925;107.025;26/07/2020;02:00:00;-0.213
-5.925;107.025;26/07/2020;03:00:00;-0.224
-5.925;107.025;26/07/2020;04:00:00;-0.214
-5.925;107.025;26/07/2020;05:00:00;-0.185
-5.925;107.025;26/07/2020;06:00:00;-0.139
-5.925;107.025;26/07/2020;07:00:00;-0.081
-5.925;107.025;26/07/2020;08:00:00;-0.018
-5.925;107.025;26/07/2020;09:00:00;0.045
-5.925;107.025;26/07/2020;10:00:00;0.102
-5.925;107.025;26/07/2020;11:00:00;0.146
-5.925;107.025;26/07/2020;12:00:00;0.174
-5.925;107.025;26/07/2020;13:00:00;0.186
-5.925;107.025;26/07/2020;14:00:00;0.181
-5.925;107.025;26/07/2020;15:00:00;0.161
-5.925;107.025;26/07/2020;16:00:00;0.131
-5.925;107.025;26/07/2020;17:00:00;0.093
-5.925;107.025;26/07/2020;18:00:00;0.051
-5.925;107.025;26/07/2020;19:00:00;0.009
-5.925;107.025;26/07/2020;20:00:00;-0.03
-5.925;107.025;26/07/2020;21:00:00;-0.067
-5.925;107.025;26/07/2020;22:00:00;-0.098
-5.925;107.025;26/07/2020;23:00:00;-0.125
-5.925;107.025;27/07/2020;00:00:00;-0.146
-5.925;107.025;27/07/2020;01:00:00;-0.161
-5.925;107.025;27/07/2020;02:00:00;-0.166
-5.925;107.025;27/07/2020;03:00:00;-0.161
-5.925;107.025;27/07/2020;04:00:00;-0.143
-5.925;107.025;27/07/2020;05:00:00;-0.111
-5.925;107.025;27/07/2020;06:00:00;-0.065
-5.925;107.025;27/07/2020;07:00:00;-0.007
-5.925;107.025;27/07/2020;08:00:00;0.057
-5.925;107.025;27/07/2020;09:00:00;0.122
-5.925;107.025;27/07/2020;10:00:00;0.179
-5.925;107.025;27/07/2020;11:00:00;0.222
-5.925;107.025;27/07/2020;12:00:00;0.245
-5.925;107.025;27/07/2020;13:00:00;0.242
-5.925;107.025;27/07/2020;14:00:00;0.214
-5.925;107.025;27/07/2020;15:00:00;0.164
-5.925;107.025;27/07/2020;16:00:00;0.098
-5.925;107.025;27/07/2020;17:00:00;0.024
-5.925;107.025;27/07/2020;18:00:00;-0.049
-5.925;107.025;27/07/2020;19:00:00;-0.113
-5.925;107.025;27/07/2020;20:00:00;-0.162
-5.925;107.025;27/07/2020;21:00:00;-0.195
-5.925;107.025;27/07/2020;22:00:00;-0.21
-5.925;107.025;27/07/2020;23:00:00;-0.211
-5.925;107.025;28/07/2020;00:00:00;-0.2
-5.925;107.025;28/07/2020;01:00:00;-0.182
-5.925;107.025;28/07/2020;02:00:00;-0.159
-5.925;107.025;28/07/2020;03:00:00;-0.132
-5.925;107.025;28/07/2020;04:00:00;-0.099
-5.925;107.025;28/07/2020;05:00:00;-0.059
-5.925;107.025;28/07/2020;06:00:00;-0.009
-5.925;107.025;28/07/2020;07:00:00;0.051
-5.925;107.025;28/07/2020;08:00:00;0.118
-5.925;107.025;28/07/2020;09:00:00;0.188
-5.925;107.025;28/07/2020;10:00:00;0.253
-5.925;107.025;28/07/2020;11:00:00;0.303
-5.925;107.025;28/07/2020;12:00:00;0.33
-5.925;107.025;28/07/2020;13:00:00;0.325
-5.925;107.025;28/07/2020;14:00:00;0.287
-5.925;107.025;28/07/2020;15:00:00;0.217
-5.925;107.025;28/07/2020;16:00:00;0.122
-5.925;107.025;28/07/2020;17:00:00;0.013
-5.925;107.025;28/07/2020;18:00:00;-0.096
-5.925;107.025;28/07/2020;19:00:00;-0.193
-5.925;107.025;28/07/2020;20:00:00;-0.268
-5.925;107.025;28/07/2020;21:00:00;-0.314
-5.925;107.025;28/07/2020;22:00:00;-0.329
-5.925;107.025;28/07/2020;23:00:00;-0.318
-5.925;107.025;29/07/2020;00:00:00;-0.286
-5.925;107.025;29/07/2020;01:00:00;-0.242
-5.925;107.025;29/07/2020;02:00:00;-0.192
-5.925;107.025;29/07/2020;03:00:00;-0.141
-5.925;107.025;29/07/2020;04:00:00;-0.091
-5.925;107.025;29/07/2020;05:00:00;-0.039
-5.925;107.025;29/07/2020;06:00:00;0.017
-5.925;107.025;29/07/2020;07:00:00;0.081
-5.925;107.025;29/07/2020;08:00:00;0.152
-5.925;107.025;29/07/2020;09:00:00;0.229
-5.925;107.025;29/07/2020;10:00:00;0.304
-5.925;107.025;29/07/2020;11:00:00;0.367
-5.925;107.025;29/07/2020;12:00:00;0.407
-5.925;107.025;29/07/2020;13:00:00;0.414
-5.925;107.025;29/07/2020;14:00:00;0.38
-5.925;107.025;29/07/2020;15:00:00;0.305
-5.925;107.025;29/07/2020;16:00:00;0.194
-5.925;107.025;29/07/2020;17:00:00;0.06
-5.925;107.025;29/07/2020;18:00:00;-0.082
-5.925;107.025;29/07/2020;19:00:00;-0.215
-5.925;107.025;29/07/2020;20:00:00;-0.323
-5.925;107.025;29/07/2020;21:00:00;-0.395
-5.925;107.025;29/07/2020;22:00:00;-0.427
-5.925;107.025;29/07/2020;23:00:00;-0.42
-5.925;107.025;30/07/2020;00:00:00;-0.382
-5.925;107.025;30/07/2020;01:00:00;-0.323
-5.925;107.025;30/07/2020;02:00:00;-0.254
-5.925;107.025;30/07/2020;03:00:00;-0.183
-5.925;107.025;30/07/2020;04:00:00;-0.116
-5.925;107.025;30/07/2020;05:00:00;-0.052
-5.925;107.025;30/07/2020;06:00:00;0.011
-5.925;107.025;30/07/2020;07:00:00;0.078
-5.925;107.025;30/07/2020;08:00:00;0.152
-5.925;107.025;30/07/2020;09:00:00;0.234
-5.925;107.025;30/07/2020;10:00:00;0.319
-5.925;107.025;30/07/2020;11:00:00;0.398
-5.925;107.025;30/07/2020;12:00:00;0.457
-5.925;107.025;30/07/2020;13:00:00;0.484
-5.925;107.025;30/07/2020;14:00:00;0.468
-5.925;107.025;30/07/2020;15:00:00;0.404
-5.925;107.025;30/07/2020;16:00:00;0.295
-5.925;107.025;30/07/2020;17:00:00;0.15
-5.925;107.025;30/07/2020;18:00:00;-0.014
-5.925;107.025;30/07/2020;19:00:00;-0.176
-5.925;107.025;30/07/2020;20:00:00;-0.318
-5.925;107.025;30/07/2020;21:00:00;-0.423
-5.925;107.025;30/07/2020;22:00:00;-0.483
-5.925;107.025;30/07/2020;23:00:00;-0.495
-5.925;107.025;31/07/2020;00:00:00;-0.465
-5.925;107.025;31/07/2020;01:00:00;-0.405
-5.925;107.025;31/07/2020;02:00:00;-0.327
-5.925;107.025;31/07/2020;03:00:00;-0.245
-5.925;107.025;31/07/2020;04:00:00;-0.165
-5.925;107.025;31/07/2020;05:00:00;-0.092
-5.925;107.025;31/07/2020;06:00:00;-0.023
-5.925;107.025;31/07/2020;07:00:00;0.047
-5.925;107.025;31/07/2020;08:00:00;0.122
-5.925;107.025;31/07/2020;09:00:00;0.207
-5.925;107.025;31/07/2020;10:00:00;0.298
-5.925;107.025;31/07/2020;11:00:00;0.389
-5.925;107.025;31/07/2020;12:00:00;0.468
-5.925;107.025;31/07/2020;13:00:00;0.519
-5.925;107.025;31/07/2020;14:00:00;0.529
-5.925;107.025;31/07/2020;15:00:00;0.489
-5.925;107.025;31/07/2020;16:00:00;0.397
-5.925;107.025;31/07/2020;17:00:00;0.259
-5.925;107.025;31/07/2020;18:00:00;0.09
-5.925;107.025;31/07/2020;19:00:00;-0.09
-5.925;107.025;31/07/2020;20:00:00;-0.258
-5.925;107.025;31/07/2020;21:00:00;-0.395
-5.925;107.025;31/07/2020;22:00:00;-0.486
-5.925;107.025;31/07/2020;23:00:00;-0.526
-5.925;107.025;01/08/2020;00:00:00;-0.517
-5.925;107.025;01/08/2020;01:00:00;-0.468
-5.925;107.025;01/08/2020;02:00:00;-0.395
-5.925;107.025;01/08/2020;03:00:00;-0.309
-5.925;107.025;01/08/2020;04:00:00;-0.224
-5.925;107.025;01/08/2020;05:00:00;-0.145
-5.925;107.025;01/08/2020;06:00:00;-0.073
-5.925;107.025;01/08/2020;07:00:00;-0.003
-5.925;107.025;01/08/2020;08:00:00;0.071
-5.925;107.025;01/08/2020;09:00:00;0.154
-5.925;107.025;01/08/2020;10:00:00;0.247
-5.925;107.025;01/08/2020;11:00:00;0.346
-5.925;107.025;01/08/2020;12:00:00;0.439
-5.925;107.025;01/08/2020;13:00:00;0.512
-5.925;107.025;01/08/2020;14:00:00;0.551
-5.925;107.025;01/08/2020;15:00:00;0.541
-5.925;107.025;01/08/2020;16:00:00;0.477
-5.925;107.025;01/08/2020;17:00:00;0.36
-5.925;107.025;01/08/2020;18:00:00;0.202
-5.925;107.025;01/08/2020;19:00:00;0.022
-5.925;107.025;01/08/2020;20:00:00;-0.16
-5.925;107.025;01/08/2020;21:00:00;-0.32
-5.925;107.025;01/08/2020;22:00:00;-0.44
-5.925;107.025;01/08/2020;23:00:00;-0.51
-5.925;107.025;02/08/2020;00:00:00;-0.528
-5.925;107.025;02/08/2020;01:00:00;-0.501
-5.925;107.025;02/08/2020;02:00:00;-0.441
-5.925;107.025;02/08/2020;03:00:00;-0.362
-5.925;107.025;02/08/2020;04:00:00;-0.279
-5.925;107.025;02/08/2020;05:00:00;-0.199
-5.925;107.025;02/08/2020;06:00:00;-0.126
-5.925;107.025;02/08/2020;07:00:00;-0.057
-5.925;107.025;02/08/2020;08:00:00;0.013
-5.925;107.025;02/08/2020;09:00:00;0.091
-5.925;107.025;02/08/2020;10:00:00;0.18
-5.925;107.025;02/08/2020;11:00:00;0.279
-5.925;107.025;02/08/2020;12:00:00;0.379
-5.925;107.025;02/08/2020;13:00:00;0.468
-5.925;107.025;02/08/2020;14:00:00;0.53
-5.925;107.025;02/08/2020;15:00:00;0.55
-5.925;107.025;02/08/2020;16:00:00;0.518
-5.925;107.025;02/08/2020;17:00:00;0.432
-5.925;107.025;02/08/2020;18:00:00;0.298
-5.925;107.025;02/08/2020;19:00:00;0.131
-5.925;107.025;02/08/2020;20:00:00;-0.049
-5.925;107.025;02/08/2020;21:00:00;-0.218
-5.925;107.025;02/08/2020;22:00:00;-0.358
-5.925;107.025;02/08/2020;23:00:00;-0.454
-5.925;107.025;03/08/2020;00:00:00;-0.499
-5.925;107.025;03/08/2020;01:00:00;-0.497
-5.925;107.025;03/08/2020;02:00:00;-0.457
-5.925;107.025;03/08/2020;03:00:00;-0.392
-5.925;107.025;03/08/2020;04:00:00;-0.317
-5.925;107.025;03/08/2020;05:00:00;-0.24
-5.925;107.025;03/08/2020;06:00:00;-0.17
-5.925;107.025;03/08/2020;07:00:00;-0.104
-5.925;107.025;03/08/2020;08:00:00;-0.039
-5.925;107.025;03/08/2020;09:00:00;0.031
-5.925;107.025;03/08/2020;10:00:00;0.112
-5.925;107.025;03/08/2020;11:00:00;0.204
-5.925;107.025;03/08/2020;12:00:00;0.303
-5.925;107.025;03/08/2020;13:00:00;0.398
-5.925;107.025;03/08/2020;14:00:00;0.474
-5.925;107.025;03/08/2020;15:00:00;0.518
-5.925;107.025;03/08/2020;16:00:00;0.516
-5.925;107.025;03/08/2020;17:00:00;0.462
-5.925;107.025;03/08/2020;18:00:00;0.359
-5.925;107.025;03/08/2020;19:00:00;0.217
-5.925;107.025;03/08/2020;20:00:00;0.053
-5.925;107.025;03/08/2020;21:00:00;-0.113
-5.925;107.025;03/08/2020;22:00:00;-0.26
-5.925;107.025;03/08/2020;23:00:00;-0.372
-5.925;107.025;04/08/2020;00:00:00;-0.439
-5.925;107.025;04/08/2020;01:00:00;-0.461
-5.925;107.025;04/08/2020;02:00:00;-0.442
-5.925;107.025;04/08/2020;03:00:00;-0.395
-5.925;107.025;04/08/2020;04:00:00;-0.331
-5.925;107.025;04/08/2020;05:00:00;-0.262
-5.925;107.025;04/08/2020;06:00:00;-0.196
-5.925;107.025;04/08/2020;07:00:00;-0.135
-5.925;107.025;04/08/2020;08:00:00;-0.076
-5.925;107.025;04/08/2020;09:00:00;-0.014
-5.925;107.025;04/08/2020;10:00:00;0.056
-5.925;107.025;04/08/2020;11:00:00;0.136
-5.925;107.025;04/08/2020;12:00:00;0.225
-5.925;107.025;04/08/2020;13:00:00;0.316
-5.925;107.025;04/08/2020;14:00:00;0.396
-5.925;107.025;04/08/2020;15:00:00;0.452
-5.925;107.025;04/08/2020;16:00:00;0.472
-5.925;107.025;04/08/2020;17:00:00;0.447
-5.925;107.025;04/08/2020;18:00:00;0.375
-5.925;107.025;04/08/2020;19:00:00;0.264
-5.925;107.025;04/08/2020;20:00:00;0.125
-5.925;107.025;04/08/2020;21:00:00;-0.025
-5.925;107.025;04/08/2020;22:00:00;-0.165
-5.925;107.025;04/08/2020;23:00:00;-0.281
-5.925;107.025;05/08/2020;00:00:00;-0.361
-5.925;107.025;05/08/2020;01:00:00;-0.4
-5.925;107.025;05/08/2020;02:00:00;-0.4
-5.925;107.025;05/08/2020;03:00:00;-0.37
-5.925;107.025;05/08/2020;04:00:00;-0.32
-5.925;107.025;05/08/2020;05:00:00;-0.261
-5.925;107.025;05/08/2020;06:00:00;-0.201
-5.925;107.025;05/08/2020;07:00:00;-0.144
-5.925;107.025;05/08/2020;08:00:00;-0.091
-5.925;107.025;05/08/2020;09:00:00;-0.037
-5.925;107.025;05/08/2020;10:00:00;0.021
-5.925;107.025;05/08/2020;11:00:00;0.087
-5.925;107.025;05/08/2020;12:00:00;0.161
-5.925;107.025;05/08/2020;13:00:00;0.238
-5.925;107.025;05/08/2020;14:00:00;0.31
-5.925;107.025;05/08/2020;15:00:00;0.367
-5.925;107.025;05/08/2020;16:00:00;0.396
-5.925;107.025;05/08/2020;17:00:00;0.391
-5.925;107.025;05/08/2020;18:00:00;0.346
-5.925;107.025;05/08/2020;19:00:00;0.265
-5.925;107.025;05/08/2020;20:00:00;0.156
-5.925;107.025;05/08/2020;21:00:00;0.033
-5.925;107.025;05/08/2020;22:00:00;-0.091
-5.925;107.025;05/08/2020;23:00:00;-0.198
-5.925;107.025;06/08/2020;00:00:00;-0.279
-5.925;107.025;06/08/2020;01:00:00;-0.326
-5.925;107.025;06/08/2020;02:00:00;-0.34
-5.925;107.025;06/08/2020;03:00:00;-0.324
-5.925;107.025;06/08/2020;04:00:00;-0.287
-5.925;107.025;06/08/2020;05:00:00;-0.238
-5.925;107.025;06/08/2020;06:00:00;-0.184
-5.925;107.025;06/08/2020;07:00:00;-0.132
-5.925;107.025;06/08/2020;08:00:00;-0.083
-5.925;107.025;06/08/2020;09:00:00;-0.036
-5.925;107.025;06/08/2020;10:00:00;0.012
-5.925;107.025;06/08/2020;11:00:00;0.063
-5.925;107.025;06/08/2020;12:00:00;0.118
-5.925;107.025;06/08/2020;13:00:00;0.176
-5.925;107.025;06/08/2020;14:00:00;0.232
-5.925;107.025;06/08/2020;15:00:00;0.278
-5.925;107.025;06/08/2020;16:00:00;0.305
-5.925;107.025;06/08/2020;17:00:00;0.307
-5.925;107.025;06/08/2020;18:00:00;0.28
-5.925;107.025;06/08/2020;19:00:00;0.224
-5.925;107.025;06/08/2020;20:00:00;0.145
-5.925;107.025;06/08/2020;21:00:00;0.051
-5.925;107.025;06/08/2020;22:00:00;-0.047
-5.925;107.025;06/08/2020;23:00:00;-0.136
-5.925;107.025;07/08/2020;00:00:00;-0.207
-5.925;107.025;07/08/2020;01:00:00;-0.253
-5.925;107.025;07/08/2020;02:00:00;-0.272
-5.925;107.025;07/08/2020;03:00:00;-0.265
-5.925;107.025;07/08/2020;04:00:00;-0.238
-5.925;107.025;07/08/2020;05:00:00;-0.197
-5.925;107.025;07/08/2020;06:00:00;-0.15
-5.925;107.025;07/08/2020;07:00:00;-0.101
-5.925;107.025;07/08/2020;08:00:00;-0.055
-5.925;107.025;07/08/2020;09:00:00;-0.013
-5.925;107.025;07/08/2020;10:00:00;0.027
-5.925;107.025;07/08/2020;11:00:00;0.066
-5.925;107.025;07/08/2020;12:00:00;0.104
-5.925;107.025;07/08/2020;13:00:00;0.141
-5.925;107.025;07/08/2020;14:00:00;0.174
-5.925;107.025;07/08/2020;15:00:00;0.2
-5.925;107.025;07/08/2020;16:00:00;0.213
-5.925;107.025;07/08/2020;17:00:00;0.211
-5.925;107.025;07/08/2020;18:00:00;0.19
-5.925;107.025;07/08/2020;19:00:00;0.15
-5.925;107.025;07/08/2020;20:00:00;0.095
-5.925;107.025;07/08/2020;21:00:00;0.029
-5.925;107.025;07/08/2020;22:00:00;-0.04
-5.925;107.025;07/08/2020;23:00:00;-0.104
-5.925;107.025;08/08/2020;00:00:00;-0.156
-5.925;107.025;08/08/2020;01:00:00;-0.191
-5.925;107.025;08/08/2020;02:00:00;-0.207
-5.925;107.025;08/08/2020;03:00:00;-0.202
-5.925;107.025;08/08/2020;04:00:00;-0.181
-5.925;107.025;08/08/2020;05:00:00;-0.147
-5.925;107.025;08/08/2020;06:00:00;-0.105
-5.925;107.025;08/08/2020;07:00:00;-0.059
-5.925;107.025;08/08/2020;08:00:00;-0.015
-5.925;107.025;08/08/2020;09:00:00;0.026
-5.925;107.025;08/08/2020;10:00:00;0.062
-5.925;107.025;08/08/2020;11:00:00;0.093
-5.925;107.025;08/08/2020;12:00:00;0.117
-5.925;107.025;08/08/2020;13:00:00;0.134
-5.925;107.025;08/08/2020;14:00:00;0.143
-5.925;107.025;08/08/2020;15:00:00;0.145
-5.925;107.025;08/08/2020;16:00:00;0.137
-5.925;107.025;08/08/2020;17:00:00;0.12
-5.925;107.025;08/08/2020;18:00:00;0.093
-5.925;107.025;08/08/2020;19:00:00;0.058
-5.925;107.025;08/08/2020;20:00:00;0.017
-5.925;107.025;08/08/2020;21:00:00;-0.026
-5.925;107.025;08/08/2020;22:00:00;-0.067
-5.925;107.025;08/08/2020;23:00:00;-0.104
-5.925;107.025;09/08/2020;00:00:00;-0.132
-5.925;107.025;09/08/2020;01:00:00;-0.149
-5.925;107.025;09/08/2020;02:00:00;-0.154
-5.925;107.025;09/08/2020;03:00:00;-0.146
-5.925;107.025;09/08/2020;04:00:00;-0.125
-5.925;107.025;09/08/2020;05:00:00;-0.095
-5.925;107.025;09/08/2020;06:00:00;-0.057
-5.925;107.025;09/08/2020;07:00:00;-0.014
-5.925;107.025;09/08/2020;08:00:00;0.03
-5.925;107.025;09/08/2020;09:00:00;0.072
-5.925;107.025;09/08/2020;10:00:00;0.108
-5.925;107.025;09/08/2020;11:00:00;0.135
-5.925;107.025;09/08/2020;12:00:00;0.151
-5.925;107.025;09/08/2020;13:00:00;0.153
-5.925;107.025;09/08/2020;14:00:00;0.143
-5.925;107.025;09/08/2020;15:00:00;0.12
-5.925;107.025;09/08/2020;16:00:00;0.087
-5.925;107.025;09/08/2020;17:00:00;0.047
-5.925;107.025;09/08/2020;18:00:00;0.005
-5.925;107.025;09/08/2020;19:00:00;-0.036
-5.925;107.025;09/08/2020;20:00:00;-0.073
-5.925;107.025;09/08/2020;21:00:00;-0.102
-5.925;107.025;09/08/2020;22:00:00;-0.122
-5.925;107.025;09/08/2020;23:00:00;-0.133
-5.925;107.025;10/08/2020;00:00:00;-0.136
-5.925;107.025;10/08/2020;01:00:00;-0.131
-5.925;107.025;10/08/2020;02:00:00;-0.12
-5.925;107.025;10/08/2020;03:00:00;-0.102
-5.925;107.025;10/08/2020;04:00:00;-0.078
-5.925;107.025;10/08/2020;05:00:00;-0.048
-5.925;107.025;10/08/2020;06:00:00;-0.012
-5.925;107.025;10/08/2020;07:00:00;0.029
-5.925;107.025;10/08/2020;08:00:00;0.073
-5.925;107.025;10/08/2020;09:00:00;0.117
-5.925;107.025;10/08/2020;10:00:00;0.156
-5.925;107.025;10/08/2020;11:00:00;0.184
-5.925;107.025;10/08/2020;12:00:00;0.197
-5.925;107.025;10/08/2020;13:00:00;0.192
-5.925;107.025;10/08/2020;14:00:00;0.167
-5.925;107.025;10/08/2020;15:00:00;0.124
-5.925;107.025;10/08/2020;16:00:00;0.067
-5.925;107.025;10/08/2020;17:00:00;0.002
-5.925;107.025;10/08/2020;18:00:00;-0.062
-5.925;107.025;10/08/2020;19:00:00;-0.118
-5.925;107.025;10/08/2020;20:00:00;-0.16
-5.925;107.025;10/08/2020;21:00:00;-0.185
-5.925;107.025;10/08/2020;22:00:00;-0.193
-5.925;107.025;10/08/2020;23:00:00;-0.185
-5.925;107.025;11/08/2020;00:00:00;-0.165
-5.925;107.025;11/08/2020;01:00:00;-0.138
-5.925;107.025;11/08/2020;02:00:00;-0.107
-5.925;107.025;11/08/2020;03:00:00;-0.076
-5.925;107.025;11/08/2020;04:00:00;-0.045
-5.925;107.025;11/08/2020;05:00:00;-0.012
-5.925;107.025;11/08/2020;06:00:00;0.024
-5.925;107.025;11/08/2020;07:00:00;0.064
-5.925;107.025;11/08/2020;08:00:00;0.108
-5.925;107.025;11/08/2020;09:00:00;0.155
-5.925;107.025;11/08/2020;10:00:00;0.198
-5.925;107.025;11/08/2020;11:00:00;0.232
-5.925;107.025;11/08/2020;12:00:00;0.248
-5.925;107.025;11/08/2020;13:00:00;0.242
-5.925;107.025;11/08/2020;14:00:00;0.21
-5.925;107.025;11/08/2020;15:00:00;0.154
-5.925;107.025;11/08/2020;16:00:00;0.077
-5.925;107.025;11/08/2020;17:00:00;-0.011
-5.925;107.025;11/08/2020;18:00:00;-0.099
-5.925;107.025;11/08/2020;19:00:00;-0.176
-5.925;107.025;11/08/2020;20:00:00;-0.233
-5.925;107.025;11/08/2020;21:00:00;-0.265
-5.925;107.025;11/08/2020;22:00:00;-0.269
-5.925;107.025;11/08/2020;23:00:00;-0.25
-5.925;107.025;12/08/2020;00:00:00;-0.213
-5.925;107.025;12/08/2020;01:00:00;-0.167
-5.925;107.025;12/08/2020;02:00:00;-0.118
-5.925;107.025;12/08/2020;03:00:00;-0.071
-5.925;107.025;12/08/2020;04:00:00;-0.029
-5.925;107.025;12/08/2020;05:00:00;0.01
-5.925;107.025;12/08/2020;06:00:00;0.048
-5.925;107.025;12/08/2020;07:00:00;0.089
-5.925;107.025;12/08/2020;08:00:00;0.135
-5.925;107.025;12/08/2020;09:00:00;0.184
-5.925;107.025;12/08/2020;10:00:00;0.233
-5.925;107.025;12/08/2020;11:00:00;0.273
-5.925;107.025;12/08/2020;12:00:00;0.297
-5.925;107.025;12/08/2020;13:00:00;0.296
-5.925;107.025;12/08/2020;14:00:00;0.265
-5.925;107.025;12/08/2020;15:00:00;0.202
-5.925;107.025;12/08/2020;16:00:00;0.112
-5.925;107.025;12/08/2020;17:00:00;0.005
-5.925;107.025;12/08/2020;18:00:00;-0.106
-5.925;107.025;12/08/2020;19:00:00;-0.206
-5.925;107.025;12/08/2020;20:00:00;-0.284
-5.925;107.025;12/08/2020;21:00:00;-0.33
-5.925;107.025;12/08/2020;22:00:00;-0.341
-5.925;107.025;12/08/2020;23:00:00;-0.32
-5.925;107.025;13/08/2020;00:00:00;-0.275
-5.925;107.025;13/08/2020;01:00:00;-0.214
-5.925;107.025;13/08/2020;02:00:00;-0.149
-5.925;107.025;13/08/2020;03:00:00;-0.087
-5.925;107.025;13/08/2020;04:00:00;-0.033
-5.925;107.025;13/08/2020;05:00:00;0.015
-5.925;107.025;13/08/2020;06:00:00;0.058
-5.925;107.025;13/08/2020;07:00:00;0.102
-5.925;107.025;13/08/2020;08:00:00;0.15
-5.925;107.025;13/08/2020;09:00:00;0.203
-5.925;107.025;13/08/2020;10:00:00;0.258
-5.925;107.025;13/08/2020;11:00:00;0.308
-5.925;107.025;13/08/2020;12:00:00;0.342
-5.925;107.025;13/08/2020;13:00:00;0.35
-5.925;107.025;13/08/2020;14:00:00;0.325
-5.925;107.025;13/08/2020;15:00:00;0.263
-5.925;107.025;13/08/2020;16:00:00;0.167
-5.925;107.025;13/08/2020;17:00:00;0.046
-5.925;107.025;13/08/2020;18:00:00;-0.084
-5.925;107.025;13/08/2020;19:00:00;-0.207
-5.925;107.025;13/08/2020;20:00:00;-0.308
-5.925;107.025;13/08/2020;21:00:00;-0.375
-5.925;107.025;13/08/2020;22:00:00;-0.401
-5.925;107.025;13/08/2020;23:00:00;-0.388
-5.925;107.025;14/08/2020;00:00:00;-0.342
-5.925;107.025;14/08/2020;01:00:00;-0.275
-5.925;107.025;14/08/2020;02:00:00;-0.199
-5.925;107.025;14/08/2020;03:00:00;-0.125
-5.925;107.025;14/08/2020;04:00:00;-0.058
-5.925;107.025;14/08/2020;05:00:00;0
-5.925;107.025;14/08/2020;06:00:00;0.051
-5.925;107.025;14/08/2020;07:00:00;0.101
-5.925;107.025;14/08/2020;08:00:00;0.153
-5.925;107.025;14/08/2020;09:00:00;0.212
-5.925;107.025;14/08/2020;10:00:00;0.274
-5.925;107.025;14/08/2020;11:00:00;0.334
-5.925;107.025;14/08/2020;12:00:00;0.38
-5.925;107.025;14/08/2020;13:00:00;0.401
-5.925;107.025;14/08/2020;14:00:00;0.387
-5.925;107.025;14/08/2020;15:00:00;0.331
-5.925;107.025;14/08/2020;16:00:00;0.236
-5.925;107.025;14/08/2020;17:00:00;0.108
-5.925;107.025;14/08/2020;18:00:00;-0.037
-5.925;107.025;14/08/2020;19:00:00;-0.181
-5.925;107.025;14/08/2020;20:00:00;-0.305
-5.925;107.025;14/08/2020;21:00:00;-0.396
-5.925;107.025;14/08/2020;22:00:00;-0.443
-5.925;107.025;14/08/2020;23:00:00;-0.445
-5.925;107.025;15/08/2020;00:00:00;-0.408
-5.925;107.025;15/08/2020;01:00:00;-0.343
-5.925;107.025;15/08/2020;02:00:00;-0.262
-5.925;107.025;15/08/2020;03:00:00;-0.179
-5.925;107.025;15/08/2020;04:00:00;-0.102
-5.925;107.025;15/08/2020;05:00:00;-0.035
-5.925;107.025;15/08/2020;06:00:00;0.025
-5.925;107.025;15/08/2020;07:00:00;0.082
-5.925;107.025;15/08/2020;08:00:00;0.141
-5.925;107.025;15/08/2020;09:00:00;0.206
-5.925;107.025;15/08/2020;10:00:00;0.277
-5.925;107.025;15/08/2020;11:00:00;0.348
-5.925;107.025;15/08/2020;12:00:00;0.408
-5.925;107.025;15/08/2020;13:00:00;0.444
-5.925;107.025;15/08/2020;14:00:00;0.445
-5.925;107.025;15/08/2020;15:00:00;0.402
-5.925;107.025;15/08/2020;16:00:00;0.314
-5.925;107.025;15/08/2020;17:00:00;0.186
-5.925;107.025;15/08/2020;18:00:00;0.033
-5.925;107.025;15/08/2020;19:00:00;-0.127
-5.925;107.025;15/08/2020;20:00:00;-0.273
-5.925;107.025;15/08/2020;21:00:00;-0.389
-5.925;107.025;15/08/2020;22:00:00;-0.46
-5.925;107.025;15/08/2020;23:00:00;-0.484
-5.925;107.025;16/08/2020;00:00:00;-0.462
-5.925;107.025;16/08/2020;01:00:00;-0.406
-5.925;107.025;16/08/2020;02:00:00;-0.329
-5.925;107.025;16/08/2020;03:00:00;-0.244
-5.925;107.025;16/08/2020;04:00:00;-0.161
-5.925;107.025;16/08/2020;05:00:00;-0.086
-5.925;107.025;16/08/2020;06:00:00;-0.019
-5.925;107.025;16/08/2020;07:00:00;0.044
-5.925;107.025;16/08/2020;08:00:00;0.11
-5.925;107.025;16/08/2020;09:00:00;0.182
-5.925;107.025;16/08/2020;10:00:00;0.261
-5.925;107.025;16/08/2020;11:00:00;0.343
-5.925;107.025;16/08/2020;12:00:00;0.418
-5.925;107.025;16/08/2020;13:00:00;0.472
-5.925;107.025;16/08/2020;14:00:00;0.492
-5.925;107.025;16/08/2020;15:00:00;0.467
-5.925;107.025;16/08/2020;16:00:00;0.392
-5.925;107.025;16/08/2020;17:00:00;0.272
-5.925;107.025;16/08/2020;18:00:00;0.118
-5.925;107.025;16/08/2020;19:00:00;-0.05
-5.925;107.025;16/08/2020;20:00:00;-0.213
-5.925;107.025;16/08/2020;21:00:00;-0.351
-5.925;107.025;16/08/2020;22:00:00;-0.447
-5.925;107.025;16/08/2020;23:00:00;-0.495
-5.925;107.025;17/08/2020;00:00:00;-0.494
-5.925;107.025;17/08/2020;01:00:00;-0.454
-5.925;107.025;17/08/2020;02:00:00;-0.387
-5.925;107.025;17/08/2020;03:00:00;-0.306
-5.925;107.025;17/08/2020;04:00:00;-0.223
-5.925;107.025;17/08/2020;05:00:00;-0.145
-5.925;107.025;17/08/2020;06:00:00;-0.075
-5.925;107.025;17/08/2020;07:00:00;-0.008
-5.925;107.025;17/08/2020;08:00:00;0.061
-5.925;107.025;17/08/2020;09:00:00;0.137
-5.925;107.025;17/08/2020;10:00:00;0.223
-5.925;107.025;17/08/2020;11:00:00;0.314
-5.925;107.025;17/08/2020;12:00:00;0.402
-5.925;107.025;17/08/2020;13:00:00;0.473
-5.925;107.025;17/08/2020;14:00:00;0.513
-5.925;107.025;17/08/2020;15:00:00;0.51
-5.925;107.025;17/08/2020;16:00:00;0.456
-5.925;107.025;17/08/2020;17:00:00;0.352
-5.925;107.025;17/08/2020;18:00:00;0.208
-5.925;107.025;17/08/2020;19:00:00;0.04
-5.925;107.025;17/08/2020;20:00:00;-0.13
-5.925;107.025;17/08/2020;21:00:00;-0.283
-5.925;107.025;17/08/2020;22:00:00;-0.4
-5.925;107.025;17/08/2020;23:00:00;-0.471
-5.925;107.025;18/08/2020;00:00:00;-0.494
-5.925;107.025;18/08/2020;01:00:00;-0.473
-5.925;107.025;18/08/2020;02:00:00;-0.421
-5.925;107.025;18/08/2020;03:00:00;-0.35
-5.925;107.025;18/08/2020;04:00:00;-0.273
-5.925;107.025;18/08/2020;05:00:00;-0.198
-5.925;107.025;18/08/2020;06:00:00;-0.129
-5.925;107.025;18/08/2020;07:00:00;-0.063
-5.925;107.025;18/08/2020;08:00:00;0.005
-5.925;107.025;18/08/2020;09:00:00;0.079
-5.925;107.025;18/08/2020;10:00:00;0.164
-5.925;107.025;18/08/2020;11:00:00;0.257
-5.925;107.025;18/08/2020;12:00:00;0.352
-5.925;107.025;18/08/2020;13:00:00;0.436
-5.925;107.025;18/08/2020;14:00:00;0.495
-5.925;107.025;18/08/2020;15:00:00;0.515
-5.925;107.025;18/08/2020;16:00:00;0.486
-5.925;107.025;18/08/2020;17:00:00;0.407
-5.925;107.025;18/08/2020;18:00:00;0.283
-5.925;107.025;18/08/2020;19:00:00;0.129
-5.925;107.025;18/08/2020;20:00:00;-0.038
-5.925;107.025;18/08/2020;21:00:00;-0.195
-5.925;107.025;18/08/2020;22:00:00;-0.324
-5.925;107.025;18/08/2020;23:00:00;-0.413
-5.925;107.025;19/08/2020;00:00:00;-0.456
-5.925;107.025;19/08/2020;01:00:00;-0.455
-5.925;107.025;19/08/2020;02:00:00;-0.42
-5.925;107.025;19/08/2020;03:00:00;-0.362
-5.925;107.025;19/08/2020;04:00:00;-0.295
-5.925;107.025;19/08/2020;05:00:00;-0.227
-5.925;107.025;19/08/2020;06:00:00;-0.164
-5.925;107.025;19/08/2020;07:00:00;-0.104
-5.925;107.025;19/08/2020;08:00:00;-0.044
-5.925;107.025;19/08/2020;09:00:00;0.021
-5.925;107.025;19/08/2020;10:00:00;0.097
-5.925;107.025;19/08/2020;11:00:00;0.183
-5.925;107.025;19/08/2020;12:00:00;0.275
-5.925;107.025;19/08/2020;13:00:00;0.362
-5.925;107.025;19/08/2020;14:00:00;0.432
-5.925;107.025;19/08/2020;15:00:00;0.47
-5.925;107.025;19/08/2020;16:00:00;0.466
-5.925;107.025;19/08/2020;17:00:00;0.416
-5.925;107.025;19/08/2020;18:00:00;0.321
-5.925;107.025;19/08/2020;19:00:00;0.192
-5.925;107.025;19/08/2020;20:00:00;0.044
-5.925;107.025;19/08/2020;21:00:00;-0.103
-5.925;107.025;19/08/2020;22:00:00;-0.232
-5.925;107.025;19/08/2020;23:00:00;-0.328
-5.925;107.025;20/08/2020;00:00:00;-0.384
-5.925;107.025;20/08/2020;01:00:00;-0.399
-5.925;107.025;20/08/2020;02:00:00;-0.379
-5.925;107.025;20/08/2020;03:00:00;-0.336
-5.925;107.025;20/08/2020;04:00:00;-0.279
-5.925;107.025;20/08/2020;05:00:00;-0.221
-5.925;107.025;20/08/2020;06:00:00;-0.165
-5.925;107.025;20/08/2020;07:00:00;-0.115
-5.925;107.025;20/08/2020;08:00:00;-0.067
-5.925;107.025;20/08/2020;09:00:00;-0.016
-5.925;107.025;20/08/2020;10:00:00;0.042
-5.925;107.025;20/08/2020;11:00:00;0.11
-5.925;107.025;20/08/2020;12:00:00;0.186
-5.925;107.025;20/08/2020;13:00:00;0.263
-5.925;107.025;20/08/2020;14:00:00;0.33
-5.925;107.025;20/08/2020;15:00:00;0.376
-5.925;107.025;20/08/2020;16:00:00;0.39
-5.925;107.025;20/08/2020;17:00:00;0.366
-5.925;107.025;20/08/2020;18:00:00;0.303
-5.925;107.025;20/08/2020;19:00:00;0.207
-5.925;107.025;20/08/2020;20:00:00;0.09
-5.925;107.025;20/08/2020;21:00:00;-0.033
-5.925;107.025;20/08/2020;22:00:00;-0.146
-5.925;107.025;20/08/2020;23:00:00;-0.235
-5.925;107.025;21/08/2020;00:00:00;-0.293
-5.925;107.025;21/08/2020;01:00:00;-0.315
-5.925;107.025;21/08/2020;02:00:00;-0.306
-5.925;107.025;21/08/2020;03:00:00;-0.273
-5.925;107.025;21/08/2020;04:00:00;-0.226
-5.925;107.025;21/08/2020;05:00:00;-0.176
-5.925;107.025;21/08/2020;06:00:00;-0.129
-5.925;107.025;21/08/2020;07:00:00;-0.087
-5.925;107.025;21/08/2020;08:00:00;-0.051
-5.925;107.025;21/08/2020;09:00:00;-0.017
-5.925;107.025;21/08/2020;10:00:00;0.02
-5.925;107.025;21/08/2020;11:00:00;0.063
-5.925;107.025;21/08/2020;12:00:00;0.112
-5.925;107.025;21/08/2020;13:00:00;0.164
-5.925;107.025;21/08/2020;14:00:00;0.213
-5.925;107.025;21/08/2020;15:00:00;0.251
-5.925;107.025;21/08/2020;16:00:00;0.268
-5.925;107.025;21/08/2020;17:00:00;0.26
-5.925;107.025;21/08/2020;18:00:00;0.224
-5.925;107.025;21/08/2020;19:00:00;0.161
-5.925;107.025;21/08/2020;20:00:00;0.081
-5.925;107.025;21/08/2020;21:00:00;-0.007
-5.925;107.025;21/08/2020;22:00:00;-0.091
-5.925;107.025;21/08/2020;23:00:00;-0.159
-5.925;107.025;22/08/2020;00:00:00;-0.204
-5.925;107.025;22/08/2020;01:00:00;-0.223
-5.925;107.025;22/08/2020;02:00:00;-0.216
-5.925;107.025;22/08/2020;03:00:00;-0.188
-5.925;107.025;22/08/2020;04:00:00;-0.148
-5.925;107.025;22/08/2020;05:00:00;-0.103
-5.925;107.025;22/08/2020;06:00:00;-0.06
-5.925;107.025;22/08/2020;07:00:00;-0.023
-5.925;107.025;22/08/2020;08:00:00;0.005
-5.925;107.025;22/08/2020;09:00:00;0.026
-5.925;107.025;22/08/2020;10:00:00;0.044
-5.925;107.025;22/08/2020;11:00:00;0.06
-5.925;107.025;22/08/2020;12:00:00;0.078
-5.925;107.025;22/08/2020;13:00:00;0.096
-5.925;107.025;22/08/2020;14:00:00;0.113
-5.925;107.025;22/08/2020;15:00:00;0.125
-5.925;107.025;22/08/2020;16:00:00;0.129
-5.925;107.025;22/08/2020;17:00:00;0.12
-5.925;107.025;22/08/2020;18:00:00;0.096
-5.925;107.025;22/08/2020;19:00:00;0.059
-5.925;107.025;22/08/2020;20:00:00;0.013
-5.925;107.025;22/08/2020;21:00:00;-0.037
-5.925;107.025;22/08/2020;22:00:00;-0.084
-5.925;107.025;22/08/2020;23:00:00;-0.121
-5.925;107.025;23/08/2020;00:00:00;-0.143
-5.925;107.025;23/08/2020;01:00:00;-0.146
-5.925;107.025;23/08/2020;02:00:00;-0.132
-5.925;107.025;23/08/2020;03:00:00;-0.103
-5.925;107.025;23/08/2020;04:00:00;-0.064
-5.925;107.025;23/08/2020;05:00:00;-0.02
-5.925;107.025;23/08/2020;06:00:00;0.023
-5.925;107.025;23/08/2020;07:00:00;0.06
-5.925;107.025;23/08/2020;08:00:00;0.087
-5.925;107.025;23/08/2020;09:00:00;0.104
-5.925;107.025;23/08/2020;10:00:00;0.111
-5.925;107.025;23/08/2020;11:00:00;0.108
-5.925;107.025;23/08/2020;12:00:00;0.097
-5.925;107.025;23/08/2020;13:00:00;0.081
-5.925;107.025;23/08/2020;14:00:00;0.06
-5.925;107.025;23/08/2020;15:00:00;0.035
-5.925;107.025;23/08/2020;16:00:00;0.008
-5.925;107.025;23/08/2020;17:00:00;-0.02
-5.925;107.025;23/08/2020;18:00:00;-0.049
-5.925;107.025;23/08/2020;19:00:00;-0.077
-5.925;107.025;23/08/2020;20:00:00;-0.101
-5.925;107.025;23/08/2020;21:00:00;-0.119
-5.925;107.025;23/08/2020;22:00:00;-0.13
-5.925;107.025;23/08/2020;23:00:00;-0.132
-5.925;107.025;24/08/2020;00:00:00;-0.123
-5.925;107.025;24/08/2020;01:00:00;-0.104
-5.925;107.025;24/08/2020;02:00:00;-0.075
-5.925;107.025;24/08/2020;03:00:00;-0.038
-5.925;107.025;24/08/2020;04:00:00;0.005
-5.925;107.025;24/08/2020;05:00:00;0.051
-5.925;107.025;24/08/2020;06:00:00;0.097
-5.925;107.025;24/08/2020;07:00:00;0.138
-5.925;107.025;24/08/2020;08:00:00;0.172
-5.925;107.025;24/08/2020;09:00:00;0.194
-5.925;107.025;24/08/2020;10:00:00;0.202
-5.925;107.025;24/08/2020;11:00:00;0.193
-5.925;107.025;24/08/2020;12:00:00;0.167
-5.925;107.025;24/08/2020;13:00:00;0.125
-5.925;107.025;24/08/2020;14:00:00;0.07
-5.925;107.025;24/08/2020;15:00:00;0.006
-5.925;107.025;24/08/2020;16:00:00;-0.061
-5.925;107.025;24/08/2020;17:00:00;-0.123
-5.925;107.025;24/08/2020;18:00:00;-0.175
-5.925;107.025;24/08/2020;19:00:00;-0.213
-5.925;107.025;24/08/2020;20:00:00;-0.232
-5.925;107.025;24/08/2020;21:00:00;-0.234
-5.925;107.025;24/08/2020;22:00:00;-0.218
-5.925;107.025;24/08/2020;23:00:00;-0.189
-5.925;107.025;25/08/2020;00:00:00;-0.149
-5.925;107.025;25/08/2020;01:00:00;-0.104
-5.925;107.025;25/08/2020;02:00:00;-0.056
-5.925;107.025;25/08/2020;03:00:00;-0.007
-5.925;107.025;25/08/2020;04:00:00;0.043
-5.925;107.025;25/08/2020;05:00:00;0.093
-5.925;107.025;25/08/2020;06:00:00;0.143
-5.925;107.025;25/08/2020;07:00:00;0.191
-5.925;107.025;25/08/2020;08:00:00;0.235
-5.925;107.025;25/08/2020;09:00:00;0.27
-5.925;107.025;25/08/2020;10:00:00;0.29
-5.925;107.025;25/08/2020;11:00:00;0.29
-5.925;107.025;25/08/2020;12:00:00;0.265
-5.925;107.025;25/08/2020;13:00:00;0.213
-5.925;107.025;25/08/2020;14:00:00;0.137
-5.925;107.025;25/08/2020;15:00:00;0.043
-5.925;107.025;25/08/2020;16:00:00;-0.061
-5.925;107.025;25/08/2020;17:00:00;-0.162
-5.925;107.025;25/08/2020;18:00:00;-0.25
-5.925;107.025;25/08/2020;19:00:00;-0.314
-5.925;107.025;25/08/2020;20:00:00;-0.347
-5.925;107.025;25/08/2020;21:00:00;-0.349
-5.925;107.025;25/08/2020;22:00:00;-0.323
-5.925;107.025;25/08/2020;23:00:00;-0.274
-5.925;107.025;26/08/2020;00:00:00;-0.211
-5.925;107.025;26/08/2020;01:00:00;-0.142
-5.925;107.025;26/08/2020;02:00:00;-0.075
-5.925;107.025;26/08/2020;03:00:00;-0.012
-5.925;107.025;26/08/2020;04:00:00;0.045
-5.925;107.025;26/08/2020;05:00:00;0.099
-5.925;107.025;26/08/2020;06:00:00;0.153
-5.925;107.025;26/08/2020;07:00:00;0.207
-5.925;107.025;26/08/2020;08:00:00;0.261
-5.925;107.025;26/08/2020;09:00:00;0.311
-5.925;107.025;26/08/2020;10:00:00;0.35
-5.925;107.025;26/08/2020;11:00:00;0.37
-5.925;107.025;26/08/2020;12:00:00;0.361
-5.925;107.025;26/08/2020;13:00:00;0.318
-5.925;107.025;26/08/2020;14:00:00;0.24
-5.925;107.025;26/08/2020;15:00:00;0.131
-5.925;107.025;26/08/2020;16:00:00;0.002
-5.925;107.025;26/08/2020;17:00:00;-0.133
-5.925;107.025;26/08/2020;18:00:00;-0.257
-5.925;107.025;26/08/2020;19:00:00;-0.356
-5.925;107.025;26/08/2020;20:00:00;-0.418
-5.925;107.025;26/08/2020;21:00:00;-0.437
-5.925;107.025;26/08/2020;22:00:00;-0.417
-5.925;107.025;26/08/2020;23:00:00;-0.363
-5.925;107.025;27/08/2020;00:00:00;-0.288
-5.925;107.025;27/08/2020;01:00:00;-0.204
-5.925;107.025;27/08/2020;02:00:00;-0.121
-5.925;107.025;27/08/2020;03:00:00;-0.047
-5.925;107.025;27/08/2020;04:00:00;0.018
-5.925;107.025;27/08/2020;05:00:00;0.074
-5.925;107.025;27/08/2020;06:00:00;0.128
-5.925;107.025;27/08/2020;07:00:00;0.184
-5.925;107.025;27/08/2020;08:00:00;0.245
-5.925;107.025;27/08/2020;09:00:00;0.308
-5.925;107.025;27/08/2020;10:00:00;0.367
-5.925;107.025;27/08/2020;11:00:00;0.411
-5.925;107.025;27/08/2020;12:00:00;0.429
-5.925;107.025;27/08/2020;13:00:00;0.409
-5.925;107.025;27/08/2020;14:00:00;0.347
-5.925;107.025;27/08/2020;15:00:00;0.243
-5.925;107.025;27/08/2020;16:00:00;0.106
-5.925;107.025;27/08/2020;17:00:00;-0.049
-5.925;107.025;27/08/2020;18:00:00;-0.202
-5.925;107.025;27/08/2020;19:00:00;-0.335
-5.925;107.025;27/08/2020;20:00:00;-0.43
-5.925;107.025;27/08/2020;21:00:00;-0.478
-5.925;107.025;27/08/2020;22:00:00;-0.477
-5.925;107.025;27/08/2020;23:00:00;-0.434
-5.925;107.025;28/08/2020;00:00:00;-0.36
-5.925;107.025;28/08/2020;01:00:00;-0.271
-5.925;107.025;28/08/2020;02:00:00;-0.18
-5.925;107.025;28/08/2020;03:00:00;-0.098
-5.925;107.025;28/08/2020;04:00:00;-0.029
-5.925;107.025;28/08/2020;05:00:00;0.029
-5.925;107.025;28/08/2020;06:00:00;0.081
-5.925;107.025;28/08/2020;07:00:00;0.135
-5.925;107.025;28/08/2020;08:00:00;0.197
-5.925;107.025;28/08/2020;09:00:00;0.267
-5.925;107.025;28/08/2020;10:00:00;0.34
-5.925;107.025;28/08/2020;11:00:00;0.407
-5.925;107.025;28/08/2020;12:00:00;0.453
-5.925;107.025;28/08/2020;13:00:00;0.464
-5.925;107.025;28/08/2020;14:00:00;0.43
-5.925;107.025;28/08/2020;15:00:00;0.348
-5.925;107.025;28/08/2020;16:00:00;0.221
-5.925;107.025;28/08/2020;17:00:00;0.063
-5.925;107.025;28/08/2020;18:00:00;-0.105
-5.925;107.025;28/08/2020;19:00:00;-0.262
-5.925;107.025;28/08/2020;20:00:00;-0.388
-5.925;107.025;28/08/2020;21:00:00;-0.467
-5.925;107.025;28/08/2020;22:00:00;-0.494
-5.925;107.025;28/08/2020;23:00:00;-0.472
-5.925;107.025;29/08/2020;00:00:00;-0.411
-5.925;107.025;29/08/2020;01:00:00;-0.326
-5.925;107.025;29/08/2020;02:00:00;-0.235
-5.925;107.025;29/08/2020;03:00:00;-0.151
-5.925;107.025;29/08/2020;04:00:00;-0.08
-5.925;107.025;29/08/2020;05:00:00;-0.022
-5.925;107.025;29/08/2020;06:00:00;0.026
-5.925;107.025;29/08/2020;07:00:00;0.075
-5.925;107.025;29/08/2020;08:00:00;0.132
-5.925;107.025;29/08/2020;09:00:00;0.201
-5.925;107.025;29/08/2020;10:00:00;0.281
-5.925;107.025;29/08/2020;11:00:00;0.363
-5.925;107.025;29/08/2020;12:00:00;0.433
-5.925;107.025;29/08/2020;13:00:00;0.474
-5.925;107.025;29/08/2020;14:00:00;0.473
-5.925;107.025;29/08/2020;15:00:00;0.421
-5.925;107.025;29/08/2020;16:00:00;0.318
-5.925;107.025;29/08/2020;17:00:00;0.174
-5.925;107.025;29/08/2020;18:00:00;0.007
-5.925;107.025;29/08/2020;19:00:00;-0.161
-5.925;107.025;29/08/2020;20:00:00;-0.308
-5.925;107.025;29/08/2020;21:00:00;-0.414
-5.925;107.025;29/08/2020;22:00:00;-0.469
-5.925;107.025;29/08/2020;23:00:00;-0.472
-5.925;107.025;30/08/2020;00:00:00;-0.43
-5.925;107.025;30/08/2020;01:00:00;-0.359
-5.925;107.025;30/08/2020;02:00:00;-0.275
-5.925;107.025;30/08/2020;03:00:00;-0.193
-5.925;107.025;30/08/2020;04:00:00;-0.123
-5.925;107.025;30/08/2020;05:00:00;-0.069
-5.925;107.025;30/08/2020;06:00:00;-0.025
-5.925;107.025;30/08/2020;07:00:00;0.017
-5.925;107.025;30/08/2020;08:00:00;0.066
-5.925;107.025;30/08/2020;09:00:00;0.128
-5.925;107.025;30/08/2020;10:00:00;0.207
-5.925;107.025;30/08/2020;11:00:00;0.294
-5.925;107.025;30/08/2020;12:00:00;0.378
-5.925;107.025;30/08/2020;13:00:00;0.443
-5.925;107.025;30/08/2020;14:00:00;0.472
-5.925;107.025;30/08/2020;15:00:00;0.452
-5.925;107.025;30/08/2020;16:00:00;0.38
-5.925;107.025;30/08/2020;17:00:00;0.261
-5.925;107.025;30/08/2020;18:00:00;0.109
-5.925;107.025;30/08/2020;19:00:00;-0.056
-5.925;107.025;30/08/2020;20:00:00;-0.21
-5.925;107.025;30/08/2020;21:00:00;-0.333
-5.925;107.025;30/08/2020;22:00:00;-0.411
-5.925;107.025;30/08/2020;23:00:00;-0.438
-5.925;107.025;31/08/2020;00:00:00;-0.419
-5.925;107.025;31/08/2020;01:00:00;-0.365
-5.925;107.025;31/08/2020;02:00:00;-0.293
-5.925;107.025;31/08/2020;03:00:00;-0.218
-5.925;107.025;31/08/2020;04:00:00;-0.153
-5.925;107.025;31/08/2020;05:00:00;-0.101
-5.925;107.025;31/08/2020;06:00:00;-0.062
-5.925;107.025;31/08/2020;07:00:00;-0.028
-5.925;107.025;31/08/2020;08:00:00;0.01
-5.925;107.025;31/08/2020;09:00:00;0.062
-5.925;107.025;31/08/2020;10:00:00;0.132
-5.925;107.025;31/08/2020;11:00:00;0.215
-5.925;107.025;31/08/2020;12:00:00;0.304
-5.925;107.025;31/08/2020;13:00:00;0.381
-5.925;107.025;31/08/2020;14:00:00;0.432
-5.925;107.025;31/08/2020;15:00:00;0.44
-5.925;107.025;31/08/2020;16:00:00;0.4
-5.925;107.025;31/08/2020;17:00:00;0.311
-5.925;107.025;31/08/2020;18:00:00;0.183
-5.925;107.025;31/08/2020;19:00:00;0.034
-5.925;107.025;31/08/2020;20:00:00;-0.115
-5.925;107.025;31/08/2020;21:00:00;-0.243
-5.925;107.025;31/08/2020;22:00:00;-0.334
-5.925;107.025;31/08/2020;23:00:00;-0.38
-5.925;107.025;01/09/2020;00:00:00;-0.38
-5.925;107.025;01/09/2020;01:00:00;-0.345
-5.925;107.025;01/09/2020;02:00:00;-0.287
-5.925;107.025;01/09/2020;03:00:00;-0.222
-5.925;107.025;01/09/2020;04:00:00;-0.163
-5.925;107.025;01/09/2020;05:00:00;-0.116
-5.925;107.025;01/09/2020;06:00:00;-0.082
-5.925;107.025;01/09/2020;07:00:00;-0.055
-5.925;107.025;01/09/2020;08:00:00;-0.027
-5.925;107.025;01/09/2020;09:00:00;0.012
-5.925;107.025;01/09/2020;10:00:00;0.068
-5.925;107.025;01/09/2020;11:00:00;0.14
-5.925;107.025;01/09/2020;12:00:00;0.222
-5.925;107.025;01/09/2020;13:00:00;0.302
-5.925;107.025;01/09/2020;14:00:00;0.363
-5.925;107.025;01/09/2020;15:00:00;0.392
-5.925;107.025;01/09/2020;16:00:00;0.378
-5.925;107.025;01/09/2020;17:00:00;0.319
-5.925;107.025;01/09/2020;18:00:00;0.22
-5.925;107.025;01/09/2020;19:00:00;0.095
-5.925;107.025;01/09/2020;20:00:00;-0.038
-5.925;107.025;01/09/2020;21:00:00;-0.159
-5.925;107.025;01/09/2020;22:00:00;-0.253
-5.925;107.025;01/09/2020;23:00:00;-0.308
-5.925;107.025;02/09/2020;00:00:00;-0.323
-5.925;107.025;02/09/2020;01:00:00;-0.303
-5.925;107.025;02/09/2020;02:00:00;-0.259
-5.925;107.025;02/09/2020;03:00:00;-0.205
-5.925;107.025;02/09/2020;04:00:00;-0.152
-5.925;107.025;02/09/2020;05:00:00;-0.11
-5.925;107.025;02/09/2020;06:00:00;-0.081
-5.925;107.025;02/09/2020;07:00:00;-0.061
-5.925;107.025;02/09/2020;08:00:00;-0.043
-5.925;107.025;02/09/2020;09:00:00;-0.017
-5.925;107.025;02/09/2020;10:00:00;0.022
-5.925;107.025;02/09/2020;11:00:00;0.078
-5.925;107.025;02/09/2020;12:00:00;0.146
-5.925;107.025;02/09/2020;13:00:00;0.217
-5.925;107.025;02/09/2020;14:00:00;0.279
-5.925;107.025;02/09/2020;15:00:00;0.317
-5.925;107.025;02/09/2020;16:00:00;0.321
-5.925;107.025;02/09/2020;17:00:00;0.288
-5.925;107.025;02/09/2020;18:00:00;0.218
-5.925;107.025;02/09/2020;19:00:00;0.121
-5.925;107.025;02/09/2020;20:00:00;0.012
-5.925;107.025;02/09/2020;21:00:00;-0.093
-5.925;107.025;02/09/2020;22:00:00;-0.179
-5.925;107.025;02/09/2020;23:00:00;-0.234
-5.925;107.025;03/09/2020;00:00:00;-0.256
-5.925;107.025;03/09/2020;01:00:00;-0.246
-5.925;107.025;03/09/2020;02:00:00;-0.213
-5.925;107.025;03/09/2020;03:00:00;-0.168
-5.925;107.025;03/09/2020;04:00:00;-0.123
-5.925;107.025;03/09/2020;05:00:00;-0.086
-5.925;107.025;03/09/2020;06:00:00;-0.061
-5.925;107.025;03/09/2020;07:00:00;-0.046
-5.925;107.025;03/09/2020;08:00:00;-0.036
-5.925;107.025;03/09/2020;09:00:00;-0.023
-5.925;107.025;03/09/2020;10:00:00;0
-5.925;107.025;03/09/2020;11:00:00;0.036
-5.925;107.025;03/09/2020;12:00:00;0.084
-5.925;107.025;03/09/2020;13:00:00;0.138
-5.925;107.025;03/09/2020;14:00:00;0.189
-5.925;107.025;03/09/2020;15:00:00;0.226
-5.925;107.025;03/09/2020;16:00:00;0.239
-5.925;107.025;03/09/2020;17:00:00;0.223
-5.925;107.025;03/09/2020;18:00:00;0.177
-5.925;107.025;03/09/2020;19:00:00;0.109
-5.925;107.025;03/09/2020;20:00:00;0.027
-5.925;107.025;03/09/2020;21:00:00;-0.054
-5.925;107.025;03/09/2020;22:00:00;-0.122
-5.925;107.025;03/09/2020;23:00:00;-0.168
-5.925;107.025;04/09/2020;00:00:00;-0.188
-5.925;107.025;04/09/2020;01:00:00;-0.182
-5.925;107.025;04/09/2020;02:00:00;-0.156
-5.925;107.025;04/09/2020;03:00:00;-0.118
-5.925;107.025;04/09/2020;04:00:00;-0.08
-5.925;107.025;04/09/2020;05:00:00;-0.047
-5.925;107.025;04/09/2020;06:00:00;-0.025
-5.925;107.025;04/09/2020;07:00:00;-0.013
-5.925;107.025;04/09/2020;08:00:00;-0.009
-5.925;107.025;04/09/2020;09:00:00;-0.005
-5.925;107.025;04/09/2020;10:00:00;0.003
-5.925;107.025;04/09/2020;11:00:00;0.019
-5.925;107.025;04/09/2020;12:00:00;0.044
-5.925;107.025;04/09/2020;13:00:00;0.076
-5.925;107.025;04/09/2020;14:00:00;0.108
-5.925;107.025;04/09/2020;15:00:00;0.133
-5.925;107.025;04/09/2020;16:00:00;0.143
-5.925;107.025;04/09/2020;17:00:00;0.135
-5.925;107.025;04/09/2020;18:00:00;0.107
-5.925;107.025;04/09/2020;19:00:00;0.063
-5.925;107.025;04/09/2020;20:00:00;0.009
-5.925;107.025;04/09/2020;21:00:00;-0.045
-5.925;107.025;04/09/2020;22:00:00;-0.09
-5.925;107.025;04/09/2020;23:00:00;-0.12
-5.925;107.025;05/09/2020;00:00:00;-0.13
-5.925;107.025;05/09/2020;01:00:00;-0.121
-5.925;107.025;05/09/2020;02:00:00;-0.096
-5.925;107.025;05/09/2020;03:00:00;-0.063
-5.925;107.025;05/09/2020;04:00:00;-0.029
-5.925;107.025;05/09/2020;05:00:00;0.001
-5.925;107.025;05/09/2020;06:00:00;0.021
-5.925;107.025;05/09/2020;07:00:00;0.032
-5.925;107.025;05/09/2020;08:00:00;0.034
-5.925;107.025;05/09/2020;09:00:00;0.032
-5.925;107.025;05/09/2020;10:00:00;0.029
-5.925;107.025;05/09/2020;11:00:00;0.029
-5.925;107.025;05/09/2020;12:00:00;0.033
-5.925;107.025;05/09/2020;13:00:00;0.04
-5.925;107.025;05/09/2020;14:00:00;0.047
-5.925;107.025;05/09/2020;15:00:00;0.052
-5.925;107.025;05/09/2020;16:00:00;0.049
-5.925;107.025;05/09/2020;17:00:00;0.038
-5.925;107.025;05/09/2020;18:00:00;0.017
-5.925;107.025;05/09/2020;19:00:00;-0.01
-5.925;107.025;05/09/2020;20:00:00;-0.04
-5.925;107.025;05/09/2020;21:00:00;-0.067
-5.925;107.025;05/09/2020;22:00:00;-0.087
-5.925;107.025;05/09/2020;23:00:00;-0.095
-5.925;107.025;06/09/2020;00:00:00;-0.089
-5.925;107.025;06/09/2020;01:00:00;-0.071
-5.925;107.025;06/09/2020;02:00:00;-0.044
-5.925;107.025;06/09/2020;03:00:00;-0.011
-5.925;107.025;06/09/2020;04:00:00;0.021
-5.925;107.025;06/09/2020;05:00:00;0.048
-5.925;107.025;06/09/2020;06:00:00;0.069
-5.925;107.025;06/09/2020;07:00:00;0.081
-5.925;107.025;06/09/2020;08:00:00;0.084
-5.925;107.025;06/09/2020;09:00:00;0.082
-5.925;107.025;06/09/2020;10:00:00;0.074
-5.925;107.025;06/09/2020;11:00:00;0.063
-5.925;107.025;06/09/2020;12:00:00;0.05
-5.925;107.025;06/09/2020;13:00:00;0.035
-5.925;107.025;06/09/2020;14:00:00;0.017
-5.925;107.025;06/09/2020;15:00:00;-0.004
-5.925;107.025;06/09/2020;16:00:00;-0.027
-5.925;107.025;06/09/2020;17:00:00;-0.052
-5.925;107.025;06/09/2020;18:00:00;-0.076
-5.925;107.025;06/09/2020;19:00:00;-0.096
-5.925;107.025;06/09/2020;20:00:00;-0.111
-5.925;107.025;06/09/2020;21:00:00;-0.116
-5.925;107.025;06/09/2020;22:00:00;-0.111
-5.925;107.025;06/09/2020;23:00:00;-0.095
-5.925;107.025;07/09/2020;00:00:00;-0.071
-5.925;107.025;07/09/2020;01:00:00;-0.039
-5.925;107.025;07/09/2020;02:00:00;-0.004
-5.925;107.025;07/09/2020;03:00:00;0.03
-5.925;107.025;07/09/2020;04:00:00;0.062
-5.925;107.025;07/09/2020;05:00:00;0.089
-5.925;107.025;07/09/2020;06:00:00;0.11
-5.925;107.025;07/09/2020;07:00:00;0.124
-5.925;107.025;07/09/2020;08:00:00;0.132
-5.925;107.025;07/09/2020;09:00:00;0.133
-5.925;107.025;07/09/2020;10:00:00;0.127
-5.925;107.025;07/09/2020;11:00:00;0.114
-5.925;107.025;07/09/2020;12:00:00;0.091
-5.925;107.025;07/09/2020;13:00:00;0.059
-5.925;107.025;07/09/2020;14:00:00;0.019
-5.925;107.025;07/09/2020;15:00:00;-0.026
-5.925;107.025;07/09/2020;16:00:00;-0.074
-5.925;107.025;07/09/2020;17:00:00;-0.12
-5.925;107.025;07/09/2020;18:00:00;-0.157
-5.925;107.025;07/09/2020;19:00:00;-0.182
-5.925;107.025;07/09/2020;20:00:00;-0.191
-5.925;107.025;07/09/2020;21:00:00;-0.182
-5.925;107.025;07/09/2020;22:00:00;-0.158
-5.925;107.025;07/09/2020;23:00:00;-0.121
-5.925;107.025;08/09/2020;00:00:00;-0.076
-5.925;107.025;08/09/2020;01:00:00;-0.029
-5.925;107.025;08/09/2020;02:00:00;0.017
-5.925;107.025;08/09/2020;03:00:00;0.057
-5.925;107.025;08/09/2020;04:00:00;0.091
-5.925;107.025;08/09/2020;05:00:00;0.118
-5.925;107.025;08/09/2020;06:00:00;0.139
-5.925;107.025;08/09/2020;07:00:00;0.157
-5.925;107.025;08/09/2020;08:00:00;0.17
-5.925;107.025;08/09/2020;09:00:00;0.179
-5.925;107.025;08/09/2020;10:00:00;0.18
-5.925;107.025;08/09/2020;11:00:00;0.17
-5.925;107.025;08/09/2020;12:00:00;0.146
-5.925;107.025;08/09/2020;13:00:00;0.107
-5.925;107.025;08/09/2020;14:00:00;0.052
-5.925;107.025;08/09/2020;15:00:00;-0.015
-5.925;107.025;08/09/2020;16:00:00;-0.088
-5.925;107.025;08/09/2020;17:00:00;-0.158
-5.925;107.025;08/09/2020;18:00:00;-0.215
-5.925;107.025;08/09/2020;19:00:00;-0.254
-5.925;107.025;08/09/2020;20:00:00;-0.268
-5.925;107.025;08/09/2020;21:00:00;-0.255
-5.925;107.025;08/09/2020;22:00:00;-0.22
-5.925;107.025;08/09/2020;23:00:00;-0.167
-5.925;107.025;09/09/2020;00:00:00;-0.104
-5.925;107.025;09/09/2020;01:00:00;-0.04
-5.925;107.025;09/09/2020;02:00:00;0.018
-5.925;107.025;09/09/2020;03:00:00;0.066
-5.925;107.025;09/09/2020;04:00:00;0.104
-5.925;107.025;09/09/2020;05:00:00;0.134
-5.925;107.025;09/09/2020;06:00:00;0.157
-5.925;107.025;09/09/2020;07:00:00;0.177
-5.925;107.025;09/09/2020;08:00:00;0.197
-5.925;107.025;09/09/2020;09:00:00;0.214
-5.925;107.025;09/09/2020;10:00:00;0.225
-5.925;107.025;09/09/2020;11:00:00;0.224
-5.925;107.025;09/09/2020;12:00:00;0.206
-5.925;107.025;09/09/2020;13:00:00;0.167
-5.925;107.025;09/09/2020;14:00:00;0.105
-5.925;107.025;09/09/2020;15:00:00;0.023
-5.925;107.025;09/09/2020;16:00:00;-0.07
-5.925;107.025;09/09/2020;17:00:00;-0.163
-5.925;107.025;09/09/2020;18:00:00;-0.245
-5.925;107.025;09/09/2020;19:00:00;-0.304
-5.925;107.025;09/09/2020;20:00:00;-0.331
-5.925;107.025;09/09/2020;21:00:00;-0.325
-5.925;107.025;09/09/2020;22:00:00;-0.287
-5.925;107.025;09/09/2020;23:00:00;-0.226
-5.925;107.025;10/09/2020;00:00:00;-0.15
-5.925;107.025;10/09/2020;01:00:00;-0.072
-5.925;107.025;10/09/2020;02:00:00;-0.001
-5.925;107.025;10/09/2020;03:00:00;0.058
-5.925;107.025;10/09/2020;04:00:00;0.103
-5.925;107.025;10/09/2020;05:00:00;0.136
-5.925;107.025;10/09/2020;06:00:00;0.163
-5.925;107.025;10/09/2020;07:00:00;0.187
-5.925;107.025;10/09/2020;08:00:00;0.212
-5.925;107.025;10/09/2020;09:00:00;0.237
-5.925;107.025;10/09/2020;10:00:00;0.259
-5.925;107.025;10/09/2020;11:00:00;0.271
-5.925;107.025;10/09/2020;12:00:00;0.264
-5.925;107.025;10/09/2020;13:00:00;0.231
-5.925;107.025;10/09/2020;14:00:00;0.17
-5.925;107.025;10/09/2020;15:00:00;0.081
-5.925;107.025;10/09/2020;16:00:00;-0.026
-5.925;107.025;10/09/2020;17:00:00;-0.14
-5.925;107.025;10/09/2020;18:00:00;-0.246
-5.925;107.025;10/09/2020;19:00:00;-0.328
-5.925;107.025;10/09/2020;20:00:00;-0.376
-5.925;107.025;10/09/2020;21:00:00;-0.384
-5.925;107.025;10/09/2020;22:00:00;-0.353
-5.925;107.025;10/09/2020;23:00:00;-0.291
-5.925;107.025;11/09/2020;00:00:00;-0.209
-5.925;107.025;11/09/2020;01:00:00;-0.121
-5.925;107.025;11/09/2020;02:00:00;-0.038
-5.925;107.025;11/09/2020;03:00:00;0.032
-5.925;107.025;11/09/2020;04:00:00;0.086
-5.925;107.025;11/09/2020;05:00:00;0.125
-5.925;107.025;11/09/2020;06:00:00;0.157
-5.925;107.025;11/09/2020;07:00:00;0.185
-5.925;107.025;11/09/2020;08:00:00;0.217
-5.925;107.025;11/09/2020;09:00:00;0.251
-5.925;107.025;11/09/2020;10:00:00;0.285
-5.925;107.025;11/09/2020;11:00:00;0.31
-5.925;107.025;11/09/2020;12:00:00;0.317
-5.925;107.025;11/09/2020;13:00:00;0.295
-5.925;107.025;11/09/2020;14:00:00;0.24
-5.925;107.025;11/09/2020;15:00:00;0.151
-5.925;107.025;11/09/2020;16:00:00;0.036
-5.925;107.025;11/09/2020;17:00:00;-0.094
-5.925;107.025;11/09/2020;18:00:00;-0.22
-5.925;107.025;11/09/2020;19:00:00;-0.326
-5.925;107.025;11/09/2020;20:00:00;-0.397
-5.925;107.025;11/09/2020;21:00:00;-0.425
-5.925;107.025;11/09/2020;22:00:00;-0.409
-5.925;107.025;11/09/2020;23:00:00;-0.354
-5.925;107.025;12/09/2020;00:00:00;-0.273
-5.925;107.025;12/09/2020;01:00:00;-0.181
-5.925;107.025;12/09/2020;02:00:00;-0.09
-5.925;107.025;12/09/2020;03:00:00;-0.011
-5.925;107.025;12/09/2020;04:00:00;0.052
-5.925;107.025;12/09/2020;05:00:00;0.099
-5.925;107.025;12/09/2020;06:00:00;0.137
-5.925;107.025;12/09/2020;07:00:00;0.172
-5.925;107.025;12/09/2020;08:00:00;0.21
-5.925;107.025;12/09/2020;09:00:00;0.253
-5.925;107.025;12/09/2020;10:00:00;0.299
-5.925;107.025;12/09/2020;11:00:00;0.338
-5.925;107.025;12/09/2020;12:00:00;0.361
-5.925;107.025;12/09/2020;13:00:00;0.354
-5.925;107.025;12/09/2020;14:00:00;0.31
-5.925;107.025;12/09/2020;15:00:00;0.228
-5.925;107.025;12/09/2020;16:00:00;0.111
-5.925;107.025;12/09/2020;17:00:00;-0.028
-5.925;107.025;12/09/2020;18:00:00;-0.171
-5.925;107.025;12/09/2020;19:00:00;-0.298
-5.925;107.025;12/09/2020;20:00:00;-0.393
-5.925;107.025;12/09/2020;21:00:00;-0.444
-5.925;107.025;12/09/2020;22:00:00;-0.447
-5.925;107.025;12/09/2020;23:00:00;-0.407
-5.925;107.025;13/09/2020;00:00:00;-0.334
-5.925;107.025;13/09/2020;01:00:00;-0.243
-5.925;107.025;13/09/2020;02:00:00;-0.15
-5.925;107.025;13/09/2020;03:00:00;-0.065
-5.925;107.025;13/09/2020;04:00:00;0.004
-5.925;107.025;13/09/2020;05:00:00;0.058
-5.925;107.025;13/09/2020;06:00:00;0.101
-5.925;107.025;13/09/2020;07:00:00;0.142
-5.925;107.025;13/09/2020;08:00:00;0.187
-5.925;107.025;13/09/2020;09:00:00;0.239
-5.925;107.025;13/09/2020;10:00:00;0.296
-5.925;107.025;13/09/2020;11:00:00;0.35
-5.925;107.025;13/09/2020;12:00:00;0.389
-5.925;107.025;13/09/2020;13:00:00;0.4
-5.925;107.025;13/09/2020;14:00:00;0.373
-5.925;107.025;13/09/2020;15:00:00;0.303
-5.925;107.025;13/09/2020;16:00:00;0.192
-5.925;107.025;13/09/2020;17:00:00;0.051
-5.925;107.025;13/09/2020;18:00:00;-0.101
-5.925;107.025;13/09/2020;19:00:00;-0.245
-5.925;107.025;13/09/2020;20:00:00;-0.361
-5.925;107.025;13/09/2020;21:00:00;-0.435
-5.925;107.025;13/09/2020;22:00:00;-0.46
-5.925;107.025;13/09/2020;23:00:00;-0.438
-5.925;107.025;14/09/2020;00:00:00;-0.378
-5.925;107.025;14/09/2020;01:00:00;-0.296
-5.925;107.025;14/09/2020;02:00:00;-0.205
-5.925;107.025;14/09/2020;03:00:00;-0.121
-5.925;107.025;14/09/2020;04:00:00;-0.05
-5.925;107.025;14/09/2020;05:00:00;0.006
-5.925;107.025;14/09/2020;06:00:00;0.052
-5.925;107.025;14/09/2020;07:00:00;0.095
-5.925;107.025;14/09/2020;08:00:00;0.143
-5.925;107.025;14/09/2020;09:00:00;0.201
-5.925;107.025;14/09/2020;10:00:00;0.266
-5.925;107.025;14/09/2020;11:00:00;0.333
-5.925;107.025;14/09/2020;12:00:00;0.39
-5.925;107.025;14/09/2020;13:00:00;0.421
-5.925;107.025;14/09/2020;14:00:00;0.415
-5.925;107.025;14/09/2020;15:00:00;0.363
-5.925;107.025;14/09/2020;16:00:00;0.267
-5.925;107.025;14/09/2020;17:00:00;0.135
-5.925;107.025;14/09/2020;18:00:00;-0.017
-5.925;107.025;14/09/2020;19:00:00;-0.169
-5.925;107.025;14/09/2020;20:00:00;-0.3
-5.925;107.025;14/09/2020;21:00:00;-0.393
-5.925;107.025;14/09/2020;22:00:00;-0.438
-5.925;107.025;14/09/2020;23:00:00;-0.436
-5.925;107.025;15/09/2020;00:00:00;-0.393
-5.925;107.025;15/09/2020;01:00:00;-0.323
-5.925;107.025;15/09/2020;02:00:00;-0.242
-5.925;107.025;15/09/2020;03:00:00;-0.163
-5.925;107.025;15/09/2020;04:00:00;-0.095
-5.925;107.025;15/09/2020;05:00:00;-0.042
-5.925;107.025;15/09/2020;06:00:00;0.001
-5.925;107.025;15/09/2020;07:00:00;0.04
-5.925;107.025;15/09/2020;08:00:00;0.084
-5.925;107.025;15/09/2020;09:00:00;0.14
-5.925;107.025;15/09/2020;10:00:00;0.208
-5.925;107.025;15/09/2020;11:00:00;0.282
-5.925;107.025;15/09/2020;12:00:00;0.351
-5.925;107.025;15/09/2020;13:00:00;0.401
-5.925;107.025;15/09/2020;14:00:00;0.418
-5.925;107.025;15/09/2020;15:00:00;0.392
-5.925;107.025;15/09/2020;16:00:00;0.319
-5.925;107.025;15/09/2020;17:00:00;0.206
-5.925;107.025;15/09/2020;18:00:00;0.066
-5.925;107.025;15/09/2020;19:00:00;-0.082
-5.925;107.025;15/09/2020;20:00:00;-0.217
-5.925;107.025;15/09/2020;21:00:00;-0.32
-5.925;107.025;15/09/2020;22:00:00;-0.381
-5.925;107.025;15/09/2020;23:00:00;-0.396
-5.925;107.025;16/09/2020;00:00:00;-0.37
-5.925;107.025;16/09/2020;01:00:00;-0.314
-5.925;107.025;16/09/2020;02:00:00;-0.244
-5.925;107.025;16/09/2020;03:00:00;-0.174
-5.925;107.025;16/09/2020;04:00:00;-0.114
-5.925;107.025;16/09/2020;05:00:00;-0.069
-5.925;107.025;16/09/2020;06:00:00;-0.036
-5.925;107.025;16/09/2020;07:00:00;-0.008
-5.925;107.025;16/09/2020;08:00:00;0.024
-5.925;107.025;16/09/2020;09:00:00;0.068
-5.925;107.025;16/09/2020;10:00:00;0.126
-5.925;107.025;16/09/2020;11:00:00;0.197
-5.925;107.025;16/09/2020;12:00:00;0.27
-5.925;107.025;16/09/2020;13:00:00;0.332
-5.925;107.025;16/09/2020;14:00:00;0.369
-5.925;107.025;16/09/2020;15:00:00;0.369
-5.925;107.025;16/09/2020;16:00:00;0.325
-5.925;107.025;16/09/2020;17:00:00;0.241
-5.925;107.025;16/09/2020;18:00:00;0.126
-5.925;107.025;16/09/2020;19:00:00;-0.004
-5.925;107.025;16/09/2020;20:00:00;-0.129
-5.925;107.025;16/09/2020;21:00:00;-0.231
-5.925;107.025;16/09/2020;22:00:00;-0.297
-5.925;107.025;16/09/2020;23:00:00;-0.322
-5.925;107.025;17/09/2020;00:00:00;-0.308
-5.925;107.025;17/09/2020;01:00:00;-0.265
-5.925;107.025;17/09/2020;02:00:00;-0.206
-5.925;107.025;17/09/2020;03:00:00;-0.146
-5.925;107.025;17/09/2020;04:00:00;-0.095
-5.925;107.025;17/09/2020;05:00:00;-0.06
-5.925;107.025;17/09/2020;06:00:00;-0.04
-5.925;107.025;17/09/2020;07:00:00;-0.028
-5.925;107.025;17/09/2020;08:00:00;-0.016
-5.925;107.025;17/09/2020;09:00:00;0.006
-5.925;107.025;17/09/2020;10:00:00;0.043
-5.925;107.025;17/09/2020;11:00:00;0.096
-5.925;107.025;17/09/2020;12:00:00;0.158
-5.925;107.025;17/09/2020;13:00:00;0.219
-5.925;107.025;17/09/2020;14:00:00;0.266
-5.925;107.025;17/09/2020;15:00:00;0.286
-5.925;107.025;17/09/2020;16:00:00;0.272
-5.925;107.025;17/09/2020;17:00:00;0.221
-5.925;107.025;17/09/2020;18:00:00;0.141
-5.925;107.025;17/09/2020;19:00:00;0.042
-5.925;107.025;17/09/2020;20:00:00;-0.059
-5.925;107.025;17/09/2020;21:00:00;-0.145
-5.925;107.025;17/09/2020;22:00:00;-0.204
-5.925;107.025;17/09/2020;23:00:00;-0.229
-5.925;107.025;18/09/2020;00:00:00;-0.22
-5.925;107.025;18/09/2020;01:00:00;-0.184
-5.925;107.025;18/09/2020;02:00:00;-0.133
-5.925;107.025;18/09/2020;03:00:00;-0.08
-5.925;107.025;18/09/2020;04:00:00;-0.037
-5.925;107.025;18/09/2020;05:00:00;-0.01
-5.925;107.025;18/09/2020;06:00:00;0
-5.925;107.025;18/09/2020;07:00:00;-0.005
-5.925;107.025;18/09/2020;08:00:00;-0.014
-5.925;107.025;18/09/2020;09:00:00;-0.019
-5.925;107.025;18/09/2020;10:00:00;-0.013
-5.925;107.025;18/09/2020;11:00:00;0.009
-5.925;107.025;18/09/2020;12:00:00;0.045
-5.925;107.025;18/09/2020;13:00:00;0.088
-5.925;107.025;18/09/2020;14:00:00;0.128
-5.925;107.025;18/09/2020;15:00:00;0.155
-5.925;107.025;18/09/2020;16:00:00;0.16
-5.925;107.025;18/09/2020;17:00:00;0.139
-5.925;107.025;18/09/2020;18:00:00;0.094
-5.925;107.025;18/09/2020;19:00:00;0.034
-5.925;107.025;18/09/2020;20:00:00;-0.032
-5.925;107.025;18/09/2020;21:00:00;-0.089
-5.925;107.025;18/09/2020;22:00:00;-0.128
-5.925;107.025;18/09/2020;23:00:00;-0.141
-5.925;107.025;19/09/2020;00:00:00;-0.127
-5.925;107.025;19/09/2020;01:00:00;-0.091
-5.925;107.025;19/09/2020;02:00:00;-0.043
-5.925;107.025;19/09/2020;03:00:00;0.008
-5.925;107.025;19/09/2020;04:00:00;0.049
-5.925;107.025;19/09/2020;05:00:00;0.073
-5.925;107.025;19/09/2020;06:00:00;0.077
-5.925;107.025;19/09/2020;07:00:00;0.063
-5.925;107.025;19/09/2020;08:00:00;0.037
-5.925;107.025;19/09/2020;09:00:00;0.007
-5.925;107.025;19/09/2020;10:00:00;-0.018
-5.925;107.025;19/09/2020;11:00:00;-0.033
-5.925;107.025;19/09/2020;12:00:00;-0.035
-5.925;107.025;19/09/2020;13:00:00;-0.026
-5.925;107.025;19/09/2020;14:00:00;-0.011
-5.925;107.025;19/09/2020;15:00:00;0.004
-5.925;107.025;19/09/2020;16:00:00;0.011
-5.925;107.025;19/09/2020;17:00:00;0.006
-5.925;107.025;19/09/2020;18:00:00;-0.009
-5.925;107.025;19/09/2020;19:00:00;-0.034
-5.925;107.025;19/09/2020;20:00:00;-0.061
-5.925;107.025;19/09/2020;21:00:00;-0.082
-5.925;107.025;19/09/2020;22:00:00;-0.09
-5.925;107.025;19/09/2020;23:00:00;-0.081
-5.925;107.025;20/09/2020;00:00:00;-0.054
-5.925;107.025;20/09/2020;01:00:00;-0.011
-5.925;107.025;20/09/2020;02:00:00;0.041
-5.925;107.025;20/09/2020;03:00:00;0.094
-5.925;107.025;20/09/2020;04:00:00;0.137
-5.925;107.025;20/09/2020;05:00:00;0.165
-5.925;107.025;20/09/2020;06:00:00;0.172
-5.925;107.025;20/09/2020;07:00:00;0.158
-5.925;107.025;20/09/2020;08:00:00;0.127
-5.925;107.025;20/09/2020;09:00:00;0.084
-5.925;107.025;20/09/2020;10:00:00;0.036
-5.925;107.025;20/09/2020;11:00:00;-0.011
-5.925;107.025;20/09/2020;12:00:00;-0.053
-5.925;107.025;20/09/2020;13:00:00;-0.085
-5.925;107.025;20/09/2020;14:00:00;-0.109
-5.925;107.025;20/09/2020;15:00:00;-0.126
-5.925;107.025;20/09/2020;16:00:00;-0.137
-5.925;107.025;20/09/2020;17:00:00;-0.144
-5.925;107.025;20/09/2020;18:00:00;-0.148
-5.925;107.025;20/09/2020;19:00:00;-0.148
-5.925;107.025;20/09/2020;20:00:00;-0.142
-5.925;107.025;20/09/2020;21:00:00;-0.128
-5.925;107.025;20/09/2020;22:00:00;-0.103
-5.925;107.025;20/09/2020;23:00:00;-0.066
-5.925;107.025;21/09/2020;00:00:00;-0.018
-5.925;107.025;21/09/2020;01:00:00;0.038
-5.925;107.025;21/09/2020;02:00:00;0.098
-5.925;107.025;21/09/2020;03:00:00;0.155
-5.925;107.025;21/09/2020;04:00:00;0.204
-5.925;107.025;21/09/2020;05:00:00;0.238
-5.925;107.025;21/09/2020;06:00:00;0.255
-5.925;107.025;21/09/2020;07:00:00;0.252
-5.925;107.025;21/09/2020;08:00:00;0.23
-5.925;107.025;21/09/2020;09:00:00;0.189
-5.925;107.025;21/09/2020;10:00:00;0.134
-5.925;107.025;21/09/2020;11:00:00;0.069
-5.925;107.025;21/09/2020;12:00:00;-0.002
-5.925;107.025;21/09/2020;13:00:00;-0.072
-5.925;107.025;21/09/2020;14:00:00;-0.139
-5.925;107.025;21/09/2020;15:00:00;-0.196
-5.925;107.025;21/09/2020;16:00:00;-0.242
-5.925;107.025;21/09/2020;17:00:00;-0.272
-5.925;107.025;21/09/2020;18:00:00;-0.284
-5.925;107.025;21/09/2020;19:00:00;-0.279
-5.925;107.025;21/09/2020;20:00:00;-0.255
-5.925;107.025;21/09/2020;21:00:00;-0.215
-5.925;107.025;21/09/2020;22:00:00;-0.161
-5.925;107.025;21/09/2020;23:00:00;-0.096
-5.925;107.025;22/09/2020;00:00:00;-0.026
-5.925;107.025;22/09/2020;01:00:00;0.045
-5.925;107.025;22/09/2020;02:00:00;0.114
-5.925;107.025;22/09/2020;03:00:00;0.177
-5.925;107.025;22/09/2020;04:00:00;0.231
-5.925;107.025;22/09/2020;05:00:00;0.274
-5.925;107.025;22/09/2020;06:00:00;0.303
-5.925;107.025;22/09/2020;07:00:00;0.316
-5.925;107.025;22/09/2020;08:00:00;0.311
-5.925;107.025;22/09/2020;09:00:00;0.288
-5.925;107.025;22/09/2020;10:00:00;0.244
-5.925;107.025;22/09/2020;11:00:00;0.181
-5.925;107.025;22/09/2020;12:00:00;0.101
-5.925;107.025;22/09/2020;13:00:00;0.007
-5.925;107.025;22/09/2020;14:00:00;-0.092
-5.925;107.025;22/09/2020;15:00:00;-0.19
-5.925;107.025;22/09/2020;16:00:00;-0.276
-5.925;107.025;22/09/2020;17:00:00;-0.343
-5.925;107.025;22/09/2020;18:00:00;-0.382
-5.925;107.025;22/09/2020;19:00:00;-0.39
-5.925;107.025;22/09/2020;20:00:00;-0.367
-5.925;107.025;22/09/2020;21:00:00;-0.317
-5.925;107.025;22/09/2020;22:00:00;-0.245
-5.925;107.025;22/09/2020;23:00:00;-0.16
-5.925;107.025;23/09/2020;00:00:00;-0.071
-5.925;107.025;23/09/2020;01:00:00;0.015
-5.925;107.025;23/09/2020;02:00:00;0.093
-5.925;107.025;23/09/2020;03:00:00;0.161
-5.925;107.025;23/09/2020;04:00:00;0.218
-5.925;107.025;23/09/2020;05:00:00;0.264
-5.925;107.025;23/09/2020;06:00:00;0.302
-5.925;107.025;23/09/2020;07:00:00;0.331
-5.925;107.025;23/09/2020;08:00:00;0.348
-5.925;107.025;23/09/2020;09:00:00;0.35
-5.925;107.025;23/09/2020;10:00:00;0.332
-5.925;107.025;23/09/2020;11:00:00;0.29
-5.925;107.025;23/09/2020;12:00:00;0.221
-5.925;107.025;23/09/2020;13:00:00;0.126
-5.925;107.025;23/09/2020;14:00:00;0.011
-5.925;107.025;23/09/2020;15:00:00;-0.114
-5.925;107.025;23/09/2020;16:00:00;-0.236
-5.925;107.025;23/09/2020;17:00:00;-0.341
-5.925;107.025;23/09/2020;18:00:00;-0.416
-5.925;107.025;23/09/2020;19:00:00;-0.453
-5.925;107.025;23/09/2020;20:00:00;-0.448
-5.925;107.025;23/09/2020;21:00:00;-0.404
-5.925;107.025;23/09/2020;22:00:00;-0.33
-5.925;107.025;23/09/2020;23:00:00;-0.235
-5.925;107.025;24/09/2020;00:00:00;-0.134
-5.925;107.025;24/09/2020;01:00:00;-0.038
-5.925;107.025;24/09/2020;02:00:00;0.047
-5.925;107.025;24/09/2020;03:00:00;0.117
-5.925;107.025;24/09/2020;04:00:00;0.173
-5.925;107.025;24/09/2020;05:00:00;0.219
-5.925;107.025;24/09/2020;06:00:00;0.259
-5.925;107.025;24/09/2020;07:00:00;0.297
-5.925;107.025;24/09/2020;08:00:00;0.332
-5.925;107.025;24/09/2020;09:00:00;0.36
-5.925;107.025;24/09/2020;10:00:00;0.373
-5.925;107.025;24/09/2020;11:00:00;0.362
-5.925;107.025;24/09/2020;12:00:00;0.321
-5.925;107.025;24/09/2020;13:00:00;0.245
-5.925;107.025;24/09/2020;14:00:00;0.136
-5.925;107.025;24/09/2020;15:00:00;0.004
-5.925;107.025;24/09/2020;16:00:00;-0.139
-5.925;107.025;24/09/2020;17:00:00;-0.274
-5.925;107.025;24/09/2020;18:00:00;-0.384
-5.925;107.025;24/09/2020;19:00:00;-0.456
-5.925;107.025;24/09/2020;20:00:00;-0.48
-5.925;107.025;24/09/2020;21:00:00;-0.456
-5.925;107.025;24/09/2020;22:00:00;-0.392
-5.925;107.025;24/09/2020;23:00:00;-0.301
-5.925;107.025;25/09/2020;00:00:00;-0.197
-5.925;107.025;25/09/2020;01:00:00;-0.096
-5.925;107.025;25/09/2020;02:00:00;-0.007
-5.925;107.025;25/09/2020;03:00:00;0.062
-5.925;107.025;25/09/2020;04:00:00;0.115
-5.925;107.025;25/09/2020;05:00:00;0.156
-5.925;107.025;25/09/2020;06:00:00;0.192
-5.925;107.025;25/09/2020;07:00:00;0.23
-5.925;107.025;25/09/2020;08:00:00;0.274
-5.925;107.025;25/09/2020;09:00:00;0.319
-5.925;107.025;25/09/2020;10:00:00;0.359
-5.925;107.025;25/09/2020;11:00:00;0.382
-5.925;107.025;25/09/2020;12:00:00;0.376
-5.925;107.025;25/09/2020;13:00:00;0.332
-5.925;107.025;25/09/2020;14:00:00;0.248
-5.925;107.025;25/09/2020;15:00:00;0.127
-5.925;107.025;25/09/2020;16:00:00;-0.018
-5.925;107.025;25/09/2020;17:00:00;-0.168
-5.925;107.025;25/09/2020;18:00:00;-0.303
-5.925;107.025;25/09/2020;19:00:00;-0.405
-5.925;107.025;25/09/2020;20:00:00;-0.46
-5.925;107.025;25/09/2020;21:00:00;-0.464
-5.925;107.025;25/09/2020;22:00:00;-0.42
-5.925;107.025;25/09/2020;23:00:00;-0.341
-5.925;107.025;26/09/2020;00:00:00;-0.243
-5.925;107.025;26/09/2020;01:00:00;-0.143
-5.925;107.025;26/09/2020;02:00:00;-0.055
-5.925;107.025;26/09/2020;03:00:00;0.013
-5.925;107.025;26/09/2020;04:00:00;0.061
-5.925;107.025;26/09/2020;05:00:00;0.094
-5.925;107.025;26/09/2020;06:00:00;0.121
-5.925;107.025;26/09/2020;07:00:00;0.152
-5.925;107.025;26/09/2020;08:00:00;0.194
-5.925;107.025;26/09/2020;09:00:00;0.246
-5.925;107.025;26/09/2020;10:00:00;0.302
-5.925;107.025;26/09/2020;11:00:00;0.351
-5.925;107.025;26/09/2020;12:00:00;0.378
-5.925;107.025;26/09/2020;13:00:00;0.37
-5.925;107.025;26/09/2020;14:00:00;0.319
-5.925;107.025;26/09/2020;15:00:00;0.224
-5.925;107.025;26/09/2020;16:00:00;0.095
-5.925;107.025;26/09/2020;17:00:00;-0.053
-5.925;107.025;26/09/2020;18:00:00;-0.198
-5.925;107.025;26/09/2020;19:00:00;-0.32
-5.925;107.025;26/09/2020;20:00:00;-0.401
-5.925;107.025;26/09/2020;21:00:00;-0.431
-5.925;107.025;26/09/2020;22:00:00;-0.412
-5.925;107.025;26/09/2020;23:00:00;-0.351
-5.925;107.025;27/09/2020;00:00:00;-0.265
-5.925;107.025;27/09/2020;01:00:00;-0.172
-5.925;107.025;27/09/2020;02:00:00;-0.087
-5.925;107.025;27/09/2020;03:00:00;-0.022
-5.925;107.025;27/09/2020;04:00:00;0.021
-5.925;107.025;27/09/2020;05:00:00;0.046
-5.925;107.025;27/09/2020;06:00:00;0.062
-5.925;107.025;27/09/2020;07:00:00;0.082
-5.925;107.025;27/09/2020;08:00:00;0.114
-5.925;107.025;27/09/2020;09:00:00;0.162
-5.925;107.025;27/09/2020;10:00:00;0.222
-5.925;107.025;27/09/2020;11:00:00;0.285
-5.925;107.025;27/09/2020;12:00:00;0.336
-5.925;107.025;27/09/2020;13:00:00;0.359
-5.925;107.025;27/09/2020;14:00:00;0.342
-5.925;107.025;27/09/2020;15:00:00;0.28
-5.925;107.025;27/09/2020;16:00:00;0.176
-5.925;107.025;27/09/2020;17:00:00;0.044
-5.925;107.025;27/09/2020;18:00:00;-0.096
-5.925;107.025;27/09/2020;19:00:00;-0.224
-5.925;107.025;27/09/2020;20:00:00;-0.32
-5.925;107.025;27/09/2020;21:00:00;-0.371
-5.925;107.025;27/09/2020;22:00:00;-0.374
-5.925;107.025;27/09/2020;23:00:00;-0.333
-5.925;107.025;28/09/2020;00:00:00;-0.262
-5.925;107.025;28/09/2020;01:00:00;-0.178
-5.925;107.025;28/09/2020;02:00:00;-0.1
-5.925;107.025;28/09/2020;03:00:00;-0.038
-5.925;107.025;28/09/2020;04:00:00;0
-5.925;107.025;28/09/2020;05:00:00;0.018
-5.925;107.025;28/09/2020;06:00:00;0.024
-5.925;107.025;28/09/2020;07:00:00;0.03
-5.925;107.025;28/09/2020;08:00:00;0.048
-5.925;107.025;28/09/2020;09:00:00;0.084
-5.925;107.025;28/09/2020;10:00:00;0.138
-5.925;107.025;28/09/2020;11:00:00;0.203
-5.925;107.025;28/09/2020;12:00:00;0.266
-5.925;107.025;28/09/2020;13:00:00;0.309
-5.925;107.025;28/09/2020;14:00:00;0.32
-5.925;107.025;28/09/2020;15:00:00;0.289
-5.925;107.025;28/09/2020;16:00:00;0.216
-5.925;107.025;28/09/2020;17:00:00;0.11
-5.925;107.025;28/09/2020;18:00:00;-0.014
-5.925;107.025;28/09/2020;19:00:00;-0.136
-5.925;107.025;28/09/2020;20:00:00;-0.235
-5.925;107.025;28/09/2020;21:00:00;-0.298
-5.925;107.025;28/09/2020;22:00:00;-0.316
-5.925;107.025;28/09/2020;23:00:00;-0.292
-5.925;107.025;29/09/2020;00:00:00;-0.236
-5.925;107.025;29/09/2020;01:00:00;-0.164
-5.925;107.025;29/09/2020;02:00:00;-0.093
-5.925;107.025;29/09/2020;03:00:00;-0.036
-5.925;107.025;29/09/2020;04:00:00;-0.002
-5.925;107.025;29/09/2020;05:00:00;0.01
-5.925;107.025;29/09/2020;06:00:00;0.008
-5.925;107.025;29/09/2020;07:00:00;0.001
-5.925;107.025;29/09/2020;08:00:00;0.003
-5.925;107.025;29/09/2020;09:00:00;0.022
-5.925;107.025;29/09/2020;10:00:00;0.063
-5.925;107.025;29/09/2020;11:00:00;0.119
-5.925;107.025;29/09/2020;12:00:00;0.182
-5.925;107.025;29/09/2020;13:00:00;0.235
-5.925;107.025;29/09/2020;14:00:00;0.265
-5.925;107.025;29/09/2020;15:00:00;0.259
-5.925;107.025;29/09/2020;16:00:00;0.216
-5.925;107.025;29/09/2020;17:00:00;0.138
-5.925;107.025;29/09/2020;18:00:00;0.037
-5.925;107.025;29/09/2020;19:00:00;-0.068
-5.925;107.025;29/09/2020;20:00:00;-0.16
-5.925;107.025;29/09/2020;21:00:00;-0.223
-5.925;107.025;29/09/2020;22:00:00;-0.248
-5.925;107.025;29/09/2020;23:00:00;-0.236
-5.925;107.025;30/09/2020;00:00:00;-0.192
-5.925;107.025;30/09/2020;01:00:00;-0.131
-5.925;107.025;30/09/2020;02:00:00;-0.068
-5.925;107.025;30/09/2020;03:00:00;-0.017
-5.925;107.025;30/09/2020;04:00:00;0.014
-5.925;107.025;30/09/2020;05:00:00;0.021
-5.925;107.025;30/09/2020;06:00:00;0.011
-5.925;107.025;30/09/2020;07:00:00;-0.007
-5.925;107.025;30/09/2020;08:00:00;-0.02
-5.925;107.025;30/09/2020;09:00:00;-0.019
-5.925;107.025;30/09/2020;10:00:00;0.003
-5.925;107.025;30/09/2020;11:00:00;0.043
-5.925;107.025;30/09/2020;12:00:00;0.096
-5.925;107.025;30/09/2020;13:00:00;0.148
-5.925;107.025;30/09/2020;14:00:00;0.186
-5.925;107.025;30/09/2020;15:00:00;0.199
-5.925;107.025;30/09/2020;16:00:00;0.18
-5.925;107.025;30/09/2020;17:00:00;0.129
-5.925;107.025;30/09/2020;18:00:00;0.057
-5.925;107.025;30/09/2020;19:00:00;-0.026
-5.925;107.025;30/09/2020;20:00:00;-0.101
-5.925;107.025;30/09/2020;21:00:00;-0.156
-5.925;107.025;30/09/2020;22:00:00;-0.18
-5.925;107.025;30/09/2020;23:00:00;-0.172
-5.925;107.025;01/10/2020;00:00:00;-0.137
-5.925;107.025;01/10/2020;01:00:00;-0.084
-5.925;107.025;01/10/2020;02:00:00;-0.028
-5.925;107.025;01/10/2020;03:00:00;0.018
-5.925;107.025;01/10/2020;04:00:00;0.044
-5.925;107.025;01/10/2020;05:00:00;0.048
-5.925;107.025;01/10/2020;06:00:00;0.032
-5.925;107.025;01/10/2020;07:00:00;0.005
-5.925;107.025;01/10/2020;08:00:00;-0.022
-5.925;107.025;01/10/2020;09:00:00;-0.039
-5.925;107.025;01/10/2020;10:00:00;-0.039
-5.925;107.025;01/10/2020;11:00:00;-0.018
-5.925;107.025;01/10/2020;12:00:00;0.017
-5.925;107.025;01/10/2020;13:00:00;0.059
-5.925;107.025;01/10/2020;14:00:00;0.096
-5.925;107.025;01/10/2020;15:00:00;0.117
-5.925;107.025;01/10/2020;16:00:00;0.115
-5.925;107.025;01/10/2020;17:00:00;0.089
-5.925;107.025;01/10/2020;18:00:00;0.043
-5.925;107.025;01/10/2020;19:00:00;-0.012
-5.925;107.025;01/10/2020;20:00:00;-0.065
-5.925;107.025;01/10/2020;21:00:00;-0.104
-5.925;107.025;01/10/2020;22:00:00;-0.12
-5.925;107.025;01/10/2020;23:00:00;-0.11
-5.925;107.025;02/10/2020;00:00:00;-0.077
-5.925;107.025;02/10/2020;01:00:00;-0.029
-5.925;107.025;02/10/2020;02:00:00;0.021
-5.925;107.025;02/10/2020;03:00:00;0.063
-5.925;107.025;02/10/2020;04:00:00;0.087
-5.925;107.025;02/10/2020;05:00:00;0.088
-5.925;107.025;02/10/2020;06:00:00;0.069
-5.925;107.025;02/10/2020;07:00:00;0.035
-5.925;107.025;02/10/2020;08:00:00;-0.003
-5.925;107.025;02/10/2020;09:00:00;-0.037
-5.925;107.025;02/10/2020;10:00:00;-0.057
-5.925;107.025;02/10/2020;11:00:00;-0.06
-5.925;107.025;02/10/2020;12:00:00;-0.047
-5.925;107.025;02/10/2020;13:00:00;-0.023
-5.925;107.025;02/10/2020;14:00:00;0.003
-5.925;107.025;02/10/2020;15:00:00;0.023
-5.925;107.025;02/10/2020;16:00:00;0.031
-5.925;107.025;02/10/2020;17:00:00;0.023
-5.925;107.025;02/10/2020;18:00:00;0.001
-5.925;107.025;02/10/2020;19:00:00;-0.028
-5.925;107.025;02/10/2020;20:00:00;-0.056
-5.925;107.025;02/10/2020;21:00:00;-0.073
-5.925;107.025;02/10/2020;22:00:00;-0.074
-5.925;107.025;02/10/2020;23:00:00;-0.056
-5.925;107.025;03/10/2020;00:00:00;-0.02
-5.925;107.025;03/10/2020;01:00:00;0.026
-5.925;107.025;03/10/2020;02:00:00;0.073
-5.925;107.025;03/10/2020;03:00:00;0.112
-5.925;107.025;03/10/2020;04:00:00;0.135
-5.925;107.025;03/10/2020;05:00:00;0.136
-5.925;107.025;03/10/2020;06:00:00;0.117
-5.925;107.025;03/10/2020;07:00:00;0.08
-5.925;107.025;03/10/2020;08:00:00;0.035
-5.925;107.025;03/10/2020;09:00:00;-0.011
-5.925;107.025;03/10/2020;10:00:00;-0.049
-5.925;107.025;03/10/2020;11:00:00;-0.074
-5.925;107.025;03/10/2020;12:00:00;-0.086
-5.925;107.025;03/10/2020;13:00:00;-0.086
-5.925;107.025;03/10/2020;14:00:00;-0.078
-5.925;107.025;03/10/2020;15:00:00;-0.069
-5.925;107.025;03/10/2020;16:00:00;-0.062
-5.925;107.025;03/10/2020;17:00:00;-0.062
-5.925;107.025;03/10/2020;18:00:00;-0.066
-5.925;107.025;03/10/2020;19:00:00;-0.072
-5.925;107.025;03/10/2020;20:00:00;-0.074
-5.925;107.025;03/10/2020;21:00:00;-0.068
-5.925;107.025;03/10/2020;22:00:00;-0.05
-5.925;107.025;03/10/2020;23:00:00;-0.018
-5.925;107.025;04/10/2020;00:00:00;0.024
-5.925;107.025;04/10/2020;01:00:00;0.073
-5.925;107.025;04/10/2020;02:00:00;0.12
-5.925;107.025;04/10/2020;03:00:00;0.158
-5.925;107.025;04/10/2020;04:00:00;0.181
-5.925;107.025;04/10/2020;05:00:00;0.184
-5.925;107.025;04/10/2020;06:00:00;0.167
-5.925;107.025;04/10/2020;07:00:00;0.133
-5.925;107.025;04/10/2020;08:00:00;0.087
-5.925;107.025;04/10/2020;09:00:00;0.035
-5.925;107.025;04/10/2020;10:00:00;-0.015
-5.925;107.025;04/10/2020;11:00:00;-0.059
-5.925;107.025;04/10/2020;12:00:00;-0.094
-5.925;107.025;04/10/2020;13:00:00;-0.119
-5.925;107.025;04/10/2020;14:00:00;-0.135
-5.925;107.025;04/10/2020;15:00:00;-0.145
-5.925;107.025;04/10/2020;16:00:00;-0.15
-5.925;107.025;04/10/2020;17:00:00;-0.15
-5.925;107.025;04/10/2020;18:00:00;-0.146
-5.925;107.025;04/10/2020;19:00:00;-0.136
-5.925;107.025;04/10/2020;20:00:00;-0.118
-5.925;107.025;04/10/2020;21:00:00;-0.089
-5.925;107.025;04/10/2020;22:00:00;-0.05
-5.925;107.025;04/10/2020;23:00:00;-0.003
-5.925;107.025;05/10/2020;00:00:00;0.051
-5.925;107.025;05/10/2020;01:00:00;0.105
-5.925;107.025;05/10/2020;02:00:00;0.154
-5.925;107.025;05/10/2020;03:00:00;0.193
-5.925;107.025;05/10/2020;04:00:00;0.217
-5.925;107.025;05/10/2020;05:00:00;0.223
-5.925;107.025;05/10/2020;06:00:00;0.211
-5.925;107.025;05/10/2020;07:00:00;0.183
-5.925;107.025;05/10/2020;08:00:00;0.143
-5.925;107.025;05/10/2020;09:00:00;0.093
-5.925;107.025;05/10/2020;10:00:00;0.039
-5.925;107.025;05/10/2020;11:00:00;-0.016
-5.925;107.025;05/10/2020;12:00:00;-0.069
-5.925;107.025;05/10/2020;13:00:00;-0.117
-5.925;107.025;05/10/2020;14:00:00;-0.159
-5.925;107.025;05/10/2020;15:00:00;-0.193
-5.925;107.025;05/10/2020;16:00:00;-0.217
-5.925;107.025;05/10/2020;17:00:00;-0.229
-5.925;107.025;05/10/2020;18:00:00;-0.228
-5.925;107.025;05/10/2020;19:00:00;-0.211
-5.925;107.025;05/10/2020;20:00:00;-0.179
-5.925;107.025;05/10/2020;21:00:00;-0.133
-5.925;107.025;05/10/2020;22:00:00;-0.075
-5.925;107.025;05/10/2020;23:00:00;-0.01
-5.925;107.025;06/10/2020;00:00:00;0.056
-5.925;107.025;06/10/2020;01:00:00;0.119
-5.925;107.025;06/10/2020;02:00:00;0.172
-5.925;107.025;06/10/2020;03:00:00;0.213
-5.925;107.025;06/10/2020;04:00:00;0.238
-5.925;107.025;06/10/2020;05:00:00;0.248
-5.925;107.025;06/10/2020;06:00:00;0.242
-5.925;107.025;06/10/2020;07:00:00;0.223
-5.925;107.025;06/10/2020;08:00:00;0.192
-5.925;107.025;06/10/2020;09:00:00;0.151
-5.925;107.025;06/10/2020;10:00:00;0.102
-5.925;107.025;06/10/2020;11:00:00;0.045
-5.925;107.025;06/10/2020;12:00:00;-0.017
-5.925;107.025;06/10/2020;13:00:00;-0.082
-5.925;107.025;06/10/2020;14:00:00;-0.147
-5.925;107.025;06/10/2020;15:00:00;-0.206
-5.925;107.025;06/10/2020;16:00:00;-0.255
-5.925;107.025;06/10/2020;17:00:00;-0.287
-5.925;107.025;06/10/2020;18:00:00;-0.298
-5.925;107.025;06/10/2020;19:00:00;-0.285
-5.925;107.025;06/10/2020;20:00:00;-0.249
-5.925;107.025;06/10/2020;21:00:00;-0.192
-5.925;107.025;06/10/2020;22:00:00;-0.119
-5.925;107.025;06/10/2020;23:00:00;-0.039
-5.925;107.025;07/10/2020;00:00:00;0.041
-5.925;107.025;07/10/2020;01:00:00;0.113
-5.925;107.025;07/10/2020;02:00:00;0.173
-5.925;107.025;07/10/2020;03:00:00;0.217
-5.925;107.025;07/10/2020;04:00:00;0.245
-5.925;107.025;07/10/2020;05:00:00;0.258
-5.925;107.025;07/10/2020;06:00:00;0.259
-5.925;107.025;07/10/2020;07:00:00;0.249
-5.925;107.025;07/10/2020;08:00:00;0.23
-5.925;107.025;07/10/2020;09:00:00;0.202
-5.925;107.025;07/10/2020;10:00:00;0.163
-5.925;107.025;07/10/2020;11:00:00;0.113
-5.925;107.025;07/10/2020;12:00:00;0.05
-5.925;107.025;07/10/2020;13:00:00;-0.024
-5.925;107.025;07/10/2020;14:00:00;-0.105
-5.925;107.025;07/10/2020;15:00:00;-0.186
-5.925;107.025;07/10/2020;16:00:00;-0.259
-5.925;107.025;07/10/2020;17:00:00;-0.316
-5.925;107.025;07/10/2020;18:00:00;-0.347
-5.925;107.025;07/10/2020;19:00:00;-0.347
-5.925;107.025;07/10/2020;20:00:00;-0.317
-5.925;107.025;07/10/2020;21:00:00;-0.257
-5.925;107.025;07/10/2020;22:00:00;-0.177
-5.925;107.025;07/10/2020;23:00:00;-0.085
-5.925;107.025;08/10/2020;00:00:00;0.007
-5.925;107.025;08/10/2020;01:00:00;0.091
-5.925;107.025;08/10/2020;02:00:00;0.159
-5.925;107.025;08/10/2020;03:00:00;0.208
-5.925;107.025;08/10/2020;04:00:00;0.24
-5.925;107.025;08/10/2020;05:00:00;0.256
-5.925;107.025;08/10/2020;06:00:00;0.262
-5.925;107.025;08/10/2020;07:00:00;0.261
-5.925;107.025;08/10/2020;08:00:00;0.253
-5.925;107.025;08/10/2020;09:00:00;0.239
-5.925;107.025;08/10/2020;10:00:00;0.215
-5.925;107.025;08/10/2020;11:00:00;0.177
-5.925;107.025;08/10/2020;12:00:00;0.121
-5.925;107.025;08/10/2020;13:00:00;0.047
-5.925;107.025;08/10/2020;14:00:00;-0.042
-5.925;107.025;08/10/2020;15:00:00;-0.14
-5.925;107.025;08/10/2020;16:00:00;-0.235
-5.925;107.025;08/10/2020;17:00:00;-0.316
-5.925;107.025;08/10/2020;18:00:00;-0.371
-5.925;107.025;08/10/2020;19:00:00;-0.391
-5.925;107.025;08/10/2020;20:00:00;-0.374
-5.925;107.025;08/10/2020;21:00:00;-0.321
-5.925;107.025;08/10/2020;22:00:00;-0.24
-5.925;107.025;08/10/2020;23:00:00;-0.142
-5.925;107.025;09/10/2020;00:00:00;-0.041
-5.925;107.025;09/10/2020;01:00:00;0.053
-5.925;107.025;09/10/2020;02:00:00;0.13
-5.925;107.025;09/10/2020;03:00:00;0.187
-5.925;107.025;09/10/2020;04:00:00;0.224
-5.925;107.025;09/10/2020;05:00:00;0.245
-5.925;107.025;09/10/2020;06:00:00;0.256
-5.925;107.025;09/10/2020;07:00:00;0.262
-5.925;107.025;09/10/2020;08:00:00;0.265
-5.925;107.025;09/10/2020;09:00:00;0.264
-5.925;107.025;09/10/2020;10:00:00;0.255
-5.925;107.025;09/10/2020;11:00:00;0.232
-5.925;107.025;09/10/2020;12:00:00;0.188
-5.925;107.025;09/10/2020;13:00:00;0.12
-5.925;107.025;09/10/2020;14:00:00;0.03
-5.925;107.025;09/10/2020;15:00:00;-0.077
-5.925;107.025;09/10/2020;16:00:00;-0.188
-5.925;107.025;09/10/2020;17:00:00;-0.291
-5.925;107.025;09/10/2020;18:00:00;-0.37
-5.925;107.025;09/10/2020;19:00:00;-0.413
-5.925;107.025;09/10/2020;20:00:00;-0.415
-5.925;107.025;09/10/2020;21:00:00;-0.375
-5.925;107.025;09/10/2020;22:00:00;-0.301
-5.925;107.025;09/10/2020;23:00:00;-0.203
-5.925;107.025;10/10/2020;00:00:00;-0.097
-5.925;107.025;10/10/2020;01:00:00;0.004
-5.925;107.025;10/10/2020;02:00:00;0.089
-5.925;107.025;10/10/2020;03:00:00;0.154
-5.925;107.025;10/10/2020;04:00:00;0.197
-5.925;107.025;10/10/2020;05:00:00;0.223
-5.925;107.025;10/10/2020;06:00:00;0.239
-5.925;107.025;10/10/2020;07:00:00;0.252
-5.925;107.025;10/10/2020;08:00:00;0.264
-5.925;107.025;10/10/2020;09:00:00;0.275
-5.925;107.025;10/10/2020;10:00:00;0.281
-5.925;107.025;10/10/2020;11:00:00;0.274
-5.925;107.025;10/10/2020;12:00:00;0.245
-5.925;107.025;10/10/2020;13:00:00;0.189
-5.925;107.025;10/10/2020;14:00:00;0.104
-5.925;107.025;10/10/2020;15:00:00;-0.004
-5.925;107.025;10/10/2020;16:00:00;-0.125
-5.925;107.025;10/10/2020;17:00:00;-0.244
-5.925;107.025;10/10/2020;18:00:00;-0.344
-5.925;107.025;10/10/2020;19:00:00;-0.411
-5.925;107.025;10/10/2020;20:00:00;-0.434
-5.925;107.025;10/10/2020;21:00:00;-0.412
-5.925;107.025;10/10/2020;22:00:00;-0.35
-5.925;107.025;10/10/2020;23:00:00;-0.258
-5.925;107.025;11/10/2020;00:00:00;-0.153
-5.925;107.025;11/10/2020;01:00:00;-0.049
-5.925;107.025;11/10/2020;02:00:00;0.041
-5.925;107.025;11/10/2020;03:00:00;0.111
-5.925;107.025;11/10/2020;04:00:00;0.159
-5.925;107.025;11/10/2020;05:00:00;0.189
-5.925;107.025;11/10/2020;06:00:00;0.21
-5.925;107.025;11/10/2020;07:00:00;0.227
-5.925;107.025;11/10/2020;08:00:00;0.247
-5.925;107.025;11/10/2020;09:00:00;0.269
-5.925;107.025;11/10/2020;10:00:00;0.289
-5.925;107.025;11/10/2020;11:00:00;0.299
-5.925;107.025;11/10/2020;12:00:00;0.287
-5.925;107.025;11/10/2020;13:00:00;0.247
-5.925;107.025;11/10/2020;14:00:00;0.174
-5.925;107.025;11/10/2020;15:00:00;0.071
-5.925;107.025;11/10/2020;16:00:00;-0.052
-5.925;107.025;11/10/2020;17:00:00;-0.18
-5.925;107.025;11/10/2020;18:00:00;-0.295
-5.925;107.025;11/10/2020;19:00:00;-0.381
-5.925;107.025;11/10/2020;20:00:00;-0.425
-5.925;107.025;11/10/2020;21:00:00;-0.423
-5.925;107.025;11/10/2020;22:00:00;-0.376
-5.925;107.025;11/10/2020;23:00:00;-0.296
-5.925;107.025;12/10/2020;00:00:00;-0.198
-5.925;107.025;12/10/2020;01:00:00;-0.096
-5.925;107.025;12/10/2020;02:00:00;-0.006
-5.925;107.025;12/10/2020;03:00:00;0.065
-5.925;107.025;12/10/2020;04:00:00;0.114
-5.925;107.025;12/10/2020;05:00:00;0.145
-5.925;107.025;12/10/2020;06:00:00;0.166
-5.925;107.025;12/10/2020;07:00:00;0.185
-5.925;107.025;12/10/2020;08:00:00;0.209
-5.925;107.025;12/10/2020;09:00:00;0.238
-5.925;107.025;12/10/2020;10:00:00;0.27
-5.925;107.025;12/10/2020;11:00:00;0.295
-5.925;107.025;12/10/2020;12:00:00;0.302
-5.925;107.025;12/10/2020;13:00:00;0.282
-5.925;107.025;12/10/2020;14:00:00;0.227
-5.925;107.025;12/10/2020;15:00:00;0.138
-5.925;107.025;12/10/2020;16:00:00;0.023
-5.925;107.025;12/10/2020;17:00:00;-0.104
-5.925;107.025;12/10/2020;18:00:00;-0.226
-5.925;107.025;12/10/2020;19:00:00;-0.325
-5.925;107.025;12/10/2020;20:00:00;-0.385
-5.925;107.025;12/10/2020;21:00:00;-0.4
-5.925;107.025;12/10/2020;22:00:00;-0.371
-5.925;107.025;12/10/2020;23:00:00;-0.305
-5.925;107.025;13/10/2020;00:00:00;-0.216
-5.925;107.025;13/10/2020;01:00:00;-0.122
-5.925;107.025;13/10/2020;02:00:00;-0.037
-5.925;107.025;13/10/2020;03:00:00;0.03
-5.925;107.025;13/10/2020;04:00:00;0.074
-5.925;107.025;13/10/2020;05:00:00;0.1
-5.925;107.025;13/10/2020;06:00:00;0.114
-5.925;107.025;13/10/2020;07:00:00;0.128
-5.925;107.025;13/10/2020;08:00:00;0.147
-5.925;107.025;13/10/2020;09:00:00;0.177
-5.925;107.025;13/10/2020;10:00:00;0.215
-5.925;107.025;13/10/2020;11:00:00;0.252
-5.925;107.025;13/10/2020;12:00:00;0.277
-5.925;107.025;13/10/2020;13:00:00;0.279
-5.925;107.025;13/10/2020;14:00:00;0.248
-5.925;107.025;13/10/2020;15:00:00;0.182
-5.925;107.025;13/10/2020;16:00:00;0.086
-5.925;107.025;13/10/2020;17:00:00;-0.029
-5.925;107.025;13/10/2020;18:00:00;-0.147
-5.925;107.025;13/10/2020;19:00:00;-0.248
-5.925;107.025;13/10/2020;20:00:00;-0.316
-5.925;107.025;13/10/2020;21:00:00;-0.344
-5.925;107.025;13/10/2020;22:00:00;-0.328
-5.925;107.025;13/10/2020;23:00:00;-0.275
-5.925;107.025;14/10/2020;00:00:00;-0.199
-5.925;107.025;14/10/2020;01:00:00;-0.114
-5.925;107.025;14/10/2020;02:00:00;-0.038
-5.925;107.025;14/10/2020;03:00:00;0.021
-5.925;107.025;14/10/2020;04:00:00;0.055
-5.925;107.025;14/10/2020;05:00:00;0.069
-5.925;107.025;14/10/2020;06:00:00;0.07
-5.925;107.025;14/10/2020;07:00:00;0.068
-5.925;107.025;14/10/2020;08:00:00;0.073
-5.925;107.025;14/10/2020;09:00:00;0.092
-5.925;107.025;14/10/2020;10:00:00;0.125
-5.925;107.025;14/10/2020;11:00:00;0.166
-5.925;107.025;14/10/2020;12:00:00;0.204
-5.925;107.025;14/10/2020;13:00:00;0.226
-5.925;107.025;14/10/2020;14:00:00;0.221
-5.925;107.025;14/10/2020;15:00:00;0.184
-5.925;107.025;14/10/2020;16:00:00;0.116
-5.925;107.025;14/10/2020;17:00:00;0.025
-5.925;107.025;14/10/2020;18:00:00;-0.074
-5.925;107.025;14/10/2020;19:00:00;-0.165
-5.925;107.025;14/10/2020;20:00:00;-0.231
-5.925;107.025;14/10/2020;21:00:00;-0.262
-5.925;107.025;14/10/2020;22:00:00;-0.253
-5.925;107.025;14/10/2020;23:00:00;-0.21
-5.925;107.025;15/10/2020;00:00:00;-0.142
-5.925;107.025;15/10/2020;01:00:00;-0.067
-5.925;107.025;15/10/2020;02:00:00;0.001
-5.925;107.025;15/10/2020;03:00:00;0.05
-5.925;107.025;15/10/2020;04:00:00;0.073
-5.925;107.025;15/10/2020;05:00:00;0.071
-5.925;107.025;15/10/2020;06:00:00;0.053
-5.925;107.025;15/10/2020;07:00:00;0.028
-5.925;107.025;15/10/2020;08:00:00;0.008
-5.925;107.025;15/10/2020;09:00:00;0.004
-5.925;107.025;15/10/2020;10:00:00;0.019
-5.925;107.025;15/10/2020;11:00:00;0.049
-5.925;107.025;15/10/2020;12:00:00;0.086
-5.925;107.025;15/10/2020;13:00:00;0.119
-5.925;107.025;15/10/2020;14:00:00;0.136
-5.925;107.025;15/10/2020;15:00:00;0.129
-5.925;107.025;15/10/2020;16:00:00;0.094
-5.925;107.025;15/10/2020;17:00:00;0.037
-5.925;107.025;15/10/2020;18:00:00;-0.032
-5.925;107.025;15/10/2020;19:00:00;-0.099
-5.925;107.025;15/10/2020;20:00:00;-0.149
-5.925;107.025;15/10/2020;21:00:00;-0.172
-5.925;107.025;15/10/2020;22:00:00;-0.162
-5.925;107.025;15/10/2020;23:00:00;-0.121
-5.925;107.025;16/10/2020;00:00:00;-0.058
-5.925;107.025;16/10/2020;01:00:00;0.012
-5.925;107.025;16/10/2020;02:00:00;0.076
-5.925;107.025;16/10/2020;03:00:00;0.118
-5.925;107.025;16/10/2020;04:00:00;0.133
-5.925;107.025;16/10/2020;05:00:00;0.118
-5.925;107.025;16/10/2020;06:00:00;0.08
-5.925;107.025;16/10/2020;07:00:00;0.03
-5.925;107.025;16/10/2020;08:00:00;-0.02
-5.925;107.025;16/10/2020;09:00:00;-0.057
-5.925;107.025;16/10/2020;10:00:00;-0.075
-5.925;107.025;16/10/2020;11:00:00;-0.072
-5.925;107.025;16/10/2020;12:00:00;-0.051
-5.925;107.025;16/10/2020;13:00:00;-0.023
-5.925;107.025;16/10/2020;14:00:00;0.003
-5.925;107.025;16/10/2020;15:00:00;0.017
-5.925;107.025;16/10/2020;16:00:00;0.014
-5.925;107.025;16/10/2020;17:00:00;-0.007
-5.925;107.025;16/10/2020;18:00:00;-0.039
-5.925;107.025;16/10/2020;19:00:00;-0.072
-5.925;107.025;16/10/2020;20:00:00;-0.096
-5.925;107.025;16/10/2020;21:00:00;-0.099
-5.925;107.025;16/10/2020;22:00:00;-0.078
-5.925;107.025;16/10/2020;23:00:00;-0.031
-5.925;107.025;17/10/2020;00:00:00;0.034
-5.925;107.025;17/10/2020;01:00:00;0.104
-5.925;107.025;17/10/2020;02:00:00;0.168
-5.925;107.025;17/10/2020;03:00:00;0.21
-5.925;107.025;17/10/2020;04:00:00;0.223
-5.925;107.025;17/10/2020;05:00:00;0.204
-5.925;107.025;17/10/2020;06:00:00;0.154
-5.925;107.025;17/10/2020;07:00:00;0.085
-5.925;107.025;17/10/2020;08:00:00;0.007
-5.925;107.025;17/10/2020;09:00:00;-0.065
-5.925;107.025;17/10/2020;10:00:00;-0.122
-5.925;107.025;17/10/2020;11:00:00;-0.158
-5.925;107.025;17/10/2020;12:00:00;-0.171
-5.925;107.025;17/10/2020;13:00:00;-0.165
-5.925;107.025;17/10/2020;14:00:00;-0.149
-5.925;107.025;17/10/2020;15:00:00;-0.131
-5.925;107.025;17/10/2020;16:00:00;-0.115
-5.925;107.025;17/10/2020;17:00:00;-0.107
-5.925;107.025;17/10/2020;18:00:00;-0.103
-5.925;107.025;17/10/2020;19:00:00;-0.1
-5.925;107.025;17/10/2020;20:00:00;-0.089
-5.925;107.025;17/10/2020;21:00:00;-0.066
-5.925;107.025;17/10/2020;22:00:00;-0.024
-5.925;107.025;17/10/2020;23:00:00;0.035
-5.925;107.025;18/10/2020;00:00:00;0.107
-5.925;107.025;18/10/2020;01:00:00;0.183
-5.925;107.025;18/10/2020;02:00:00;0.252
-5.925;107.025;18/10/2020;03:00:00;0.3
-5.925;107.025;18/10/2020;04:00:00;0.32
-5.925;107.025;18/10/2020;05:00:00;0.305
-5.925;107.025;18/10/2020;06:00:00;0.258
-5.925;107.025;18/10/2020;07:00:00;0.182
-5.925;107.025;18/10/2020;08:00:00;0.089
-5.925;107.025;18/10/2020;09:00:00;-0.009
-5.925;107.025;18/10/2020;10:00:00;-0.101
-5.925;107.025;18/10/2020;11:00:00;-0.178
-5.925;107.025;18/10/2020;12:00:00;-0.234
-5.925;107.025;18/10/2020;13:00:00;-0.267
-5.925;107.025;18/10/2020;14:00:00;-0.28
-5.925;107.025;18/10/2020;15:00:00;-0.277
-5.925;107.025;18/10/2020;16:00:00;-0.262
-5.925;107.025;18/10/2020;17:00:00;-0.24
-5.925;107.025;18/10/2020;18:00:00;-0.212
-5.925;107.025;18/10/2020;19:00:00;-0.177
-5.925;107.025;18/10/2020;20:00:00;-0.134
-5.925;107.025;18/10/2020;21:00:00;-0.081
-5.925;107.025;18/10/2020;22:00:00;-0.016
-5.925;107.025;18/10/2020;23:00:00;0.06
-5.925;107.025;19/10/2020;00:00:00;0.144
-5.925;107.025;19/10/2020;01:00:00;0.228
-5.925;107.025;19/10/2020;02:00:00;0.303
-5.925;107.025;19/10/2020;03:00:00;0.361
-5.925;107.025;19/10/2020;04:00:00;0.392
-5.925;107.025;19/10/2020;05:00:00;0.392
-5.925;107.025;19/10/2020;06:00:00;0.359
-5.925;107.025;19/10/2020;07:00:00;0.294
-5.925;107.025;19/10/2020;08:00:00;0.204
-5.925;107.025;19/10/2020;09:00:00;0.097
-5.925;107.025;19/10/2020;10:00:00;-0.015
-5.925;107.025;19/10/2020;11:00:00;-0.124
-5.925;107.025;19/10/2020;12:00:00;-0.22
-5.925;107.025;19/10/2020;13:00:00;-0.296
-5.925;107.025;19/10/2020;14:00:00;-0.35
-5.925;107.025;19/10/2020;15:00:00;-0.38
-5.925;107.025;19/10/2020;16:00:00;-0.386
-5.925;107.025;19/10/2020;17:00:00;-0.371
-5.925;107.025;19/10/2020;18:00:00;-0.336
-5.925;107.025;19/10/2020;19:00:00;-0.284
-5.925;107.025;19/10/2020;20:00:00;-0.218
-5.925;107.025;19/10/2020;21:00:00;-0.14
-5.925;107.025;19/10/2020;22:00:00;-0.052
-5.925;107.025;19/10/2020;23:00:00;0.042
-5.925;107.025;20/10/2020;00:00:00;0.137
-5.925;107.025;20/10/2020;01:00:00;0.228
-5.925;107.025;20/10/2020;02:00:00;0.309
-5.925;107.025;20/10/2020;03:00:00;0.375
-5.925;107.025;20/10/2020;04:00:00;0.419
-5.925;107.025;20/10/2020;05:00:00;0.436
-5.925;107.025;20/10/2020;06:00:00;0.424
-5.925;107.025;20/10/2020;07:00:00;0.383
-5.925;107.025;20/10/2020;08:00:00;0.313
-5.925;107.025;20/10/2020;09:00:00;0.22
-5.925;107.025;20/10/2020;10:00:00;0.109
-5.925;107.025;20/10/2020;11:00:00;-0.011
-5.925;107.025;20/10/2020;12:00:00;-0.132
-5.925;107.025;20/10/2020;13:00:00;-0.245
-5.925;107.025;20/10/2020;14:00:00;-0.34
-5.925;107.025;20/10/2020;15:00:00;-0.412
-5.925;107.025;20/10/2020;16:00:00;-0.453
-5.925;107.025;20/10/2020;17:00:00;-0.464
-5.925;107.025;20/10/2020;18:00:00;-0.442
-5.925;107.025;20/10/2020;19:00:00;-0.391
-5.925;107.025;20/10/2020;20:00:00;-0.316
-5.925;107.025;20/10/2020;21:00:00;-0.222
-5.925;107.025;20/10/2020;22:00:00;-0.118
-5.925;107.025;20/10/2020;23:00:00;-0.011
-5.925;107.025;21/10/2020;00:00:00;0.094
-5.925;107.025;21/10/2020;01:00:00;0.19
-5.925;107.025;21/10/2020;02:00:00;0.274
-5.925;107.025;21/10/2020;03:00:00;0.343
-5.925;107.025;21/10/2020;04:00:00;0.394
-5.925;107.025;21/10/2020;05:00:00;0.425
-5.925;107.025;21/10/2020;06:00:00;0.435
-5.925;107.025;21/10/2020;07:00:00;0.421
-5.925;107.025;21/10/2020;08:00:00;0.383
-5.925;107.025;21/10/2020;09:00:00;0.319
-5.925;107.025;21/10/2020;10:00:00;0.231
-5.925;107.025;21/10/2020;11:00:00;0.122
-5.925;107.025;21/10/2020;12:00:00;-0.002
-5.925;107.025;21/10/2020;13:00:00;-0.132
-5.925;107.025;21/10/2020;14:00:00;-0.257
-5.925;107.025;21/10/2020;15:00:00;-0.366
-5.925;107.025;21/10/2020;16:00:00;-0.447
-5.925;107.025;21/10/2020;17:00:00;-0.493
-5.925;107.025;21/10/2020;18:00:00;-0.5
-5.925;107.025;21/10/2020;19:00:00;-0.466
-5.925;107.025;21/10/2020;20:00:00;-0.398
-5.925;107.025;21/10/2020;21:00:00;-0.303
-5.925;107.025;21/10/2020;22:00:00;-0.193
-5.925;107.025;21/10/2020;23:00:00;-0.077
-5.925;107.025;22/10/2020;00:00:00;0.033
-5.925;107.025;22/10/2020;01:00:00;0.132
-5.925;107.025;22/10/2020;02:00:00;0.214
-5.925;107.025;22/10/2020;03:00:00;0.28
-5.925;107.025;22/10/2020;04:00:00;0.33
-5.925;107.025;22/10/2020;05:00:00;0.367
-5.925;107.025;22/10/2020;06:00:00;0.39
-5.925;107.025;22/10/2020;07:00:00;0.4
-5.925;107.025;22/10/2020;08:00:00;0.393
-5.925;107.025;22/10/2020;09:00:00;0.365
-5.925;107.025;22/10/2020;10:00:00;0.313
-5.925;107.025;22/10/2020;11:00:00;0.234
-5.925;107.025;22/10/2020;12:00:00;0.129
-5.925;107.025;22/10/2020;13:00:00;0.004
-5.925;107.025;22/10/2020;14:00:00;-0.131
-5.925;107.025;22/10/2020;15:00:00;-0.262
-5.925;107.025;22/10/2020;16:00:00;-0.376
-5.925;107.025;22/10/2020;17:00:00;-0.458
-5.925;107.025;22/10/2020;18:00:00;-0.498
-5.925;107.025;22/10/2020;19:00:00;-0.493
-5.925;107.025;22/10/2020;20:00:00;-0.445
-5.925;107.025;22/10/2020;21:00:00;-0.36
-5.925;107.025;22/10/2020;22:00:00;-0.253
-5.925;107.025;22/10/2020;23:00:00;-0.137
-5.925;107.025;23/10/2020;00:00:00;-0.025
-5.925;107.025;23/10/2020;01:00:00;0.072
-5.925;107.025;23/10/2020;02:00:00;0.151
-5.925;107.025;23/10/2020;03:00:00;0.209
-5.925;107.025;23/10/2020;04:00:00;0.252
-5.925;107.025;23/10/2020;05:00:00;0.284
-5.925;107.025;23/10/2020;06:00:00;0.309
-5.925;107.025;23/10/2020;07:00:00;0.331
-5.925;107.025;23/10/2020;08:00:00;0.346
-5.925;107.025;23/10/2020;09:00:00;0.35
-5.925;107.025;23/10/2020;10:00:00;0.336
-5.925;107.025;23/10/2020;11:00:00;0.295
-5.925;107.025;23/10/2020;12:00:00;0.224
-5.925;107.025;23/10/2020;13:00:00;0.124
-5.925;107.025;23/10/2020;14:00:00;0
-5.925;107.025;23/10/2020;15:00:00;-0.135
-5.925;107.025;23/10/2020;16:00:00;-0.265
-5.925;107.025;23/10/2020;17:00:00;-0.373
-5.925;107.025;23/10/2020;18:00:00;-0.445
-5.925;107.025;23/10/2020;19:00:00;-0.47
-5.925;107.025;23/10/2020;20:00:00;-0.447
-5.925;107.025;23/10/2020;21:00:00;-0.382
-5.925;107.025;23/10/2020;22:00:00;-0.287
-5.925;107.025;23/10/2020;23:00:00;-0.176
-5.925;107.025;24/10/2020;00:00:00;-0.067
-5.925;107.025;24/10/2020;01:00:00;0.028
-5.925;107.025;24/10/2020;02:00:00;0.101
-5.925;107.025;24/10/2020;03:00:00;0.151
-5.925;107.025;24/10/2020;04:00:00;0.182
-5.925;107.025;24/10/2020;05:00:00;0.202
-5.925;107.025;24/10/2020;06:00:00;0.219
-5.925;107.025;24/10/2020;07:00:00;0.239
-5.925;107.025;24/10/2020;08:00:00;0.262
-5.925;107.025;24/10/2020;09:00:00;0.286
-5.925;107.025;24/10/2020;10:00:00;0.301
-5.925;107.025;24/10/2020;11:00:00;0.296
-5.925;107.025;24/10/2020;12:00:00;0.264
-5.925;107.025;24/10/2020;13:00:00;0.198
-5.925;107.025;24/10/2020;14:00:00;0.101
-5.925;107.025;24/10/2020;15:00:00;-0.02
-5.925;107.025;24/10/2020;16:00:00;-0.149
-5.925;107.025;24/10/2020;17:00:00;-0.268
-5.925;107.025;24/10/2020;18:00:00;-0.359
-5.925;107.025;24/10/2020;19:00:00;-0.41
-5.925;107.025;24/10/2020;20:00:00;-0.412
-5.925;107.025;24/10/2020;21:00:00;-0.369
-5.925;107.025;24/10/2020;22:00:00;-0.29
-5.925;107.025;24/10/2020;23:00:00;-0.189
-5.925;107.025;25/10/2020;00:00:00;-0.086
-5.925;107.025;25/10/2020;01:00:00;0.005
-5.925;107.025;25/10/2020;02:00:00;0.073
-5.925;107.025;25/10/2020;03:00:00;0.116
-5.925;107.025;25/10/2020;04:00:00;0.135
-5.925;107.025;25/10/2020;05:00:00;0.141
-5.925;107.025;25/10/2020;06:00:00;0.142
-5.925;107.025;25/10/2020;07:00:00;0.15
-5.925;107.025;25/10/2020;08:00:00;0.168
-5.925;107.025;25/10/2020;09:00:00;0.196
-5.925;107.025;25/10/2020;10:00:00;0.226
-5.925;107.025;25/10/2020;11:00:00;0.248
-5.925;107.025;25/10/2020;12:00:00;0.248
-5.925;107.025;25/10/2020;13:00:00;0.218
-5.925;107.025;25/10/2020;14:00:00;0.154
-5.925;107.025;25/10/2020;15:00:00;0.06
-5.925;107.025;25/10/2020;16:00:00;-0.053
-5.925;107.025;25/10/2020;17:00:00;-0.167
-5.925;107.025;25/10/2020;18:00:00;-0.265
-5.925;107.025;25/10/2020;19:00:00;-0.33
-5.925;107.025;25/10/2020;20:00:00;-0.352
-5.925;107.025;25/10/2020;21:00:00;-0.328
-5.925;107.025;25/10/2020;22:00:00;-0.266
-5.925;107.025;25/10/2020;23:00:00;-0.178
-5.925;107.025;26/10/2020;00:00:00;-0.082
-5.925;107.025;26/10/2020;01:00:00;0.004
-5.925;107.025;26/10/2020;02:00:00;0.069
-5.925;107.025;26/10/2020;03:00:00;0.105
-5.925;107.025;26/10/2020;04:00:00;0.115
-5.925;107.025;26/10/2020;05:00:00;0.107
-5.925;107.025;26/10/2020;06:00:00;0.092
-5.925;107.025;26/10/2020;07:00:00;0.082
-5.925;107.025;26/10/2020;08:00:00;0.085
-5.925;107.025;26/10/2020;09:00:00;0.105
-5.925;107.025;26/10/2020;10:00:00;0.136
-5.925;107.025;26/10/2020;11:00:00;0.169
-5.925;107.025;26/10/2020;12:00:00;0.19
-5.925;107.025;26/10/2020;13:00:00;0.189
-5.925;107.025;26/10/2020;14:00:00;0.158
-5.925;107.025;26/10/2020;15:00:00;0.095
-5.925;107.025;26/10/2020;16:00:00;0.008
-5.925;107.025;26/10/2020;17:00:00;-0.09
-5.925;107.025;26/10/2020;18:00:00;-0.181
-5.925;107.025;26/10/2020;19:00:00;-0.249
-5.925;107.025;26/10/2020;20:00:00;-0.28
-5.925;107.025;26/10/2020;21:00:00;-0.27
-5.925;107.025;26/10/2020;22:00:00;-0.222
-5.925;107.025;26/10/2020;23:00:00;-0.147
-5.925;107.025;27/10/2020;00:00:00;-0.06
-5.925;107.025;27/10/2020;01:00:00;0.021
-5.925;107.025;27/10/2020;02:00:00;0.082
-5.925;107.025;27/10/2020;03:00:00;0.115
-5.925;107.025;27/10/2020;04:00:00;0.118
-5.925;107.025;27/10/2020;05:00:00;0.099
-5.925;107.025;27/10/2020;06:00:00;0.068
-5.925;107.025;27/10/2020;07:00:00;0.039
-5.925;107.025;27/10/2020;08:00:00;0.023
-5.925;107.025;27/10/2020;09:00:00;0.025
-5.925;107.025;27/10/2020;10:00:00;0.046
-5.925;107.025;27/10/2020;11:00:00;0.078
-5.925;107.025;27/10/2020;12:00:00;0.109
-5.925;107.025;27/10/2020;13:00:00;0.127
-5.925;107.025;27/10/2020;14:00:00;0.121
-5.925;107.025;27/10/2020;15:00:00;0.088
-5.925;107.025;27/10/2020;16:00:00;0.03
-5.925;107.025;27/10/2020;17:00:00;-0.044
-5.925;107.025;27/10/2020;18:00:00;-0.118
-5.925;107.025;27/10/2020;19:00:00;-0.178
-5.925;107.025;27/10/2020;20:00:00;-0.21
-5.925;107.025;27/10/2020;21:00:00;-0.206
-5.925;107.025;27/10/2020;22:00:00;-0.168
-5.925;107.025;27/10/2020;23:00:00;-0.102
-5.925;107.025;28/10/2020;00:00:00;-0.023
-5.925;107.025;28/10/2020;01:00:00;0.052
-5.925;107.025;28/10/2020;02:00:00;0.11
-5.925;107.025;28/10/2020;03:00:00;0.14
-5.925;107.025;28/10/2020;04:00:00;0.138
-5.925;107.025;28/10/2020;05:00:00;0.111
-5.925;107.025;28/10/2020;06:00:00;0.067
-5.925;107.025;28/10/2020;07:00:00;0.02
-5.925;107.025;28/10/2020;08:00:00;-0.017
-5.925;107.025;28/10/2020;09:00:00;-0.035
-5.925;107.025;28/10/2020;10:00:00;-0.032
-5.925;107.025;28/10/2020;11:00:00;-0.011
-5.925;107.025;28/10/2020;12:00:00;0.019
-5.925;107.025;28/10/2020;13:00:00;0.045
-5.925;107.025;28/10/2020;14:00:00;0.057
-5.925;107.025;28/10/2020;15:00:00;0.049
-5.925;107.025;28/10/2020;16:00:00;0.018
-5.925;107.025;28/10/2020;17:00:00;-0.028
-5.925;107.025;28/10/2020;18:00:00;-0.08
-5.925;107.025;28/10/2020;19:00:00;-0.124
-5.925;107.025;28/10/2020;20:00:00;-0.147
-5.925;107.025;28/10/2020;21:00:00;-0.143
-5.925;107.025;28/10/2020;22:00:00;-0.108
-5.925;107.025;28/10/2020;23:00:00;-0.049
-5.925;107.025;29/10/2020;00:00:00;0.023
-5.925;107.025;29/10/2020;01:00:00;0.094
-5.925;107.025;29/10/2020;02:00:00;0.148
-5.925;107.025;29/10/2020;03:00:00;0.175
-5.925;107.025;29/10/2020;04:00:00;0.171
-5.925;107.025;29/10/2020;05:00:00;0.138
-5.925;107.025;29/10/2020;06:00:00;0.084
-5.925;107.025;29/10/2020;07:00:00;0.022
-5.925;107.025;29/10/2020;08:00:00;-0.034
-5.925;107.025;29/10/2020;09:00:00;-0.075
-5.925;107.025;29/10/2020;10:00:00;-0.093
-5.925;107.025;29/10/2020;11:00:00;-0.09
-5.925;107.025;29/10/2020;12:00:00;-0.071
-5.925;107.025;29/10/2020;13:00:00;-0.046
-5.925;107.025;29/10/2020;14:00:00;-0.024
-5.925;107.025;29/10/2020;15:00:00;-0.015
-5.925;107.025;29/10/2020;16:00:00;-0.022
-5.925;107.025;29/10/2020;17:00:00;-0.042
-5.925;107.025;29/10/2020;18:00:00;-0.068
-5.925;107.025;29/10/2020;19:00:00;-0.091
-5.925;107.025;29/10/2020;20:00:00;-0.099
-5.925;107.025;29/10/2020;21:00:00;-0.087
-5.925;107.025;29/10/2020;22:00:00;-0.05
-5.925;107.025;29/10/2020;23:00:00;0.006
-5.925;107.025;30/10/2020;00:00:00;0.074
-5.925;107.025;30/10/2020;01:00:00;0.141
-5.925;107.025;30/10/2020;02:00:00;0.193
-5.925;107.025;30/10/2020;03:00:00;0.219
-5.925;107.025;30/10/2020;04:00:00;0.213
-5.925;107.025;30/10/2020;05:00:00;0.177
-5.925;107.025;30/10/2020;06:00:00;0.117
-5.925;107.025;30/10/2020;07:00:00;0.043
-5.925;107.025;30/10/2020;08:00:00;-0.03
-5.925;107.025;30/10/2020;09:00:00;-0.092
-5.925;107.025;30/10/2020;10:00:00;-0.134
-5.925;107.025;30/10/2020;11:00:00;-0.153
-5.925;107.025;30/10/2020;12:00:00;-0.151
-5.925;107.025;30/10/2020;13:00:00;-0.135
-5.925;107.025;30/10/2020;14:00:00;-0.114
-5.925;107.025;30/10/2020;15:00:00;-0.095
-5.925;107.025;30/10/2020;16:00:00;-0.084
-5.925;107.025;30/10/2020;17:00:00;-0.081
-5.925;107.025;30/10/2020;18:00:00;-0.082
-5.925;107.025;30/10/2020;19:00:00;-0.081
-5.925;107.025;30/10/2020;20:00:00;-0.071
-5.925;107.025;30/10/2020;21:00:00;-0.045
-5.925;107.025;30/10/2020;22:00:00;-0.002
-5.925;107.025;30/10/2020;23:00:00;0.057
-5.925;107.025;31/10/2020;00:00:00;0.124
-5.925;107.025;31/10/2020;01:00:00;0.188
-5.925;107.025;31/10/2020;02:00:00;0.239
-5.925;107.025;31/10/2020;03:00:00;0.265
-5.925;107.025;31/10/2020;04:00:00;0.261
-5.925;107.025;31/10/2020;05:00:00;0.225
-5.925;107.025;31/10/2020;06:00:00;0.163
-5.925;107.025;31/10/2020;07:00:00;0.082
-5.925;107.025;31/10/2020;08:00:00;-0.004
-5.925;107.025;31/10/2020;09:00:00;-0.084
-5.925;107.025;31/10/2020;10:00:00;-0.148
-5.925;107.025;31/10/2020;11:00:00;-0.191
-5.925;107.025;31/10/2020;12:00:00;-0.212
-5.925;107.025;31/10/2020;13:00:00;-0.213
-5.925;107.025;31/10/2020;14:00:00;-0.201
-5.925;107.025;31/10/2020;15:00:00;-0.182
-5.925;107.025;31/10/2020;16:00:00;-0.161
-5.925;107.025;31/10/2020;17:00:00;-0.141
-5.925;107.025;31/10/2020;18:00:00;-0.12
-5.925;107.025;31/10/2020;19:00:00;-0.097
-5.925;107.025;31/10/2020;20:00:00;-0.066
-5.925;107.025;31/10/2020;21:00:00;-0.024
-5.925;107.025;31/10/2020;22:00:00;0.03
-5.925;107.025;31/10/2020;23:00:00;0.094
-5.925;107.025;01/11/2020;00:00:00;0.163
-5.925;107.025;01/11/2020;01:00:00;0.228
-5.925;107.025;01/11/2020;02:00:00;0.279
-5.925;107.025;01/11/2020;03:00:00;0.308
-5.925;107.025;01/11/2020;04:00:00;0.307
-5.925;107.025;01/11/2020;05:00:00;0.276
-5.925;107.025;01/11/2020;06:00:00;0.216
-5.925;107.025;01/11/2020;07:00:00;0.136
-5.925;107.025;01/11/2020;08:00:00;0.044
-5.925;107.025;01/11/2020;09:00:00;-0.049
-5.925;107.025;01/11/2020;10:00:00;-0.132
-5.925;107.025;01/11/2020;11:00:00;-0.199
-5.925;107.025;01/11/2020;12:00:00;-0.244
-5.925;107.025;01/11/2020;13:00:00;-0.269
-5.925;107.025;01/11/2020;14:00:00;-0.274
-5.925;107.025;01/11/2020;15:00:00;-0.264
-5.925;107.025;01/11/2020;16:00:00;-0.244
-5.925;107.025;01/11/2020;17:00:00;-0.215
-5.925;107.025;01/11/2020;18:00:00;-0.179
-5.925;107.025;01/11/2020;19:00:00;-0.136
-5.925;107.025;01/11/2020;20:00:00;-0.086
-5.925;107.025;01/11/2020;21:00:00;-0.027
-5.925;107.025;01/11/2020;22:00:00;0.04
-5.925;107.025;01/11/2020;23:00:00;0.113
-5.925;107.025;02/11/2020;00:00:00;0.186
-5.925;107.025;02/11/2020;01:00:00;0.253
-5.925;107.025;02/11/2020;02:00:00;0.306
-5.925;107.025;02/11/2020;03:00:00;0.338
-5.925;107.025;02/11/2020;04:00:00;0.344
-5.925;107.025;02/11/2020;05:00:00;0.321
-5.925;107.025;02/11/2020;06:00:00;0.269
-5.925;107.025;02/11/2020;07:00:00;0.195
-5.925;107.025;02/11/2020;08:00:00;0.105
-5.925;107.025;02/11/2020;09:00:00;0.008
-5.925;107.025;02/11/2020;10:00:00;-0.087
-5.925;107.025;02/11/2020;11:00:00;-0.172
-5.925;107.025;02/11/2020;12:00:00;-0.241
-5.925;107.025;02/11/2020;13:00:00;-0.291
-5.925;107.025;02/11/2020;14:00:00;-0.32
-5.925;107.025;02/11/2020;15:00:00;-0.329
-5.925;107.025;02/11/2020;16:00:00;-0.318
-5.925;107.025;02/11/2020;17:00:00;-0.291
-5.925;107.025;02/11/2020;18:00:00;-0.249
-5.925;107.025;02/11/2020;19:00:00;-0.194
-5.925;107.025;02/11/2020;20:00:00;-0.128
-5.925;107.025;02/11/2020;21:00:00;-0.053
-5.925;107.025;02/11/2020;22:00:00;0.028
-5.925;107.025;02/11/2020;23:00:00;0.111
-5.925;107.025;03/11/2020;00:00:00;0.19
-5.925;107.025;03/11/2020;01:00:00;0.261
-5.925;107.025;03/11/2020;02:00:00;0.317
-5.925;107.025;03/11/2020;03:00:00;0.353
-5.925;107.025;03/11/2020;04:00:00;0.365
-5.925;107.025;03/11/2020;05:00:00;0.352
-5.925;107.025;03/11/2020;06:00:00;0.313
-5.925;107.025;03/11/2020;07:00:00;0.251
-5.925;107.025;03/11/2020;08:00:00;0.17
-5.925;107.025;03/11/2020;09:00:00;0.078
-5.925;107.025;03/11/2020;10:00:00;-0.02
-5.925;107.025;03/11/2020;11:00:00;-0.116
-5.925;107.025;03/11/2020;12:00:00;-0.204
-5.925;107.025;03/11/2020;13:00:00;-0.277
-5.925;107.025;03/11/2020;14:00:00;-0.332
-5.925;107.025;03/11/2020;15:00:00;-0.365
-5.925;107.025;03/11/2020;16:00:00;-0.374
-5.925;107.025;03/11/2020;17:00:00;-0.358
-5.925;107.025;03/11/2020;18:00:00;-0.32
-5.925;107.025;03/11/2020;19:00:00;-0.261
-5.925;107.025;03/11/2020;20:00:00;-0.185
-5.925;107.025;03/11/2020;21:00:00;-0.098
-5.925;107.025;03/11/2020;22:00:00;-0.004
-5.925;107.025;03/11/2020;23:00:00;0.089
-5.925;107.025;04/11/2020;00:00:00;0.176
-5.925;107.025;04/11/2020;01:00:00;0.252
-5.925;107.025;04/11/2020;02:00:00;0.312
-5.925;107.025;04/11/2020;03:00:00;0.352
-5.925;107.025;04/11/2020;04:00:00;0.37
-5.925;107.025;04/11/2020;05:00:00;0.366
-5.925;107.025;04/11/2020;06:00:00;0.34
-5.925;107.025;04/11/2020;07:00:00;0.293
-5.925;107.025;04/11/2020;08:00:00;0.228
-5.925;107.025;04/11/2020;09:00:00;0.148
-5.925;107.025;04/11/2020;10:00:00;0.056
-5.925;107.025;04/11/2020;11:00:00;-0.042
-5.925;107.025;04/11/2020;12:00:00;-0.14
-5.925;107.025;04/11/2020;13:00:00;-0.232
-5.925;107.025;04/11/2020;14:00:00;-0.31
-5.925;107.025;04/11/2020;15:00:00;-0.369
-5.925;107.025;04/11/2020;16:00:00;-0.402
-5.925;107.025;04/11/2020;17:00:00;-0.407
-5.925;107.025;04/11/2020;18:00:00;-0.381
-5.925;107.025;04/11/2020;19:00:00;-0.328
-5.925;107.025;04/11/2020;20:00:00;-0.25
-5.925;107.025;04/11/2020;21:00:00;-0.155
-5.925;107.025;04/11/2020;22:00:00;-0.052
-5.925;107.025;04/11/2020;23:00:00;0.051
-5.925;107.025;05/11/2020;00:00:00;0.147
-5.925;107.025;05/11/2020;01:00:00;0.229
-5.925;107.025;05/11/2020;02:00:00;0.293
-5.925;107.025;05/11/2020;03:00:00;0.337
-5.925;107.025;05/11/2020;04:00:00;0.361
-5.925;107.025;05/11/2020;05:00:00;0.365
-5.925;107.025;05/11/2020;06:00:00;0.35
-5.925;107.025;05/11/2020;07:00:00;0.319
-5.925;107.025;05/11/2020;08:00:00;0.27
-5.925;107.025;05/11/2020;09:00:00;0.207
-5.925;107.025;05/11/2020;10:00:00;0.128
-5.925;107.025;05/11/2020;11:00:00;0.037
-5.925;107.025;05/11/2020;12:00:00;-0.063
-5.925;107.025;05/11/2020;13:00:00;-0.165
-5.925;107.025;05/11/2020;14:00:00;-0.261
-5.925;107.025;05/11/2020;15:00:00;-0.343
-5.925;107.025;05/11/2020;16:00:00;-0.402
-5.925;107.025;05/11/2020;17:00:00;-0.431
-5.925;107.025;05/11/2020;18:00:00;-0.425
-5.925;107.025;05/11/2020;19:00:00;-0.384
-5.925;107.025;05/11/2020;20:00:00;-0.312
-5.925;107.025;05/11/2020;21:00:00;-0.217
-5.925;107.025;05/11/2020;22:00:00;-0.108
-5.925;107.025;05/11/2020;23:00:00;0.003
-5.925;107.025;06/11/2020;00:00:00;0.107
-5.925;107.025;06/11/2020;01:00:00;0.196
-5.925;107.025;06/11/2020;02:00:00;0.265
-5.925;107.025;06/11/2020;03:00:00;0.313
-5.925;107.025;06/11/2020;04:00:00;0.341
-5.925;107.025;06/11/2020;05:00:00;0.351
-5.925;107.025;06/11/2020;06:00:00;0.346
-5.925;107.025;06/11/2020;07:00:00;0.327
-5.925;107.025;06/11/2020;08:00:00;0.295
-5.925;107.025;06/11/2020;09:00:00;0.249
-5.925;107.025;06/11/2020;10:00:00;0.187
-5.925;107.025;06/11/2020;11:00:00;0.108
-5.925;107.025;06/11/2020;12:00:00;0.015
-5.925;107.025;06/11/2020;13:00:00;-0.089
-5.925;107.025;06/11/2020;14:00:00;-0.196
-5.925;107.025;06/11/2020;15:00:00;-0.295
-5.925;107.025;06/11/2020;16:00:00;-0.377
-5.925;107.025;06/11/2020;17:00:00;-0.429
-5.925;107.025;06/11/2020;18:00:00;-0.446
-5.925;107.025;06/11/2020;19:00:00;-0.423
-5.925;107.025;06/11/2020;20:00:00;-0.363
-5.925;107.025;06/11/2020;21:00:00;-0.274
-5.925;107.025;06/11/2020;22:00:00;-0.165
-5.925;107.025;06/11/2020;23:00:00;-0.049
-5.925;107.025;07/11/2020;00:00:00;0.061
-5.925;107.025;07/11/2020;01:00:00;0.157
-5.925;107.025;07/11/2020;02:00:00;0.231
-5.925;107.025;07/11/2020;03:00:00;0.283
-5.925;107.025;07/11/2020;04:00:00;0.314
-5.925;107.025;07/11/2020;05:00:00;0.328
-5.925;107.025;07/11/2020;06:00:00;0.329
-5.925;107.025;07/11/2020;07:00:00;0.32
-5.925;107.025;07/11/2020;08:00:00;0.302
-5.925;107.025;07/11/2020;09:00:00;0.272
-5.925;107.025;07/11/2020;10:00:00;0.227
-5.925;107.025;07/11/2020;11:00:00;0.165
-5.925;107.025;07/11/2020;12:00:00;0.084
-5.925;107.025;07/11/2020;13:00:00;-0.014
-5.925;107.025;07/11/2020;14:00:00;-0.123
-5.925;107.025;07/11/2020;15:00:00;-0.232
-5.925;107.025;07/11/2020;16:00:00;-0.33
-5.925;107.025;07/11/2020;17:00:00;-0.403
-5.925;107.025;07/11/2020;18:00:00;-0.441
-5.925;107.025;07/11/2020;19:00:00;-0.439
-5.925;107.025;07/11/2020;20:00:00;-0.395
-5.925;107.025;07/11/2020;21:00:00;-0.316
-5.925;107.025;07/11/2020;22:00:00;-0.212
-5.925;107.025;07/11/2020;23:00:00;-0.097
-5.925;107.025;08/11/2020;00:00:00;0.016
-5.925;107.025;08/11/2020;01:00:00;0.115
-5.925;107.025;08/11/2020;02:00:00;0.193
-5.925;107.025;08/11/2020;03:00:00;0.247
-5.925;107.025;08/11/2020;04:00:00;0.28
-5.925;107.025;08/11/2020;05:00:00;0.295
-5.925;107.025;08/11/2020;06:00:00;0.299
-5.925;107.025;08/11/2020;07:00:00;0.296
-5.925;107.025;08/11/2020;08:00:00;0.287
-5.925;107.025;08/11/2020;09:00:00;0.271
-5.925;107.025;08/11/2020;10:00:00;0.244
-5.925;107.025;08/11/2020;11:00:00;0.2
-5.925;107.025;08/11/2020;12:00:00;0.135
-5.925;107.025;08/11/2020;13:00:00;0.05
-5.925;107.025;08/11/2020;14:00:00;-0.052
-5.925;107.025;08/11/2020;15:00:00;-0.162
-5.925;107.025;08/11/2020;16:00:00;-0.267
-5.925;107.025;08/11/2020;17:00:00;-0.354
-5.925;107.025;08/11/2020;18:00:00;-0.41
-5.925;107.025;08/11/2020;19:00:00;-0.426
-5.925;107.025;08/11/2020;20:00:00;-0.4
-5.925;107.025;08/11/2020;21:00:00;-0.335
-5.925;107.025;08/11/2020;22:00:00;-0.24
-5.925;107.025;08/11/2020;23:00:00;-0.131
-5.925;107.025;09/11/2020;00:00:00;-0.02
-5.925;107.025;09/11/2020;01:00:00;0.079
-5.925;107.025;09/11/2020;02:00:00;0.156
-5.925;107.025;09/11/2020;03:00:00;0.209
-5.925;107.025;09/11/2020;04:00:00;0.239
-5.925;107.025;09/11/2020;05:00:00;0.252
-5.925;107.025;09/11/2020;06:00:00;0.254
-5.925;107.025;09/11/2020;07:00:00;0.252
-5.925;107.025;09/11/2020;08:00:00;0.248
-5.925;107.025;09/11/2020;09:00:00;0.242
-5.925;107.025;09/11/2020;10:00:00;0.23
-5.925;107.025;09/11/2020;11:00:00;0.204
-5.925;107.025;09/11/2020;12:00:00;0.16
-5.925;107.025;09/11/2020;13:00:00;0.094
-5.925;107.025;09/11/2020;14:00:00;0.007
-5.925;107.025;09/11/2020;15:00:00;-0.094
-5.925;107.025;09/11/2020;16:00:00;-0.197
-5.925;107.025;09/11/2020;17:00:00;-0.288
-5.925;107.025;09/11/2020;18:00:00;-0.355
-5.925;107.025;09/11/2020;19:00:00;-0.384
-5.925;107.025;09/11/2020;20:00:00;-0.373
-5.925;107.025;09/11/2020;21:00:00;-0.322
-5.925;107.025;09/11/2020;22:00:00;-0.239
-5.925;107.025;09/11/2020;23:00:00;-0.138
-5.925;107.025;10/11/2020;00:00:00;-0.033
-5.925;107.025;10/11/2020;01:00:00;0.06
-5.925;107.025;10/11/2020;02:00:00;0.132
-5.925;107.025;10/11/2020;03:00:00;0.178
-5.925;107.025;10/11/2020;04:00:00;0.2
-5.925;107.025;10/11/2020;05:00:00;0.204
-5.925;107.025;10/11/2020;06:00:00;0.197
-5.925;107.025;10/11/2020;07:00:00;0.188
-5.925;107.025;10/11/2020;08:00:00;0.182
-5.925;107.025;10/11/2020;09:00:00;0.18
-5.925;107.025;10/11/2020;10:00:00;0.178
-5.925;107.025;10/11/2020;11:00:00;0.169
-5.925;107.025;10/11/2020;12:00:00;0.147
-5.925;107.025;10/11/2020;13:00:00;0.105
-5.925;107.025;10/11/2020;14:00:00;0.041
-5.925;107.025;10/11/2020;15:00:00;-0.04
-5.925;107.025;10/11/2020;16:00:00;-0.13
-5.925;107.025;10/11/2020;17:00:00;-0.215
-5.925;107.025;10/11/2020;18:00:00;-0.281
-5.925;107.025;10/11/2020;19:00:00;-0.317
-5.925;107.025;10/11/2020;20:00:00;-0.314
-5.925;107.025;10/11/2020;21:00:00;-0.274
-5.925;107.025;10/11/2020;22:00:00;-0.202
-5.925;107.025;10/11/2020;23:00:00;-0.11
-5.925;107.025;11/11/2020;00:00:00;-0.014
-5.925;107.025;11/11/2020;01:00:00;0.071
-5.925;107.025;11/11/2020;02:00:00;0.134
-5.925;107.025;11/11/2020;03:00:00;0.169
-5.925;107.025;11/11/2020;04:00:00;0.177
-5.925;107.025;11/11/2020;05:00:00;0.164
-5.925;107.025;11/11/2020;06:00:00;0.14
-5.925;107.025;11/11/2020;07:00:00;0.114
-5.925;107.025;11/11/2020;08:00:00;0.095
-5.925;107.025;11/11/2020;09:00:00;0.086
-5.925;107.025;11/11/2020;10:00:00;0.086
-5.925;107.025;11/11/2020;11:00:00;0.089
-5.925;107.025;11/11/2020;12:00:00;0.086
-5.925;107.025;11/11/2020;13:00:00;0.07
-5.925;107.025;11/11/2020;14:00:00;0.035
-5.925;107.025;11/11/2020;15:00:00;-0.018
-5.925;107.025;11/11/2020;16:00:00;-0.083
-5.925;107.025;11/11/2020;17:00:00;-0.149
-5.925;107.025;11/11/2020;18:00:00;-0.204
-5.925;107.025;11/11/2020;19:00:00;-0.235
-5.925;107.025;11/11/2020;20:00:00;-0.234
-5.925;107.025;11/11/2020;21:00:00;-0.199
-5.925;107.025;11/11/2020;22:00:00;-0.133
-5.925;107.025;11/11/2020;23:00:00;-0.049
-5.925;107.025;12/11/2020;00:00:00;0.04
-5.925;107.025;12/11/2020;01:00:00;0.118
-5.925;107.025;12/11/2020;02:00:00;0.172
-5.925;107.025;12/11/2020;03:00:00;0.195
-5.925;107.025;12/11/2020;04:00:00;0.186
-5.925;107.025;12/11/2020;05:00:00;0.152
-5.925;107.025;12/11/2020;06:00:00;0.102
-5.925;107.025;12/11/2020;07:00:00;0.05
-5.925;107.025;12/11/2020;08:00:00;0.007
-5.925;107.025;12/11/2020;09:00:00;-0.021
-5.925;107.025;12/11/2020;10:00:00;-0.032
-5.925;107.025;12/11/2020;11:00:00;-0.029
-5.925;107.025;12/11/2020;12:00:00;-0.021
-5.925;107.025;12/11/2020;13:00:00;-0.016
-5.925;107.025;12/11/2020;14:00:00;-0.022
-5.925;107.025;12/11/2020;15:00:00;-0.042
-5.925;107.025;12/11/2020;16:00:00;-0.075
-5.925;107.025;12/11/2020;17:00:00;-0.112
-5.925;107.025;12/11/2020;18:00:00;-0.145
-5.925;107.025;12/11/2020;19:00:00;-0.16
-5.925;107.025;12/11/2020;20:00:00;-0.151
-5.925;107.025;12/11/2020;21:00:00;-0.112
-5.925;107.025;12/11/2020;22:00:00;-0.047
-5.925;107.025;12/11/2020;23:00:00;0.036
-5.925;107.025;13/11/2020;00:00:00;0.122
-5.925;107.025;13/11/2020;01:00:00;0.196
-5.925;107.025;13/11/2020;02:00:00;0.245
-5.925;107.025;13/11/2020;03:00:00;0.26
-5.925;107.025;13/11/2020;04:00:00;0.238
-5.925;107.025;13/11/2020;05:00:00;0.183
-5.925;107.025;13/11/2020;06:00:00;0.107
-5.925;107.025;13/11/2020;07:00:00;0.023
-5.925;107.025;13/11/2020;08:00:00;-0.054
-5.925;107.025;13/11/2020;09:00:00;-0.114
-5.925;107.025;13/11/2020;10:00:00;-0.151
-5.925;107.025;13/11/2020;11:00:00;-0.164
-5.925;107.025;13/11/2020;12:00:00;-0.159
-5.925;107.025;13/11/2020;13:00:00;-0.145
-5.925;107.025;13/11/2020;14:00:00;-0.129
-5.925;107.025;13/11/2020;15:00:00;-0.12
-5.925;107.025;13/11/2020;16:00:00;-0.117
-5.925;107.025;13/11/2020;17:00:00;-0.121
-5.925;107.025;13/11/2020;18:00:00;-0.122
-5.925;107.025;13/11/2020;19:00:00;-0.113
-5.925;107.025;13/11/2020;20:00:00;-0.086
-5.925;107.025;13/11/2020;21:00:00;-0.037
-5.925;107.025;13/11/2020;22:00:00;0.035
-5.925;107.025;13/11/2020;23:00:00;0.121
-5.925;107.025;14/11/2020;00:00:00;0.209
-5.925;107.025;14/11/2020;01:00:00;0.287
-5.925;107.025;14/11/2020;02:00:00;0.338
-5.925;107.025;14/11/2020;03:00:00;0.352
-5.925;107.025;14/11/2020;04:00:00;0.325
-5.925;107.025;14/11/2020;05:00:00;0.259
-5.925;107.025;14/11/2020;06:00:00;0.163
-5.925;107.025;14/11/2020;07:00:00;0.051
-5.925;107.025;14/11/2020;08:00:00;-0.062
-5.925;107.025;14/11/2020;09:00:00;-0.16
-5.925;107.025;14/11/2020;10:00:00;-0.235
-5.925;107.025;14/11/2020;11:00:00;-0.279
-5.925;107.025;14/11/2020;12:00:00;-0.296
-5.925;107.025;14/11/2020;13:00:00;-0.289
-5.925;107.025;14/11/2020;14:00:00;-0.268
-5.925;107.025;14/11/2020;15:00:00;-0.239
-5.925;107.025;14/11/2020;16:00:00;-0.209
-5.925;107.025;14/11/2020;17:00:00;-0.18
-5.925;107.025;14/11/2020;18:00:00;-0.148
-5.925;107.025;14/11/2020;19:00:00;-0.11
-5.925;107.025;14/11/2020;20:00:00;-0.06
-5.925;107.025;14/11/2020;21:00:00;0.006
-5.925;107.025;14/11/2020;22:00:00;0.089
-5.925;107.025;14/11/2020;23:00:00;0.182
-5.925;107.025;15/11/2020;00:00:00;0.278
-5.925;107.025;15/11/2020;01:00:00;0.363
-5.925;107.025;15/11/2020;02:00:00;0.424
-5.925;107.025;15/11/2020;03:00:00;0.448
-5.925;107.025;15/11/2020;04:00:00;0.428
-5.925;107.025;15/11/2020;05:00:00;0.365
-5.925;107.025;15/11/2020;06:00:00;0.263
-5.925;107.025;15/11/2020;07:00:00;0.135
-5.925;107.025;15/11/2020;08:00:00;-0.004
-5.925;107.025;15/11/2020;09:00:00;-0.138
-5.925;107.025;15/11/2020;10:00:00;-0.253
-5.925;107.025;15/11/2020;11:00:00;-0.339
-5.925;107.025;15/11/2020;12:00:00;-0.392
-5.925;107.025;15/11/2020;13:00:00;-0.412
-5.925;107.025;15/11/2020;14:00:00;-0.403
-5.925;107.025;15/11/2020;15:00:00;-0.374
-5.925;107.025;15/11/2020;16:00:00;-0.331
-5.925;107.025;15/11/2020;17:00:00;-0.279
-5.925;107.025;15/11/2020;18:00:00;-0.221
-5.925;107.025;15/11/2020;19:00:00;-0.155
-5.925;107.025;15/11/2020;20:00:00;-0.08
-5.925;107.025;15/11/2020;21:00:00;0.005
-5.925;107.025;15/11/2020;22:00:00;0.101
-5.925;107.025;15/11/2020;23:00:00;0.204
-5.925;107.025;16/11/2020;00:00:00;0.308
-5.925;107.025;16/11/2020;01:00:00;0.402
-5.925;107.025;16/11/2020;02:00:00;0.475
-5.925;107.025;16/11/2020;03:00:00;0.516
-5.925;107.025;16/11/2020;04:00:00;0.514
-5.925;107.025;16/11/2020;05:00:00;0.468
-5.925;107.025;16/11/2020;06:00:00;0.379
-5.925;107.025;16/11/2020;07:00:00;0.254
-5.925;107.025;16/11/2020;08:00:00;0.106
-5.925;107.025;16/11/2020;09:00:00;-0.049
-5.925;107.025;16/11/2020;10:00:00;-0.197
-5.925;107.025;16/11/2020;11:00:00;-0.322
-5.925;107.025;16/11/2020;12:00:00;-0.417
-5.925;107.025;16/11/2020;13:00:00;-0.476
-5.925;107.025;16/11/2020;14:00:00;-0.499
-5.925;107.025;16/11/2020;15:00:00;-0.488
-5.925;107.025;16/11/2020;16:00:00;-0.451
-5.925;107.025;16/11/2020;17:00:00;-0.393
-5.925;107.025;16/11/2020;18:00:00;-0.32
-5.925;107.025;16/11/2020;19:00:00;-0.235
-5.925;107.025;16/11/2020;20:00:00;-0.14
-5.925;107.025;16/11/2020;21:00:00;-0.038
-5.925;107.025;16/11/2020;22:00:00;0.07
-5.925;107.025;16/11/2020;23:00:00;0.182
-5.925;107.025;17/11/2020;00:00:00;0.292
-5.925;107.025;17/11/2020;01:00:00;0.394
-5.925;107.025;17/11/2020;02:00:00;0.477
-5.925;107.025;17/11/2020;03:00:00;0.534
-5.925;107.025;17/11/2020;04:00:00;0.555
-5.925;107.025;17/11/2020;05:00:00;0.535
-5.925;107.025;17/11/2020;06:00:00;0.473
-5.925;107.025;17/11/2020;07:00:00;0.37
-5.925;107.025;17/11/2020;08:00:00;0.236
-5.925;107.025;17/11/2020;09:00:00;0.081
-5.925;107.025;17/11/2020;10:00:00;-0.08
-5.925;107.025;17/11/2020;11:00:00;-0.232
-5.925;107.025;17/11/2020;12:00:00;-0.363
-5.925;107.025;17/11/2020;13:00:00;-0.463
-5.925;107.025;17/11/2020;14:00:00;-0.526
-5.925;107.025;17/11/2020;15:00:00;-0.549
-5.925;107.025;17/11/2020;16:00:00;-0.536
-5.925;107.025;17/11/2020;17:00:00;-0.49
-5.925;107.025;17/11/2020;18:00:00;-0.418
-5.925;107.025;17/11/2020;19:00:00;-0.326
-5.925;107.025;17/11/2020;20:00:00;-0.22
-5.925;107.025;17/11/2020;21:00:00;-0.107
-5.925;107.025;17/11/2020;22:00:00;0.01
-5.925;107.025;17/11/2020;23:00:00;0.127
-5.925;107.025;18/11/2020;00:00:00;0.239
-5.925;107.025;18/11/2020;01:00:00;0.343
-5.925;107.025;18/11/2020;02:00:00;0.431
-5.925;107.025;18/11/2020;03:00:00;0.498
-5.925;107.025;18/11/2020;04:00:00;0.538
-5.925;107.025;18/11/2020;05:00:00;0.545
-5.925;107.025;18/11/2020;06:00:00;0.515
-5.925;107.025;18/11/2020;07:00:00;0.447
-5.925;107.025;18/11/2020;08:00:00;0.344
-5.925;107.025;18/11/2020;09:00:00;0.212
-5.925;107.025;18/11/2020;10:00:00;0.061
-5.925;107.025;18/11/2020;11:00:00;-0.097
-5.925;107.025;18/11/2020;12:00:00;-0.248
-5.925;107.025;18/11/2020;13:00:00;-0.379
-5.925;107.025;18/11/2020;14:00:00;-0.479
-5.925;107.025;18/11/2020;15:00:00;-0.541
-5.925;107.025;18/11/2020;16:00:00;-0.562
-5.925;107.025;18/11/2020;17:00:00;-0.543
-5.925;107.025;18/11/2020;18:00:00;-0.487
-5.925;107.025;18/11/2020;19:00:00;-0.402
-5.925;107.025;18/11/2020;20:00:00;-0.296
-5.925;107.025;18/11/2020;21:00:00;-0.179
-5.925;107.025;18/11/2020;22:00:00;-0.059
-5.925;107.025;18/11/2020;23:00:00;0.059
-5.925;107.025;19/11/2020;00:00:00;0.17
-5.925;107.025;19/11/2020;01:00:00;0.269
-5.925;107.025;19/11/2020;02:00:00;0.354
-5.925;107.025;19/11/2020;03:00:00;0.423
-5.925;107.025;19/11/2020;04:00:00;0.471
-5.925;107.025;19/11/2020;05:00:00;0.497
-5.925;107.025;19/11/2020;06:00:00;0.495
-5.925;107.025;19/11/2020;07:00:00;0.462
-5.925;107.025;19/11/2020;08:00:00;0.398
-5.925;107.025;19/11/2020;09:00:00;0.303
-5.925;107.025;19/11/2020;10:00:00;0.182
-5.925;107.025;19/11/2020;11:00:00;0.041
-5.925;107.025;19/11/2020;12:00:00;-0.107
-5.925;107.025;19/11/2020;13:00:00;-0.251
-5.925;107.025;19/11/2020;14:00:00;-0.376
-5.925;107.025;19/11/2020;15:00:00;-0.471
-5.925;107.025;19/11/2020;16:00:00;-0.527
-5.925;107.025;19/11/2020;17:00:00;-0.54
-5.925;107.025;19/11/2020;18:00:00;-0.511
-5.925;107.025;19/11/2020;19:00:00;-0.444
-5.925;107.025;19/11/2020;20:00:00;-0.348
-5.925;107.025;19/11/2020;21:00:00;-0.235
-5.925;107.025;19/11/2020;22:00:00;-0.116
-5.925;107.025;19/11/2020;23:00:00;0
-5.925;107.025;20/11/2020;00:00:00;0.106
-5.925;107.025;20/11/2020;01:00:00;0.197
-5.925;107.025;20/11/2020;02:00:00;0.273
-5.925;107.025;20/11/2020;03:00:00;0.333
-5.925;107.025;20/11/2020;04:00:00;0.378
-5.925;107.025;20/11/2020;05:00:00;0.408
-5.925;107.025;20/11/2020;06:00:00;0.422
-5.925;107.025;20/11/2020;07:00:00;0.416
-5.925;107.025;20/11/2020;08:00:00;0.388
-5.925;107.025;20/11/2020;09:00:00;0.333
-5.925;107.025;20/11/2020;10:00:00;0.251
-5.925;107.025;20/11/2020;11:00:00;0.144
-5.925;107.025;20/11/2020;12:00:00;0.017
-5.925;107.025;20/11/2020;13:00:00;-0.118
-5.925;107.025;20/11/2020;14:00:00;-0.249
-5.925;107.025;20/11/2020;15:00:00;-0.363
-5.925;107.025;20/11/2020;16:00:00;-0.446
-5.925;107.025;20/11/2020;17:00:00;-0.489
-5.925;107.025;20/11/2020;18:00:00;-0.488
-5.925;107.025;20/11/2020;19:00:00;-0.444
-5.925;107.025;20/11/2020;20:00:00;-0.366
-5.925;107.025;20/11/2020;21:00:00;-0.263
-5.925;107.025;20/11/2020;22:00:00;-0.149
-5.925;107.025;20/11/2020;23:00:00;-0.037
-5.925;107.025;21/11/2020;00:00:00;0.063
-5.925;107.025;21/11/2020;01:00:00;0.146
-5.925;107.025;21/11/2020;02:00:00;0.21
-5.925;107.025;21/11/2020;03:00:00;0.256
-5.925;107.025;21/11/2020;04:00:00;0.287
-5.925;107.025;21/11/2020;05:00:00;0.309
-5.925;107.025;21/11/2020;06:00:00;0.323
-5.925;107.025;21/11/2020;07:00:00;0.329
-5.925;107.025;21/11/2020;08:00:00;0.323
-5.925;107.025;21/11/2020;09:00:00;0.3
-5.925;107.025;21/11/2020;10:00:00;0.256
-5.925;107.025;21/11/2020;11:00:00;0.188
-5.925;107.025;21/11/2020;12:00:00;0.096
-5.925;107.025;21/11/2020;13:00:00;-0.015
-5.925;107.025;21/11/2020;14:00:00;-0.134
-5.925;107.025;21/11/2020;15:00:00;-0.248
-5.925;107.025;21/11/2020;16:00:00;-0.343
-5.925;107.025;21/11/2020;17:00:00;-0.406
-5.925;107.025;21/11/2020;18:00:00;-0.429
-5.925;107.025;21/11/2020;19:00:00;-0.409
-5.925;107.025;21/11/2020;20:00:00;-0.349
-5.925;107.025;21/11/2020;21:00:00;-0.26
-5.925;107.025;21/11/2020;22:00:00;-0.154
-5.925;107.025;21/11/2020;23:00:00;-0.047
-5.925;107.025;22/11/2020;00:00:00;0.048
-5.925;107.025;22/11/2020;01:00:00;0.124
-5.925;107.025;22/11/2020;02:00:00;0.177
-5.925;107.025;22/11/2020;03:00:00;0.207
-5.925;107.025;22/11/2020;04:00:00;0.221
-5.925;107.025;22/11/2020;05:00:00;0.225
-5.925;107.025;22/11/2020;06:00:00;0.226
-5.925;107.025;22/11/2020;07:00:00;0.227
-5.925;107.025;22/11/2020;08:00:00;0.227
-5.925;107.025;22/11/2020;09:00:00;0.222
-5.925;107.025;22/11/2020;10:00:00;0.206
-5.925;107.025;22/11/2020;11:00:00;0.173
-5.925;107.025;22/11/2020;12:00:00;0.117
-5.925;107.025;22/11/2020;13:00:00;0.04
-5.925;107.025;22/11/2020;14:00:00;-0.054
-5.925;107.025;22/11/2020;15:00:00;-0.154
-5.925;107.025;22/11/2020;16:00:00;-0.245
-5.925;107.025;22/11/2020;17:00:00;-0.316
-5.925;107.025;22/11/2020;18:00:00;-0.352
-5.925;107.025;22/11/2020;19:00:00;-0.35
-5.925;107.025;22/11/2020;20:00:00;-0.307
-5.925;107.025;22/11/2020;21:00:00;-0.232
-5.925;107.025;22/11/2020;22:00:00;-0.136
-5.925;107.025;22/11/2020;23:00:00;-0.034
-5.925;107.025;23/11/2020;00:00:00;0.058
-5.925;107.025;23/11/2020;01:00:00;0.129
-5.925;107.025;23/11/2020;02:00:00;0.173
-5.925;107.025;23/11/2020;03:00:00;0.191
-5.925;107.025;23/11/2020;04:00:00;0.187
-5.925;107.025;23/11/2020;05:00:00;0.171
-5.925;107.025;23/11/2020;06:00:00;0.151
-5.925;107.025;23/11/2020;07:00:00;0.136
-5.925;107.025;23/11/2020;08:00:00;0.127
-5.925;107.025;23/11/2020;09:00:00;0.124
-5.925;107.025;23/11/2020;10:00:00;0.122
-5.925;107.025;23/11/2020;11:00:00;0.112
-5.925;107.025;23/11/2020;12:00:00;0.087
-5.925;107.025;23/11/2020;13:00:00;0.043
-5.925;107.025;23/11/2020;14:00:00;-0.02
-5.925;107.025;23/11/2020;15:00:00;-0.094
-5.925;107.025;23/11/2020;16:00:00;-0.17
-5.925;107.025;23/11/2020;17:00:00;-0.234
-5.925;107.025;23/11/2020;18:00:00;-0.274
-5.925;107.025;23/11/2020;19:00:00;-0.281
-5.925;107.025;23/11/2020;20:00:00;-0.25
-5.925;107.025;23/11/2020;21:00:00;-0.187
-5.925;107.025;23/11/2020;22:00:00;-0.1
-5.925;107.025;23/11/2020;23:00:00;-0.005
-5.925;107.025;24/11/2020;00:00:00;0.084
-5.925;107.025;24/11/2020;01:00:00;0.153
-5.925;107.025;24/11/2020;02:00:00;0.193
-5.925;107.025;24/11/2020;03:00:00;0.202
-5.925;107.025;24/11/2020;04:00:00;0.184
-5.925;107.025;24/11/2020;05:00:00;0.148
-5.925;107.025;24/11/2020;06:00:00;0.106
-5.925;107.025;24/11/2020;07:00:00;0.068
-5.925;107.025;24/11/2020;08:00:00;0.041
-5.925;107.025;24/11/2020;09:00:00;0.028
-5.925;107.025;24/11/2020;10:00:00;0.025
-5.925;107.025;24/11/2020;11:00:00;0.025
-5.925;107.025;24/11/2020;12:00:00;0.021
-5.925;107.025;24/11/2020;13:00:00;0.005
-5.925;107.025;24/11/2020;14:00:00;-0.027
-5.925;107.025;24/11/2020;15:00:00;-0.073
-5.925;107.025;24/11/2020;16:00:00;-0.125
-5.925;107.025;24/11/2020;17:00:00;-0.174
-5.925;107.025;24/11/2020;18:00:00;-0.206
-5.925;107.025;24/11/2020;19:00:00;-0.213
-5.925;107.025;24/11/2020;20:00:00;-0.188
-5.925;107.025;24/11/2020;21:00:00;-0.133
-5.925;107.025;24/11/2020;22:00:00;-0.055
-5.925;107.025;24/11/2020;23:00:00;0.035
-5.925;107.025;25/11/2020;00:00:00;0.121
-5.925;107.025;25/11/2020;01:00:00;0.188
-5.925;107.025;25/11/2020;02:00:00;0.225
-5.925;107.025;25/11/2020;03:00:00;0.23
-5.925;107.025;25/11/2020;04:00:00;0.202
-5.925;107.025;25/11/2020;05:00:00;0.151
-5.925;107.025;25/11/2020;06:00:00;0.089
-5.925;107.025;25/11/2020;07:00:00;0.028
-5.925;107.025;25/11/2020;08:00:00;-0.022
-5.925;107.025;25/11/2020;09:00:00;-0.054
-5.925;107.025;25/11/2020;10:00:00;-0.068
-5.925;107.025;25/11/2020;11:00:00;-0.069
-5.925;107.025;25/11/2020;12:00:00;-0.064
-5.925;107.025;25/11/2020;13:00:00;-0.061
-5.925;107.025;25/11/2020;14:00:00;-0.067
-5.925;107.025;25/11/2020;15:00:00;-0.085
-5.925;107.025;25/11/2020;16:00:00;-0.11
-5.925;107.025;25/11/2020;17:00:00;-0.137
-5.925;107.025;25/11/2020;18:00:00;-0.155
-5.925;107.025;25/11/2020;19:00:00;-0.154
-5.925;107.025;25/11/2020;20:00:00;-0.129
-5.925;107.025;25/11/2020;21:00:00;-0.077
-5.925;107.025;25/11/2020;22:00:00;-0.004
-5.925;107.025;25/11/2020;23:00:00;0.08
-5.925;107.025;26/11/2020;00:00:00;0.163
-5.925;107.025;26/11/2020;01:00:00;0.228
-5.925;107.025;26/11/2020;02:00:00;0.266
-5.925;107.025;26/11/2020;03:00:00;0.268
-5.925;107.025;26/11/2020;04:00:00;0.235
-5.925;107.025;26/11/2020;05:00:00;0.173
-5.925;107.025;26/11/2020;06:00:00;0.094
-5.925;107.025;26/11/2020;07:00:00;0.012
-5.925;107.025;26/11/2020;08:00:00;-0.062
-5.925;107.025;26/11/2020;09:00:00;-0.116
-5.925;107.025;26/11/2020;10:00:00;-0.148
-5.925;107.025;26/11/2020;11:00:00;-0.159
-5.925;107.025;26/11/2020;12:00:00;-0.154
-5.925;107.025;26/11/2020;13:00:00;-0.141
-5.925;107.025;26/11/2020;14:00:00;-0.129
-5.925;107.025;26/11/2020;15:00:00;-0.123
-5.925;107.025;26/11/2020;16:00:00;-0.122
-5.925;107.025;26/11/2020;17:00:00;-0.125
-5.925;107.025;26/11/2020;18:00:00;-0.123
-5.925;107.025;26/11/2020;19:00:00;-0.11
-5.925;107.025;26/11/2020;20:00:00;-0.078
-5.925;107.025;26/11/2020;21:00:00;-0.026
-5.925;107.025;26/11/2020;22:00:00;0.045
-5.925;107.025;26/11/2020;23:00:00;0.127
-5.925;107.025;27/11/2020;00:00:00;0.206
-5.925;107.025;27/11/2020;01:00:00;0.271
-5.925;107.025;27/11/2020;02:00:00;0.309
-5.925;107.025;27/11/2020;03:00:00;0.311
-5.925;107.025;27/11/2020;04:00:00;0.277
-5.925;107.025;27/11/2020;05:00:00;0.209
-5.925;107.025;27/11/2020;06:00:00;0.118
-5.925;107.025;27/11/2020;07:00:00;0.018
-5.925;107.025;27/11/2020;08:00:00;-0.077
-5.925;107.025;27/11/2020;09:00:00;-0.155
-5.925;107.025;27/11/2020;10:00:00;-0.209
-5.925;107.025;27/11/2020;11:00:00;-0.236
-5.925;107.025;27/11/2020;12:00:00;-0.24
-5.925;107.025;27/11/2020;13:00:00;-0.227
-5.925;107.025;27/11/2020;14:00:00;-0.205
-5.925;107.025;27/11/2020;15:00:00;-0.18
-5.925;107.025;27/11/2020;16:00:00;-0.158
-5.925;107.025;27/11/2020;17:00:00;-0.137
-5.925;107.025;27/11/2020;18:00:00;-0.114
-5.925;107.025;27/11/2020;19:00:00;-0.084
-5.925;107.025;27/11/2020;20:00:00;-0.042
-5.925;107.025;27/11/2020;21:00:00;0.016
-5.925;107.025;27/11/2020;22:00:00;0.087
-5.925;107.025;27/11/2020;23:00:00;0.168
-5.925;107.025;28/11/2020;00:00:00;0.247
-5.925;107.025;28/11/2020;01:00:00;0.312
-5.925;107.025;28/11/2020;02:00:00;0.352
-5.925;107.025;28/11/2020;03:00:00;0.358
-5.925;107.025;28/11/2020;04:00:00;0.325
-5.925;107.025;28/11/2020;05:00:00;0.256
-5.925;107.025;28/11/2020;06:00:00;0.159
-5.925;107.025;28/11/2020;07:00:00;0.047
-5.925;107.025;28/11/2020;08:00:00;-0.066
-5.925;107.025;28/11/2020;09:00:00;-0.167
-5.925;107.025;28/11/2020;10:00:00;-0.244
-5.925;107.025;28/11/2020;11:00:00;-0.293
-5.925;107.025;28/11/2020;12:00:00;-0.313
-5.925;107.025;28/11/2020;13:00:00;-0.308
-5.925;107.025;28/11/2020;14:00:00;-0.285
-5.925;107.025;28/11/2020;15:00:00;-0.251
-5.925;107.025;28/11/2020;16:00:00;-0.212
-5.925;107.025;28/11/2020;17:00:00;-0.171
-5.925;107.025;28/11/2020;18:00:00;-0.129
-5.925;107.025;28/11/2020;19:00:00;-0.081
-5.925;107.025;28/11/2020;20:00:00;-0.026
-5.925;107.025;28/11/2020;21:00:00;0.04
-5.925;107.025;28/11/2020;22:00:00;0.116
-5.925;107.025;28/11/2020;23:00:00;0.198
-5.925;107.025;29/11/2020;00:00:00;0.278
-5.925;107.025;29/11/2020;01:00:00;0.346
-5.925;107.025;29/11/2020;02:00:00;0.39
-5.925;107.025;29/11/2020;03:00:00;0.401
-5.925;107.025;29/11/2020;04:00:00;0.375
-5.925;107.025;29/11/2020;05:00:00;0.311
-5.925;107.025;29/11/2020;06:00:00;0.214
-5.925;107.025;29/11/2020;07:00:00;0.096
-5.925;107.025;29/11/2020;08:00:00;-0.029
-5.925;107.025;29/11/2020;09:00:00;-0.148
-5.925;107.025;29/11/2020;10:00:00;-0.249
-5.925;107.025;29/11/2020;11:00:00;-0.322
-5.925;107.025;29/11/2020;12:00:00;-0.363
-5.925;107.025;29/11/2020;13:00:00;-0.374
-5.925;107.025;29/11/2020;14:00:00;-0.36
-5.925;107.025;29/11/2020;15:00:00;-0.326
-5.925;107.025;29/11/2020;16:00:00;-0.279
-5.925;107.025;29/11/2020;17:00:00;-0.225
-5.925;107.025;29/11/2020;18:00:00;-0.166
-5.925;107.025;29/11/2020;19:00:00;-0.102
-5.925;107.025;29/11/2020;20:00:00;-0.032
-5.925;107.025;29/11/2020;21:00:00;0.044
-5.925;107.025;29/11/2020;22:00:00;0.126
-5.925;107.025;29/11/2020;23:00:00;0.212
-5.925;107.025;30/11/2020;00:00:00;0.294
-5.925;107.025;30/11/2020;01:00:00;0.365
-5.925;107.025;30/11/2020;02:00:00;0.416
-5.925;107.025;30/11/2020;03:00:00;0.436
-5.925;107.025;30/11/2020;04:00:00;0.42
-5.925;107.025;30/11/2020;05:00:00;0.366
-5.925;107.025;30/11/2020;06:00:00;0.277
-5.925;107.025;30/11/2020;07:00:00;0.162
-5.925;107.025;30/11/2020;08:00:00;0.032
-5.925;107.025;30/11/2020;09:00:00;-0.1
-5.925;107.025;30/11/2020;10:00:00;-0.22
-5.925;107.025;30/11/2020;11:00:00;-0.316
-5.925;107.025;30/11/2020;12:00:00;-0.383
-5.925;107.025;30/11/2020;13:00:00;-0.417
-5.925;107.025;30/11/2020;14:00:00;-0.419
-5.925;107.025;30/11/2020;15:00:00;-0.395
-5.925;107.025;30/11/2020;16:00:00;-0.351
-5.925;107.025;30/11/2020;17:00:00;-0.291
-5.925;107.025;30/11/2020;18:00:00;-0.221
-5.925;107.025;30/11/2020;19:00:00;-0.144
-5.925;107.025;30/11/2020;20:00:00;-0.062
-5.925;107.025;30/11/2020;21:00:00;0.025
-5.925;107.025;30/11/2020;22:00:00;0.115
-5.925;107.025;30/11/2020;23:00:00;0.206
-5.925;107.025;01/12/2020;00:00:00;0.292
-5.925;107.025;01/12/2020;01:00:00;0.368
-5.925;107.025;01/12/2020;02:00:00;0.425
-5.925;107.025;01/12/2020;03:00:00;0.455
-5.925;107.025;01/12/2020;04:00:00;0.452
-5.925;107.025;01/12/2020;05:00:00;0.413
-5.925;107.025;01/12/2020;06:00:00;0.338
-5.925;107.025;01/12/2020;07:00:00;0.233
-5.925;107.025;01/12/2020;08:00:00;0.107
-5.925;107.025;01/12/2020;09:00:00;-0.028
-5.925;107.025;01/12/2020;10:00:00;-0.16
-5.925;107.025;01/12/2020;11:00:00;-0.276
-5.925;107.025;01/12/2020;12:00:00;-0.367
-5.925;107.025;01/12/2020;13:00:00;-0.427
-5.925;107.025;01/12/2020;14:00:00;-0.454
-5.925;107.025;01/12/2020;15:00:00;-0.449
-5.925;107.025;01/12/2020;16:00:00;-0.415
-5.925;107.025;01/12/2020;17:00:00;-0.359
-5.925;107.025;01/12/2020;18:00:00;-0.286
-5.925;107.025;01/12/2020;19:00:00;-0.201
-5.925;107.025;01/12/2020;20:00:00;-0.109
-5.925;107.025;01/12/2020;21:00:00;-0.012
-5.925;107.025;01/12/2020;22:00:00;0.086
-5.925;107.025;01/12/2020;23:00:00;0.183
-5.925;107.025;02/12/2020;00:00:00;0.273
-5.925;107.025;02/12/2020;01:00:00;0.353
-5.925;107.025;02/12/2020;02:00:00;0.416
-5.925;107.025;02/12/2020;03:00:00;0.456
-5.925;107.025;02/12/2020;04:00:00;0.466
-5.925;107.025;02/12/2020;05:00:00;0.444
-5.925;107.025;02/12/2020;06:00:00;0.387
-5.925;107.025;02/12/2020;07:00:00;0.299
-5.925;107.025;02/12/2020;08:00:00;0.185
-5.925;107.025;02/12/2020;09:00:00;0.055
-5.925;107.025;02/12/2020;10:00:00;-0.08
-5.925;107.025;02/12/2020;11:00:00;-0.209
-5.925;107.025;02/12/2020;12:00:00;-0.32
-5.925;107.025;02/12/2020;13:00:00;-0.405
-5.925;107.025;02/12/2020;14:00:00;-0.458
-5.925;107.025;02/12/2020;15:00:00;-0.477
-5.925;107.025;02/12/2020;16:00:00;-0.463
-5.925;107.025;02/12/2020;17:00:00;-0.419
-5.925;107.025;02/12/2020;18:00:00;-0.351
-5.925;107.025;02/12/2020;19:00:00;-0.265
-5.925;107.025;02/12/2020;20:00:00;-0.167
-5.925;107.025;02/12/2020;21:00:00;-0.062
-5.925;107.025;02/12/2020;22:00:00;0.043
-5.925;107.025;02/12/2020;23:00:00;0.146
-5.925;107.025;03/12/2020;00:00:00;0.242
-5.925;107.025;03/12/2020;01:00:00;0.326
-5.925;107.025;03/12/2020;02:00:00;0.394
-5.925;107.025;03/12/2020;03:00:00;0.441
-5.925;107.025;03/12/2020;04:00:00;0.462
-5.925;107.025;03/12/2020;05:00:00;0.455
-5.925;107.025;03/12/2020;06:00:00;0.416
-5.925;107.025;03/12/2020;07:00:00;0.348
-5.925;107.025;03/12/2020;08:00:00;0.252
-5.925;107.025;03/12/2020;09:00:00;0.135
-5.925;107.025;03/12/2020;10:00:00;0.005
-5.925;107.025;03/12/2020;11:00:00;-0.127
-5.925;107.025;03/12/2020;12:00:00;-0.25
-5.925;107.025;03/12/2020;13:00:00;-0.355
-5.925;107.025;03/12/2020;14:00:00;-0.432
-5.925;107.025;03/12/2020;15:00:00;-0.477
-5.925;107.025;03/12/2020;16:00:00;-0.486
-5.925;107.025;03/12/2020;17:00:00;-0.461
-5.925;107.025;03/12/2020;18:00:00;-0.405
-5.925;107.025;03/12/2020;19:00:00;-0.325
-5.925;107.025;03/12/2020;20:00:00;-0.226
-5.925;107.025;03/12/2020;21:00:00;-0.117
-5.925;107.025;03/12/2020;22:00:00;-0.006
-5.925;107.025;03/12/2020;23:00:00;0.103
-5.925;107.025;04/12/2020;00:00:00;0.203
-5.925;107.025;04/12/2020;01:00:00;0.29
-5.925;107.025;04/12/2020;02:00:00;0.361
-5.925;107.025;04/12/2020;03:00:00;0.412
-5.925;107.025;04/12/2020;04:00:00;0.441
-5.925;107.025;04/12/2020;05:00:00;0.446
-5.925;107.025;04/12/2020;06:00:00;0.423
-5.925;107.025;04/12/2020;07:00:00;0.374
-5.925;107.025;04/12/2020;08:00:00;0.298
-5.925;107.025;04/12/2020;09:00:00;0.199
-5.925;107.025;04/12/2020;10:00:00;0.082
-5.925;107.025;04/12/2020;11:00:00;-0.044
-5.925;107.025;04/12/2020;12:00:00;-0.17
-5.925;107.025;04/12/2020;13:00:00;-0.286
-5.925;107.025;04/12/2020;14:00:00;-0.382
-5.925;107.025;04/12/2020;15:00:00;-0.45
-5.925;107.025;04/12/2020;16:00:00;-0.483
-5.925;107.025;04/12/2020;17:00:00;-0.479
-5.925;107.025;04/12/2020;18:00:00;-0.44
-5.925;107.025;04/12/2020;19:00:00;-0.37
-5.925;107.025;04/12/2020;20:00:00;-0.277
-5.925;107.025;04/12/2020;21:00:00;-0.168
-5.925;107.025;04/12/2020;22:00:00;-0.054
-5.925;107.025;04/12/2020;23:00:00;0.059
-5.925;107.025;05/12/2020;00:00:00;0.162
-5.925;107.025;05/12/2020;01:00:00;0.252
-5.925;107.025;05/12/2020;02:00:00;0.323
-5.925;107.025;05/12/2020;03:00:00;0.376
-5.925;107.025;05/12/2020;04:00:00;0.408
-5.925;107.025;05/12/2020;05:00:00;0.419
-5.925;107.025;05/12/2020;06:00:00;0.407
-5.925;107.025;05/12/2020;07:00:00;0.373
-5.925;107.025;05/12/2020;08:00:00;0.316
-5.925;107.025;05/12/2020;09:00:00;0.237
-5.925;107.025;05/12/2020;10:00:00;0.139
-5.925;107.025;05/12/2020;11:00:00;0.026
-5.925;107.025;05/12/2020;12:00:00;-0.093
-5.925;107.025;05/12/2020;13:00:00;-0.211
-5.925;107.025;05/12/2020;14:00:00;-0.317
-5.925;107.025;05/12/2020;15:00:00;-0.4
-5.925;107.025;05/12/2020;16:00:00;-0.453
-5.925;107.025;05/12/2020;17:00:00;-0.47
-5.925;107.025;05/12/2020;18:00:00;-0.449
-5.925;107.025;05/12/2020;19:00:00;-0.394
-5.925;107.025;05/12/2020;20:00:00;-0.31
-5.925;107.025;05/12/2020;21:00:00;-0.206
-5.925;107.025;05/12/2020;22:00:00;-0.092
-5.925;107.025;05/12/2020;23:00:00;0.021
-5.925;107.025;06/12/2020;00:00:00;0.126
-5.925;107.025;06/12/2020;01:00:00;0.215
-5.925;107.025;06/12/2020;02:00:00;0.285
-5.925;107.025;06/12/2020;03:00:00;0.335
-5.925;107.025;06/12/2020;04:00:00;0.365
-5.925;107.025;06/12/2020;05:00:00;0.376
-5.925;107.025;06/12/2020;06:00:00;0.37
-5.925;107.025;06/12/2020;07:00:00;0.346
-5.925;107.025;06/12/2020;08:00:00;0.304
-5.925;107.025;06/12/2020;09:00:00;0.244
-5.925;107.025;06/12/2020;10:00:00;0.167
-5.925;107.025;06/12/2020;11:00:00;0.073
-5.925;107.025;06/12/2020;12:00:00;-0.032
-5.925;107.025;06/12/2020;13:00:00;-0.141
-5.925;107.025;06/12/2020;14:00:00;-0.245
-5.925;107.025;06/12/2020;15:00:00;-0.335
-5.925;107.025;06/12/2020;16:00:00;-0.4
-5.925;107.025;06/12/2020;17:00:00;-0.433
-5.925;107.025;06/12/2020;18:00:00;-0.429
-5.925;107.025;06/12/2020;19:00:00;-0.389
-5.925;107.025;06/12/2020;20:00:00;-0.316
-5.925;107.025;06/12/2020;21:00:00;-0.22
-5.925;107.025;06/12/2020;22:00:00;-0.111
-5.925;107.025;06/12/2020;23:00:00;-0.001
-5.925;107.025;07/12/2020;00:00:00;0.101
-5.925;107.025;07/12/2020;01:00:00;0.186
-5.925;107.025;07/12/2020;02:00:00;0.251
-5.925;107.025;07/12/2020;03:00:00;0.293
-5.925;107.025;07/12/2020;04:00:00;0.316
-5.925;107.025;07/12/2020;05:00:00;0.321
-5.925;107.025;07/12/2020;06:00:00;0.312
-5.925;107.025;07/12/2020;07:00:00;0.291
-5.925;107.025;07/12/2020;08:00:00;0.259
-5.925;107.025;07/12/2020;09:00:00;0.215
-5.925;107.025;07/12/2020;10:00:00;0.158
-5.925;107.025;07/12/2020;11:00:00;0.087
-5.925;107.025;07/12/2020;12:00:00;0.004
-5.925;107.025;07/12/2020;13:00:00;-0.087
-5.925;107.025;07/12/2020;14:00:00;-0.18
-5.925;107.025;07/12/2020;15:00:00;-0.265
-5.925;107.025;07/12/2020;16:00:00;-0.332
-5.925;107.025;07/12/2020;17:00:00;-0.373
-5.925;107.025;07/12/2020;18:00:00;-0.381
-5.925;107.025;07/12/2020;19:00:00;-0.353
-5.925;107.025;07/12/2020;20:00:00;-0.292
-5.925;107.025;07/12/2020;21:00:00;-0.205
-5.925;107.025;07/12/2020;22:00:00;-0.104
-5.925;107.025;07/12/2020;23:00:00;0.001
-5.925;107.025;08/12/2020;00:00:00;0.097
-5.925;107.025;08/12/2020;01:00:00;0.174
-5.925;107.025;08/12/2020;02:00:00;0.229
-5.925;107.025;08/12/2020;03:00:00;0.259
-5.925;107.025;08/12/2020;04:00:00;0.268
-5.925;107.025;08/12/2020;05:00:00;0.259
-5.925;107.025;08/12/2020;06:00:00;0.24
-5.925;107.025;08/12/2020;07:00:00;0.213
-5.925;107.025;08/12/2020;08:00:00;0.183
-5.925;107.025;08/12/2020;09:00:00;0.149
-5.925;107.025;08/12/2020;10:00:00;0.109
-5.925;107.025;08/12/2020;11:00:00;0.061
-5.925;107.025;08/12/2020;12:00:00;0.004
-5.925;107.025;08/12/2020;13:00:00;-0.062
-5.925;107.025;08/12/2020;14:00:00;-0.133
-5.925;107.025;08/12/2020;15:00:00;-0.202
-5.925;107.025;08/12/2020;16:00:00;-0.261
-5.925;107.025;08/12/2020;17:00:00;-0.299
-5.925;107.025;08/12/2020;18:00:00;-0.31
-5.925;107.025;08/12/2020;19:00:00;-0.289
-5.925;107.025;08/12/2020;20:00:00;-0.237
-5.925;107.025;08/12/2020;21:00:00;-0.159
-5.925;107.025;08/12/2020;22:00:00;-0.065
-5.925;107.025;08/12/2020;23:00:00;0.033
-5.925;107.025;09/12/2020;00:00:00;0.121
-5.925;107.025;09/12/2020;01:00:00;0.189
-5.925;107.025;09/12/2020;02:00:00;0.231
-5.925;107.025;09/12/2020;03:00:00;0.245
-5.925;107.025;09/12/2020;04:00:00;0.234
-5.925;107.025;09/12/2020;05:00:00;0.204
-5.925;107.025;09/12/2020;06:00:00;0.164
-5.925;107.025;09/12/2020;07:00:00;0.122
-5.925;107.025;09/12/2020;08:00:00;0.083
-5.925;107.025;09/12/2020;09:00:00;0.049
-5.925;107.025;09/12/2020;10:00:00;0.019
-5.925;107.025;09/12/2020;11:00:00;-0.009
-5.925;107.025;09/12/2020;12:00:00;-0.04
-5.925;107.025;09/12/2020;13:00:00;-0.077
-5.925;107.025;09/12/2020;14:00:00;-0.119
-5.925;107.025;09/12/2020;15:00:00;-0.162
-5.925;107.025;09/12/2020;16:00:00;-0.201
-5.925;107.025;09/12/2020;17:00:00;-0.227
-5.925;107.025;09/12/2020;18:00:00;-0.232
-5.925;107.025;09/12/2020;19:00:00;-0.211
-5.925;107.025;09/12/2020;20:00:00;-0.161
-5.925;107.025;09/12/2020;21:00:00;-0.088
-5.925;107.025;09/12/2020;22:00:00;0.001
-5.925;107.025;09/12/2020;23:00:00;0.094
-5.925;107.025;10/12/2020;00:00:00;0.176
-5.925;107.025;10/12/2020;01:00:00;0.236
-5.925;107.025;10/12/2020;02:00:00;0.266
-5.925;107.025;10/12/2020;03:00:00;0.263
-5.925;107.025;10/12/2020;04:00:00;0.229
-5.925;107.025;10/12/2020;05:00:00;0.173
-5.925;107.025;10/12/2020;06:00:00;0.105
-5.925;107.025;10/12/2020;07:00:00;0.037
-5.925;107.025;10/12/2020;08:00:00;-0.024
-5.925;107.025;10/12/2020;09:00:00;-0.07
-5.925;107.025;10/12/2020;10:00:00;-0.101
-5.925;107.025;10/12/2020;11:00:00;-0.119
-5.925;107.025;10/12/2020;12:00:00;-0.129
-5.925;107.025;10/12/2020;13:00:00;-0.138
-5.925;107.025;10/12/2020;14:00:00;-0.148
-5.925;107.025;10/12/2020;15:00:00;-0.16
-5.925;107.025;10/12/2020;16:00:00;-0.171
-5.925;107.025;10/12/2020;17:00:00;-0.175
-5.925;107.025;10/12/2020;18:00:00;-0.165
-5.925;107.025;10/12/2020;19:00:00;-0.135
-5.925;107.025;10/12/2020;20:00:00;-0.082
-5.925;107.025;10/12/2020;21:00:00;-0.007
-5.925;107.025;10/12/2020;22:00:00;0.082
-5.925;107.025;10/12/2020;23:00:00;0.173
-5.925;107.025;11/12/2020;00:00:00;0.254
-5.925;107.025;11/12/2020;01:00:00;0.311
-5.925;107.025;11/12/2020;02:00:00;0.335
-5.925;107.025;11/12/2020;03:00:00;0.319
-5.925;107.025;11/12/2020;04:00:00;0.266
-5.925;107.025;11/12/2020;05:00:00;0.184
-5.925;107.025;11/12/2020;06:00:00;0.085
-5.925;107.025;11/12/2020;07:00:00;-0.018
-5.925;107.025;11/12/2020;08:00:00;-0.109
-5.925;107.025;11/12/2020;09:00:00;-0.181
-5.925;107.025;11/12/2020;10:00:00;-0.228
-5.925;107.025;11/12/2020;11:00:00;-0.25
-5.925;107.025;11/12/2020;12:00:00;-0.251
-5.925;107.025;11/12/2020;13:00:00;-0.24
-5.925;107.025;11/12/2020;14:00:00;-0.222
-5.925;107.025;11/12/2020;15:00:00;-0.202
-5.925;107.025;11/12/2020;16:00:00;-0.182
-5.925;107.025;11/12/2020;17:00:00;-0.159
-5.925;107.025;11/12/2020;18:00:00;-0.127
-5.925;107.025;11/12/2020;19:00:00;-0.082
-5.925;107.025;11/12/2020;20:00:00;-0.019
-5.925;107.025;11/12/2020;21:00:00;0.062
-5.925;107.025;11/12/2020;22:00:00;0.155
-5.925;107.025;11/12/2020;23:00:00;0.251
-5.925;107.025;12/12/2020;00:00:00;0.337
-5.925;107.025;12/12/2020;01:00:00;0.399
-5.925;107.025;12/12/2020;02:00:00;0.424
-5.925;107.025;12/12/2020;03:00:00;0.406
-5.925;107.025;12/12/2020;04:00:00;0.344
-5.925;107.025;12/12/2020;05:00:00;0.244
-5.925;107.025;12/12/2020;06:00:00;0.118
-5.925;107.025;12/12/2020;07:00:00;-0.018
-5.925;107.025;12/12/2020;08:00:00;-0.147
-5.925;107.025;12/12/2020;09:00:00;-0.254
-5.925;107.025;12/12/2020;10:00:00;-0.331
-5.925;107.025;12/12/2020;11:00:00;-0.373
-5.925;107.025;12/12/2020;12:00:00;-0.382
-5.925;107.025;12/12/2020;13:00:00;-0.365
-5.925;107.025;12/12/2020;14:00:00;-0.331
-5.925;107.025;12/12/2020;15:00:00;-0.287
-5.925;107.025;12/12/2020;16:00:00;-0.238
-5.925;107.025;12/12/2020;17:00:00;-0.187
-5.925;107.025;12/12/2020;18:00:00;-0.131
-5.925;107.025;12/12/2020;19:00:00;-0.066
-5.925;107.025;12/12/2020;20:00:00;0.01
-5.925;107.025;12/12/2020;21:00:00;0.1
-5.925;107.025;12/12/2020;22:00:00;0.201
-5.925;107.025;12/12/2020;23:00:00;0.305
-5.925;107.025;13/12/2020;00:00:00;0.401
-5.925;107.025;13/12/2020;01:00:00;0.475
-5.925;107.025;13/12/2020;02:00:00;0.512
-5.925;107.025;13/12/2020;03:00:00;0.504
-5.925;107.025;13/12/2020;04:00:00;0.447
-5.925;107.025;13/12/2020;05:00:00;0.343
-5.925;107.025;13/12/2020;06:00:00;0.203
-5.925;107.025;13/12/2020;07:00:00;0.043
-5.925;107.025;13/12/2020;08:00:00;-0.119
-5.925;107.025;13/12/2020;09:00:00;-0.265
-5.925;107.025;13/12/2020;10:00:00;-0.38
-5.925;107.025;13/12/2020;11:00:00;-0.455
-5.925;107.025;13/12/2020;12:00:00;-0.488
-5.925;107.025;13/12/2020;13:00:00;-0.484
-5.925;107.025;13/12/2020;14:00:00;-0.45
-5.925;107.025;13/12/2020;15:00:00;-0.395
-5.925;107.025;13/12/2020;16:00:00;-0.327
-5.925;107.025;13/12/2020;17:00:00;-0.254
-5.925;107.025;13/12/2020;18:00:00;-0.176
-5.925;107.025;13/12/2020;19:00:00;-0.093
-5.925;107.025;13/12/2020;20:00:00;-0.003
-5.925;107.025;13/12/2020;21:00:00;0.098
-5.925;107.025;13/12/2020;22:00:00;0.206
-5.925;107.025;13/12/2020;23:00:00;0.319
-5.925;107.025;14/12/2020;00:00:00;0.426
-5.925;107.025;14/12/2020;01:00:00;0.514
-5.925;107.025;14/12/2020;02:00:00;0.571
-5.925;107.025;14/12/2020;03:00:00;0.584
-5.925;107.025;14/12/2020;04:00:00;0.546
-5.925;107.025;14/12/2020;05:00:00;0.456
-5.925;107.025;14/12/2020;06:00:00;0.321
-5.925;107.025;14/12/2020;07:00:00;0.153
-5.925;107.025;14/12/2020;08:00:00;-0.028
-5.925;107.025;14/12/2020;09:00:00;-0.204
-5.925;107.025;14/12/2020;10:00:00;-0.357
-5.925;107.025;14/12/2020;11:00:00;-0.471
-5.925;107.025;14/12/2020;12:00:00;-0.541
-5.925;107.025;14/12/2020;13:00:00;-0.565
-5.925;107.025;14/12/2020;14:00:00;-0.548
-5.925;107.025;14/12/2020;15:00:00;-0.499
-5.925;107.025;14/12/2020;16:00:00;-0.428
-5.925;107.025;14/12/2020;17:00:00;-0.343
-5.925;107.025;14/12/2020;18:00:00;-0.251
-5.925;107.025;14/12/2020;19:00:00;-0.154
-5.925;107.025;14/12/2020;20:00:00;-0.052
-5.925;107.025;14/12/2020;21:00:00;0.056
-5.925;107.025;14/12/2020;22:00:00;0.17
-5.925;107.025;14/12/2020;23:00:00;0.288
-5.925;107.025;15/12/2020;00:00:00;0.403
-5.925;107.025;15/12/2020;01:00:00;0.505
-5.925;107.025;15/12/2020;02:00:00;0.581
-5.925;107.025;15/12/2020;03:00:00;0.62
-5.925;107.025;15/12/2020;04:00:00;0.611
-5.925;107.025;15/12/2020;05:00:00;0.549
-5.925;107.025;15/12/2020;06:00:00;0.437
-5.925;107.025;15/12/2020;07:00:00;0.283
-5.925;107.025;15/12/2020;08:00:00;0.101
-5.925;107.025;15/12/2020;09:00:00;-0.088
-5.925;107.025;15/12/2020;10:00:00;-0.266
-5.925;107.025;15/12/2020;11:00:00;-0.415
-5.925;107.025;15/12/2020;12:00:00;-0.523
-5.925;107.025;15/12/2020;13:00:00;-0.584
-5.925;107.025;15/12/2020;14:00:00;-0.599
-5.925;107.025;15/12/2020;15:00:00;-0.571
-5.925;107.025;15/12/2020;16:00:00;-0.512
-5.925;107.025;15/12/2020;17:00:00;-0.429
-5.925;107.025;15/12/2020;18:00:00;-0.333
-5.925;107.025;15/12/2020;19:00:00;-0.23
-5.925;107.025;15/12/2020;20:00:00;-0.121
-5.925;107.025;15/12/2020;21:00:00;-0.009
-5.925;107.025;15/12/2020;22:00:00;0.106
-5.925;107.025;15/12/2020;23:00:00;0.224
-5.925;107.025;16/12/2020;00:00:00;0.34
-5.925;107.025;16/12/2020;01:00:00;0.448
-5.925;107.025;16/12/2020;02:00:00;0.538
-5.925;107.025;16/12/2020;03:00:00;0.599
-5.925;107.025;16/12/2020;04:00:00;0.62
-5.925;107.025;16/12/2020;05:00:00;0.593
-5.925;107.025;16/12/2020;06:00:00;0.516
-5.925;107.025;16/12/2020;07:00:00;0.393
-5.925;107.025;16/12/2020;08:00:00;0.233
-5.925;107.025;16/12/2020;09:00:00;0.052
-5.925;107.025;16/12/2020;10:00:00;-0.133
-5.925;107.025;16/12/2020;11:00:00;-0.303
-5.925;107.025;16/12/2020;12:00:00;-0.441
-5.925;107.025;16/12/2020;13:00:00;-0.538
-5.925;107.025;16/12/2020;14:00:00;-0.588
-5.925;107.025;16/12/2020;15:00:00;-0.593
-5.925;107.025;16/12/2020;16:00:00;-0.557
-5.925;107.025;16/12/2020;17:00:00;-0.49
-5.925;107.025;16/12/2020;18:00:00;-0.401
-5.925;107.025;16/12/2020;19:00:00;-0.299
-5.925;107.025;16/12/2020;20:00:00;-0.19
-5.925;107.025;16/12/2020;21:00:00;-0.078
-5.925;107.025;16/12/2020;22:00:00;0.035
-5.925;107.025;16/12/2020;23:00:00;0.148
-5.925;107.025;17/12/2020;00:00:00;0.259
-5.925;107.025;17/12/2020;01:00:00;0.364
-5.925;107.025;17/12/2020;02:00:00;0.456
-5.925;107.025;17/12/2020;03:00:00;0.529
-5.925;107.025;17/12/2020;04:00:00;0.571
-5.925;107.025;17/12/2020;05:00:00;0.576
-5.925;107.025;17/12/2020;06:00:00;0.536
-5.925;107.025;17/12/2020;07:00:00;0.452
-5.925;107.025;17/12/2020;08:00:00;0.328
-5.925;107.025;17/12/2020;09:00:00;0.174
-5.925;107.025;17/12/2020;10:00:00;0.004
-5.925;107.025;17/12/2020;11:00:00;-0.166
-5.925;107.025;17/12/2020;12:00:00;-0.319
-5.925;107.025;17/12/2020;13:00:00;-0.441
-5.925;107.025;17/12/2020;14:00:00;-0.523
-5.925;107.025;17/12/2020;15:00:00;-0.56
-5.925;107.025;17/12/2020;16:00:00;-0.553
-5.925;107.025;17/12/2020;17:00:00;-0.509
-5.925;107.025;17/12/2020;18:00:00;-0.436
-5.925;107.025;17/12/2020;19:00:00;-0.343
-5.925;107.025;17/12/2020;20:00:00;-0.239
-5.925;107.025;17/12/2020;21:00:00;-0.131
-5.925;107.025;17/12/2020;22:00:00;-0.023
-5.925;107.025;17/12/2020;23:00:00;0.082
-5.925;107.025;18/12/2020;00:00:00;0.182
-5.925;107.025;18/12/2020;01:00:00;0.276
-5.925;107.025;18/12/2020;02:00:00;0.361
-5.925;107.025;18/12/2020;03:00:00;0.431
-5.925;107.025;18/12/2020;04:00:00;0.482
-5.925;107.025;18/12/2020;05:00:00;0.505
-5.925;107.025;18/12/2020;06:00:00;0.495
-5.925;107.025;18/12/2020;07:00:00;0.448
-5.925;107.025;18/12/2020;08:00:00;0.364
-5.925;107.025;18/12/2020;09:00:00;0.247
-5.925;107.025;18/12/2020;10:00:00;0.107
-5.925;107.025;18/12/2020;11:00:00;-0.044
-5.925;107.025;18/12/2020;12:00:00;-0.192
-5.925;107.025;18/12/2020;13:00:00;-0.322
-5.925;107.025;18/12/2020;14:00:00;-0.422
-5.925;107.025;18/12/2020;15:00:00;-0.485
-5.925;107.025;18/12/2020;16:00:00;-0.506
-5.925;107.025;18/12/2020;17:00:00;-0.487
-5.925;107.025;18/12/2020;18:00:00;-0.433
-5.925;107.025;18/12/2020;19:00:00;-0.354
-5.925;107.025;18/12/2020;20:00:00;-0.259
-5.925;107.025;18/12/2020;21:00:00;-0.156
-5.925;107.025;18/12/2020;22:00:00;-0.054
-5.925;107.025;18/12/2020;23:00:00;0.043
-5.925;107.025;19/12/2020;00:00:00;0.131
-5.925;107.025;19/12/2020;01:00:00;0.21
-5.925;107.025;19/12/2020;02:00:00;0.279
-5.925;107.025;19/12/2020;03:00:00;0.335
-5.925;107.025;19/12/2020;04:00:00;0.378
-5.925;107.025;19/12/2020;05:00:00;0.404
-5.925;107.025;19/12/2020;06:00:00;0.407
-5.925;107.025;19/12/2020;07:00:00;0.386
-5.925;107.025;19/12/2020;08:00:00;0.336
-5.925;107.025;19/12/2020;09:00:00;0.258
-5.925;107.025;19/12/2020;10:00:00;0.155
-5.925;107.025;19/12/2020;11:00:00;0.036
-5.925;107.025;19/12/2020;12:00:00;-0.09
-5.925;107.025;19/12/2020;13:00:00;-0.211
-5.925;107.025;19/12/2020;14:00:00;-0.314
-5.925;107.025;19/12/2020;15:00:00;-0.389
-5.925;107.025;19/12/2020;16:00:00;-0.429
-5.925;107.025;19/12/2020;17:00:00;-0.432
-5.925;107.025;19/12/2020;18:00:00;-0.398
-5.925;107.025;19/12/2020;19:00:00;-0.334
-5.925;107.025;19/12/2020;20:00:00;-0.249
-5.925;107.025;19/12/2020;21:00:00;-0.154
-5.925;107.025;19/12/2020;22:00:00;-0.057
-5.925;107.025;19/12/2020;23:00:00;0.034
-5.925;107.025;20/12/2020;00:00:00;0.113
-5.925;107.025;20/12/2020;01:00:00;0.177
-5.925;107.025;20/12/2020;02:00:00;0.227
-5.925;107.025;20/12/2020;03:00:00;0.263
-5.925;107.025;20/12/2020;04:00:00;0.288
-5.925;107.025;20/12/2020;05:00:00;0.301
-5.925;107.025;20/12/2020;06:00:00;0.302
-5.925;107.025;20/12/2020;07:00:00;0.288
-5.925;107.025;20/12/2020;08:00:00;0.259
-5.925;107.025;20/12/2020;09:00:00;0.21
-5.925;107.025;20/12/2020;10:00:00;0.144
-5.925;107.025;20/12/2020;11:00:00;0.06
-5.925;107.025;20/12/2020;12:00:00;-0.034
-5.925;107.025;20/12/2020;13:00:00;-0.132
-5.925;107.025;20/12/2020;14:00:00;-0.223
-5.925;107.025;20/12/2020;15:00:00;-0.296
-5.925;107.025;20/12/2020;16:00:00;-0.344
-5.925;107.025;20/12/2020;17:00:00;-0.359
-5.925;107.025;20/12/2020;18:00:00;-0.341
-5.925;107.025;20/12/2020;19:00:00;-0.291
-5.925;107.025;20/12/2020;20:00:00;-0.217
-5.925;107.025;20/12/2020;21:00:00;-0.128
-5.925;107.025;20/12/2020;22:00:00;-0.035
-5.925;107.025;20/12/2020;23:00:00;0.052
-5.925;107.025;21/12/2020;00:00:00;0.124
-5.925;107.025;21/12/2020;01:00:00;0.178
-5.925;107.025;21/12/2020;02:00:00;0.211
-5.925;107.025;21/12/2020;03:00:00;0.226
-5.925;107.025;21/12/2020;04:00:00;0.227
-5.925;107.025;21/12/2020;05:00:00;0.218
-5.925;107.025;21/12/2020;06:00:00;0.202
-5.925;107.025;21/12/2020;07:00:00;0.182
-5.925;107.025;21/12/2020;08:00:00;0.157
-5.925;107.025;21/12/2020;09:00:00;0.125
-5.925;107.025;21/12/2020;10:00:00;0.084
-5.925;107.025;21/12/2020;11:00:00;0.033
-5.925;107.025;21/12/2020;12:00:00;-0.028
-5.925;107.025;21/12/2020;13:00:00;-0.095
-5.925;107.025;21/12/2020;14:00:00;-0.163
-5.925;107.025;21/12/2020;15:00:00;-0.222
-5.925;107.025;21/12/2020;16:00:00;-0.265
-5.925;107.025;21/12/2020;17:00:00;-0.284
-5.925;107.025;21/12/2020;18:00:00;-0.274
-5.925;107.025;21/12/2020;19:00:00;-0.235
-5.925;107.025;21/12/2020;20:00:00;-0.17
-5.925;107.025;21/12/2020;21:00:00;-0.087
-5.925;107.025;21/12/2020;22:00:00;0.002
-5.925;107.025;21/12/2020;23:00:00;0.087
-5.925;107.025;22/12/2020;00:00:00;0.156
-5.925;107.025;22/12/2020;01:00:00;0.203
-5.925;107.025;22/12/2020;02:00:00;0.225
-5.925;107.025;22/12/2020;03:00:00;0.222
-5.925;107.025;22/12/2020;04:00:00;0.201
-5.925;107.025;22/12/2020;05:00:00;0.166
-5.925;107.025;22/12/2020;06:00:00;0.127
-5.925;107.025;22/12/2020;07:00:00;0.088
-5.925;107.025;22/12/2020;08:00:00;0.054
-5.925;107.025;22/12/2020;09:00:00;0.023
-5.925;107.025;22/12/2020;10:00:00;-0.004
-5.925;107.025;22/12/2020;11:00:00;-0.032
-5.925;107.025;22/12/2020;12:00:00;-0.064
-5.925;107.025;22/12/2020;13:00:00;-0.1
-5.925;107.025;22/12/2020;14:00:00;-0.139
-5.925;107.025;22/12/2020;15:00:00;-0.176
-5.925;107.025;22/12/2020;16:00:00;-0.205
-5.925;107.025;22/12/2020;17:00:00;-0.218
-5.925;107.025;22/12/2020;18:00:00;-0.209
-5.925;107.025;22/12/2020;19:00:00;-0.175
-5.925;107.025;22/12/2020;20:00:00;-0.117
-5.925;107.025;22/12/2020;21:00:00;-0.04
-5.925;107.025;22/12/2020;22:00:00;0.046
-5.925;107.025;22/12/2020;23:00:00;0.129
-5.925;107.025;23/12/2020;00:00:00;0.198
-5.925;107.025;23/12/2020;01:00:00;0.243
-5.925;107.025;23/12/2020;02:00:00;0.258
-5.925;107.025;23/12/2020;03:00:00;0.244
-5.925;107.025;23/12/2020;04:00:00;0.204
-5.925;107.025;23/12/2020;05:00:00;0.146
-5.925;107.025;23/12/2020;06:00:00;0.081
-5.925;107.025;23/12/2020;07:00:00;0.019
-5.925;107.025;23/12/2020;08:00:00;-0.035
-5.925;107.025;23/12/2020;09:00:00;-0.074
-5.925;107.025;23/12/2020;10:00:00;-0.101
-5.925;107.025;23/12/2020;11:00:00;-0.117
-5.925;107.025;23/12/2020;12:00:00;-0.128
-5.925;107.025;23/12/2020;13:00:00;-0.137
-5.925;107.025;23/12/2020;14:00:00;-0.148
-5.925;107.025;23/12/2020;15:00:00;-0.159
-5.925;107.025;23/12/2020;16:00:00;-0.168
-5.925;107.025;23/12/2020;17:00:00;-0.168
-5.925;107.025;23/12/2020;18:00:00;-0.154
-5.925;107.025;23/12/2020;19:00:00;-0.12
-5.925;107.025;23/12/2020;20:00:00;-0.065
-5.925;107.025;23/12/2020;21:00:00;0.007
-5.925;107.025;23/12/2020;22:00:00;0.09
-5.925;107.025;23/12/2020;23:00:00;0.172
-5.925;107.025;24/12/2020;00:00:00;0.242
-5.925;107.025;24/12/2020;01:00:00;0.287
-5.925;107.025;24/12/2020;02:00:00;0.301
-5.925;107.025;24/12/2020;03:00:00;0.28
-5.925;107.025;24/12/2020;04:00:00;0.228
-5.925;107.025;24/12/2020;05:00:00;0.152
-5.925;107.025;24/12/2020;06:00:00;0.064
-5.925;107.025;24/12/2020;07:00:00;-0.023
-5.925;107.025;24/12/2020;08:00:00;-0.099
-5.925;107.025;24/12/2020;09:00:00;-0.156
-5.925;107.025;24/12/2020;10:00:00;-0.191
-5.925;107.025;24/12/2020;11:00:00;-0.206
-5.925;107.025;24/12/2020;12:00:00;-0.205
-5.925;107.025;24/12/2020;13:00:00;-0.195
-5.925;107.025;24/12/2020;14:00:00;-0.182
-5.925;107.025;24/12/2020;15:00:00;-0.169
-5.925;107.025;24/12/2020;16:00:00;-0.155
-5.925;107.025;24/12/2020;17:00:00;-0.138
-5.925;107.025;24/12/2020;18:00:00;-0.113
-5.925;107.025;24/12/2020;19:00:00;-0.075
-5.925;107.025;24/12/2020;20:00:00;-0.02
-5.925;107.025;24/12/2020;21:00:00;0.05
-5.925;107.025;24/12/2020;22:00:00;0.13
-5.925;107.025;24/12/2020;23:00:00;0.212
-5.925;107.025;25/12/2020;00:00:00;0.283
-5.925;107.025;25/12/2020;01:00:00;0.331
-5.925;107.025;25/12/2020;02:00:00;0.347
-5.925;107.025;25/12/2020;03:00:00;0.326
-5.925;107.025;25/12/2020;04:00:00;0.267
-5.925;107.025;25/12/2020;05:00:00;0.179
-5.925;107.025;25/12/2020;06:00:00;0.073
-5.925;107.025;25/12/2020;07:00:00;-0.037
-5.925;107.025;25/12/2020;08:00:00;-0.137
-5.925;107.025;25/12/2020;09:00:00;-0.215
-5.925;107.025;25/12/2020;10:00:00;-0.266
-5.925;107.025;25/12/2020;11:00:00;-0.289
-5.925;107.025;25/12/2020;12:00:00;-0.286
-5.925;107.025;25/12/2020;13:00:00;-0.266
-5.925;107.025;25/12/2020;14:00:00;-0.235
-5.925;107.025;25/12/2020;15:00:00;-0.2
-5.925;107.025;25/12/2020;16:00:00;-0.165
-5.925;107.025;25/12/2020;17:00:00;-0.13
-5.925;107.025;25/12/2020;18:00:00;-0.091
-5.925;107.025;25/12/2020;19:00:00;-0.045
-5.925;107.025;25/12/2020;20:00:00;0.013
-5.925;107.025;25/12/2020;21:00:00;0.083
-5.925;107.025;25/12/2020;22:00:00;0.163
-5.925;107.025;25/12/2020;23:00:00;0.245
-5.925;107.025;26/12/2020;00:00:00;0.319
-5.925;107.025;26/12/2020;01:00:00;0.372
-5.925;107.025;26/12/2020;02:00:00;0.393
-5.925;107.025;26/12/2020;03:00:00;0.375
-5.925;107.025;26/12/2020;04:00:00;0.317
-5.925;107.025;26/12/2020;05:00:00;0.223
-5.925;107.025;26/12/2020;06:00:00;0.105
-5.925;107.025;26/12/2020;07:00:00;-0.023
-5.925;107.025;26/12/2020;08:00:00;-0.145
-5.925;107.025;26/12/2020;09:00:00;-0.247
-5.925;107.025;26/12/2020;10:00:00;-0.319
-5.925;107.025;26/12/2020;11:00:00;-0.357
-5.925;107.025;26/12/2020;12:00:00;-0.361
-5.925;107.025;26/12/2020;13:00:00;-0.34
-5.925;107.025;26/12/2020;14:00:00;-0.299
-5.925;107.025;26/12/2020;15:00:00;-0.25
-5.925;107.025;26/12/2020;16:00:00;-0.197
-5.925;107.025;26/12/2020;17:00:00;-0.144
-5.925;107.025;26/12/2020;18:00:00;-0.091
-5.925;107.025;26/12/2020;19:00:00;-0.034
-5.925;107.025;26/12/2020;20:00:00;0.03
-5.925;107.025;26/12/2020;21:00:00;0.103
-5.925;107.025;26/12/2020;22:00:00;0.184
-5.925;107.025;26/12/2020;23:00:00;0.268
-5.925;107.025;27/12/2020;00:00:00;0.346
-5.925;107.025;27/12/2020;01:00:00;0.405
-5.925;107.025;27/12/2020;02:00:00;0.435
-5.925;107.025;27/12/2020;03:00:00;0.425
-5.925;107.025;27/12/2020;04:00:00;0.373
-5.925;107.025;27/12/2020;05:00:00;0.281
-5.925;107.025;27/12/2020;06:00:00;0.158
-5.925;107.025;27/12/2020;07:00:00;0.018
-5.925;107.025;27/12/2020;08:00:00;-0.123
-5.925;107.025;27/12/2020;09:00:00;-0.248
-5.925;107.025;27/12/2020;10:00:00;-0.343
-5.925;107.025;27/12/2020;11:00:00;-0.402
-5.925;107.025;27/12/2020;12:00:00;-0.423
-5.925;107.025;27/12/2020;13:00:00;-0.409
-5.925;107.025;27/12/2020;14:00:00;-0.369
-5.925;107.025;27/12/2020;15:00:00;-0.312
-5.925;107.025;27/12/2020;16:00:00;-0.247
-5.925;107.025;27/12/2020;17:00:00;-0.18
-5.925;107.025;27/12/2020;18:00:00;-0.113
-5.925;107.025;27/12/2020;19:00:00;-0.045
-5.925;107.025;27/12/2020;20:00:00;0.026
-5.925;107.025;27/12/2020;21:00:00;0.104
-5.925;107.025;27/12/2020;22:00:00;0.189
-5.925;107.025;27/12/2020;23:00:00;0.276
-5.925;107.025;28/12/2020;00:00:00;0.359
-5.925;107.025;28/12/2020;01:00:00;0.427
-5.925;107.025;28/12/2020;02:00:00;0.468
-5.925;107.025;28/12/2020;03:00:00;0.471
-5.925;107.025;28/12/2020;04:00:00;0.431
-5.925;107.025;28/12/2020;05:00:00;0.347
-5.925;107.025;28/12/2020;06:00:00;0.227
-5.925;107.025;28/12/2020;07:00:00;0.081
-5.925;107.025;28/12/2020;08:00:00;-0.072
-5.925;107.025;28/12/2020;09:00:00;-0.216
-5.925;107.025;28/12/2020;10:00:00;-0.336
-5.925;107.025;28/12/2020;11:00:00;-0.419
-5.925;107.025;28/12/2020;12:00:00;-0.462
-5.925;107.025;28/12/2020;13:00:00;-0.464
-5.925;107.025;28/12/2020;14:00:00;-0.434
-5.925;107.025;28/12/2020;15:00:00;-0.379
-5.925;107.025;28/12/2020;16:00:00;-0.31
-5.925;107.025;28/12/2020;17:00:00;-0.234
-5.925;107.025;28/12/2020;18:00:00;-0.156
-5.925;107.025;28/12/2020;19:00:00;-0.078
-5.925;107.025;28/12/2020;20:00:00;0.002
-5.925;107.025;28/12/2020;21:00:00;0.086
-5.925;107.025;28/12/2020;22:00:00;0.176
-5.925;107.025;28/12/2020;23:00:00;0.267
-5.925;107.025;29/12/2020;00:00:00;0.356
-5.925;107.025;29/12/2020;01:00:00;0.433
-5.925;107.025;29/12/2020;02:00:00;0.487
-5.925;107.025;29/12/2020;03:00:00;0.505
-5.925;107.025;29/12/2020;04:00:00;0.482
-5.925;107.025;29/12/2020;05:00:00;0.413
-5.925;107.025;29/12/2020;06:00:00;0.303
-5.925;107.025;29/12/2020;07:00:00;0.161
-5.925;107.025;29/12/2020;08:00:00;0.002
-5.925;107.025;29/12/2020;09:00:00;-0.156
-5.925;107.025;29/12/2020;10:00:00;-0.296
-5.925;107.025;29/12/2020;11:00:00;-0.404
-5.925;107.025;29/12/2020;12:00:00;-0.472
-5.925;107.025;29/12/2020;13:00:00;-0.498
-5.925;107.025;29/12/2020;14:00:00;-0.485
-5.925;107.025;29/12/2020;15:00:00;-0.441
-5.925;107.025;29/12/2020;16:00:00;-0.375
-5.925;107.025;29/12/2020;17:00:00;-0.297
-5.925;107.025;29/12/2020;18:00:00;-0.213
-5.925;107.025;29/12/2020;19:00:00;-0.127
-5.925;107.025;29/12/2020;20:00:00;-0.039
-5.925;107.025;29/12/2020;21:00:00;0.051
-5.925;107.025;29/12/2020;22:00:00;0.145
-5.925;107.025;29/12/2020;23:00:00;0.242
-5.925;107.025;30/12/2020;00:00:00;0.337
-5.925;107.025;30/12/2020;01:00:00;0.422
-5.925;107.025;30/12/2020;02:00:00;0.487
-5.925;107.025;30/12/2020;03:00:00;0.522
-5.925;107.025;30/12/2020;04:00:00;0.517
-5.925;107.025;30/12/2020;05:00:00;0.468
-5.925;107.025;30/12/2020;06:00:00;0.375
-5.925;107.025;30/12/2020;07:00:00;0.244
-5.925;107.025;30/12/2020;08:00:00;0.089
-5.925;107.025;30/12/2020;09:00:00;-0.074
-5.925;107.025;30/12/2020;10:00:00;-0.228
-5.925;107.025;30/12/2020;11:00:00;-0.358
-5.925;107.025;30/12/2020;12:00:00;-0.451
-5.925;107.025;30/12/2020;13:00:00;-0.503
-5.925;107.025;30/12/2020;14:00:00;-0.513
-5.925;107.025;30/12/2020;15:00:00;-0.487
-5.925;107.025;30/12/2020;16:00:00;-0.433
-5.925;107.025;30/12/2020;17:00:00;-0.36
-5.925;107.025;30/12/2020;18:00:00;-0.275
-5.925;107.025;30/12/2020;19:00:00;-0.185
-5.925;107.025;30/12/2020;20:00:00;-0.091
-5.925;107.025;30/12/2020;21:00:00;0.005
-5.925;107.025;30/12/2020;22:00:00;0.103
-5.925;107.025;30/12/2020;23:00:00;0.203
-5.925;107.025;31/12/2020;00:00:00;0.302
-5.925;107.025;31/12/2020;01:00:00;0.393
-5.925;107.025;31/12/2020;02:00:00;0.468
-5.925;107.025;31/12/2020;03:00:00;0.517
-5.925;107.025;31/12/2020;04:00:00;0.53
-5.925;107.025;31/12/2020;05:00:00;0.502
-5.925;107.025;31/12/2020;06:00:00;0.429
-5.925;107.025;31/12/2020;07:00:00;0.317
-5.925;107.025;31/12/2020;08:00:00;0.174
-5.925;107.025;31/12/2020;09:00:00;0.015
-5.925;107.025;31/12/2020;10:00:00;-0.144
-5.925;107.025;31/12/2020;11:00:00;-0.287
-5.925;107.025;31/12/2020;12:00:00;-0.402
-5.925;107.025;31/12/2020;13:00:00;-0.478
-5.925;107.025;31/12/2020;14:00:00;-0.514
-5.925;107.025;31/12/2020;15:00:00;-0.51
-5.925;107.025;31/12/2020;16:00:00;-0.473
-5.925;107.025;31/12/2020;17:00:00;-0.411
-5.925;107.025;31/12/2020;18:00:00;-0.331
-5.925;107.025;31/12/2020;19:00:00;-0.241
-5.925;107.025;31/12/2020;20:00:00;-0.145
-5.925;107.025;31/12/2020;21:00:00;-0.045
-5.925;107.025;31/12/2020;22:00:00;0.056
-5.925;107.025;31/12/2020;23:00:00;0.158
